2026-05-04 17:13:31,891 - carla_training - INFO - Using device: cuda
2026-05-04 17:13:32,819 - carla_training - INFO - Creating new log directory: ./tensorboard_logs/trained_ssl_rl\carla_ppo_20260504_171332
2026-05-04 17:13:32,824 - carla_training - INFO - ✅ TensorBoard writer initialized successfully
2026-05-04 17:13:32,824 - carla_training - INFO - 
==================================================
2026-05-04 17:13:32,824 - carla_training - INFO - CARLA RL Training Configuration:
2026-05-04 17:13:32,824 - carla_training - INFO - - Total Episodes Target: 10000
2026-05-04 17:13:32,824 - carla_training - INFO - - Current Episode: 0
2026-05-04 17:13:32,824 - carla_training - INFO - - Remaining Episodes: 10000
2026-05-04 17:13:32,824 - carla_training - INFO - - Town: Town01
2026-05-04 17:13:32,824 - carla_training - INFO - - Device: cuda
2026-05-04 17:13:32,824 - carla_training - INFO - - Learning Rate: 0.0003
2026-05-04 17:13:32,824 - carla_training - INFO - - Batch Size: 128
2026-05-04 17:13:32,824 - carla_training - INFO - - Debug Route: False
2026-05-04 17:13:32,824 - carla_training - INFO - - Log Directory: ./tensorboard_logs/trained_ssl_rl\carla_ppo_20260504_171332
2026-05-04 17:13:32,824 - carla_training - INFO - ==================================================

2026-05-04 17:13:32,824 - carla_training - INFO - Creating environment...
2026-05-04 17:13:33,511 - timm.models.helpers - INFO - Loading pretrained weights from url (https://dl.fbaipublicfiles.com/convnext/convnext_tiny_1k_224_ema.pth)
2026-05-04 17:13:33,629 - timm.models.helpers - INFO - Converted input conv stem.0 pretrained weights from 3 to 1 channel(s)
2026-05-04 17:13:34,347 - carla_training - WARNING - SSL checkpoint not found at checkpoints/ssl/pretrained_perception.pth
2026-05-04 17:13:34,347 - carla_training - INFO - ⚠️ Using default initialization for perception system
2026-05-04 17:13:55,581 - carla_training - ERROR - ⚠️ CARLA connection attempt 1 failed: time-out of 20000ms while waiting for the simulator, make sure the simulator is ready and connected to localhost:2000
2026-05-04 17:14:20,605 - carla_training - ERROR - ⚠️ CARLA connection attempt 2 failed: time-out of 20000ms while waiting for the simulator, make sure the simulator is ready and connected to localhost:2000
2026-05-04 17:14:45,622 - carla_training - ERROR - ⚠️ CARLA connection attempt 3 failed: time-out of 20000ms while waiting for the simulator, make sure the simulator is ready and connected to localhost:2000
2026-05-04 17:16:59,578 - carla_training - INFO - Using device: cuda
2026-05-04 17:17:00,631 - carla_training - INFO - Creating new log directory: ./tensorboard_logs/trained_ssl_rl\carla_ppo_20260504_171700
2026-05-04 17:17:00,635 - carla_training - INFO - ✅ TensorBoard writer initialized successfully
2026-05-04 17:17:00,636 - carla_training - INFO - 
==================================================
2026-05-04 17:17:00,636 - carla_training - INFO - CARLA RL Training Configuration:
2026-05-04 17:17:00,636 - carla_training - INFO - - Total Episodes Target: 10000
2026-05-04 17:17:00,636 - carla_training - INFO - - Current Episode: 0
2026-05-04 17:17:00,636 - carla_training - INFO - - Remaining Episodes: 10000
2026-05-04 17:17:00,636 - carla_training - INFO - - Town: Town01
2026-05-04 17:17:00,636 - carla_training - INFO - - Device: cuda
2026-05-04 17:17:00,636 - carla_training - INFO - - Learning Rate: 0.0003
2026-05-04 17:17:00,636 - carla_training - INFO - - Batch Size: 128
2026-05-04 17:17:00,636 - carla_training - INFO - - Debug Route: False
2026-05-04 17:17:00,636 - carla_training - INFO - - Log Directory: ./tensorboard_logs/trained_ssl_rl\carla_ppo_20260504_171700
2026-05-04 17:17:00,636 - carla_training - INFO - ==================================================

2026-05-04 17:17:00,636 - carla_training - INFO - Creating environment...
2026-05-04 17:17:01,614 - timm.models.helpers - INFO - Loading pretrained weights from url (https://dl.fbaipublicfiles.com/convnext/convnext_tiny_1k_224_ema.pth)
2026-05-04 17:17:01,908 - timm.models.helpers - INFO - Converted input conv stem.0 pretrained weights from 3 to 1 channel(s)
2026-05-04 17:17:03,202 - carla_training - WARNING - SSL checkpoint not found at checkpoints/ssl/pretrained_perception.pth
2026-05-04 17:17:03,202 - carla_training - INFO - ⚠️ Using default initialization for perception system
2026-05-04 17:17:13,969 - carla_training - INFO - 🚗 Vehicle spawned and stabilized!
2026-05-04 17:17:14,009 - carla_training - INFO - ✅ Generated 30 waypoints for navigation
2026-05-04 17:17:14,009 - carla_training - INFO -    Complexity: 0 junctions, 0 turns (0.0% turn rate)
2026-05-04 17:17:14,009 - carla_training - INFO - ✅ Connected to CARLA and loaded Town01
2026-05-04 17:17:14,011 - carla_training - INFO - Creating new PPO model...
2026-05-04 17:17:14,057 - carla_training - INFO - 
Continuing training for 10000 more episodes...
2026-05-04 17:17:14,114 - carla_training - INFO - 🚗 Vehicle spawned and stabilized!
2026-05-04 17:17:14,125 - carla_training - INFO - ✅ Generated 30 waypoints for navigation
2026-05-04 17:17:14,125 - carla_training - INFO -    Complexity: 0 junctions, 0 turns (0.0% turn rate)
2026-05-04 17:17:41,379 - carla_training - INFO - ⚠️ Collision detected with static.prop.mesh!
2026-05-04 17:17:41,690 - carla_training - INFO - 
==================================================
2026-05-04 17:17:41,690 - carla_training - INFO - Episode 1 Summary:
2026-05-04 17:17:41,690 - carla_training - INFO - - Termination Reason: collision
2026-05-04 17:17:41,691 - carla_training - INFO - - Total Reward: -47.01
2026-05-04 17:17:41,691 - carla_training - INFO - - Steps: 77
2026-05-04 17:17:41,691 - carla_training - INFO - - Duration: 27.63 seconds
2026-05-04 17:17:41,691 - carla_training - INFO - - Average Speed: 16.53 km/h
2026-05-04 17:17:41,691 - carla_training - INFO - - Max Speed: 29.96 km/h
2026-05-04 17:17:41,691 - carla_training - INFO - - Total Distance: 17.52 meters
2026-05-04 17:17:41,691 - carla_training - INFO - - Average Lane Deviation: 0.62 meters
2026-05-04 17:17:41,691 - carla_training - INFO - - Waypoints Reached: 6
2026-05-04 17:17:41,691 - carla_training - INFO - ==================================================

2026-05-04 17:17:41,737 - carla_training - INFO - 🚗 Vehicle spawned and stabilized!
2026-05-04 17:17:41,745 - carla_training - INFO - ✅ Generated 30 waypoints for navigation
2026-05-04 17:17:41,745 - carla_training - INFO -    Complexity: 0 junctions, 0 turns (0.0% turn rate)
2026-05-04 17:18:10,049 - carla_training - INFO - ⚠️ Collision detected with static.static!
2026-05-04 17:18:10,365 - carla_training - INFO - 
==================================================
2026-05-04 17:18:10,365 - carla_training - INFO - Episode 2 Summary:
2026-05-04 17:18:10,365 - carla_training - INFO - - Termination Reason: collision
2026-05-04 17:18:10,365 - carla_training - INFO - - Total Reward: -46.66
2026-05-04 17:18:10,365 - carla_training - INFO - - Steps: 68
2026-05-04 17:18:10,365 - carla_training - INFO - - Duration: 28.67 seconds
2026-05-04 17:18:10,365 - carla_training - INFO - - Average Speed: 15.63 km/h
2026-05-04 17:18:10,365 - carla_training - INFO - - Max Speed: 26.38 km/h
2026-05-04 17:18:10,365 - carla_training - INFO - - Total Distance: 14.73 meters
2026-05-04 17:18:10,365 - carla_training - INFO - - Average Lane Deviation: 0.96 meters
2026-05-04 17:18:10,366 - carla_training - INFO - - Waypoints Reached: 5
2026-05-04 17:18:10,366 - carla_training - INFO - ==================================================

2026-05-04 17:18:10,438 - carla_training - INFO - 🚗 Vehicle spawned and stabilized!
2026-05-04 17:18:10,453 - carla_training - INFO - ✅ Generated 30 waypoints for navigation
2026-05-04 17:18:10,454 - carla_training - INFO -    Complexity: 0 junctions, 0 turns (0.0% turn rate)
2026-05-04 17:18:40,748 - carla_training - INFO - ⚠️ Collision detected with static.prop.mesh!
2026-05-04 17:18:41,065 - carla_training - INFO - 
==================================================
2026-05-04 17:18:41,065 - carla_training - INFO - Episode 3 Summary:
2026-05-04 17:18:41,065 - carla_training - INFO - - Termination Reason: collision
2026-05-04 17:18:41,065 - carla_training - INFO - - Total Reward: -37.38
2026-05-04 17:18:41,066 - carla_training - INFO - - Steps: 80
2026-05-04 17:18:41,066 - carla_training - INFO - - Duration: 30.70 seconds
2026-05-04 17:18:41,066 - carla_training - INFO - - Average Speed: 16.77 km/h
2026-05-04 17:18:41,066 - carla_training - INFO - - Max Speed: 30.68 km/h
2026-05-04 17:18:41,066 - carla_training - INFO - - Total Distance: 18.46 meters
2026-05-04 17:18:41,066 - carla_training - INFO - - Average Lane Deviation: 0.46 meters
2026-05-04 17:18:41,066 - carla_training - INFO - - Waypoints Reached: 7
2026-05-04 17:18:41,066 - carla_training - INFO - ==================================================

2026-05-04 17:18:41,110 - carla_training - INFO - 🚗 Vehicle spawned and stabilized!
2026-05-04 17:18:41,120 - carla_training - INFO - ✅ Generated 30 waypoints for navigation
2026-05-04 17:18:41,120 - carla_training - INFO -    Complexity: 0 junctions, 0 turns (0.0% turn rate)
2026-05-04 17:19:10,709 - carla_training - INFO - ⚠️ Collision detected with static.pole!
2026-05-04 17:19:11,030 - carla_training - INFO - 
==================================================
2026-05-04 17:19:11,030 - carla_training - INFO - Episode 4 Summary:
2026-05-04 17:19:11,030 - carla_training - INFO - - Termination Reason: collision
2026-05-04 17:19:11,030 - carla_training - INFO - - Total Reward: -42.22
2026-05-04 17:19:11,030 - carla_training - INFO - - Steps: 88
2026-05-04 17:19:11,030 - carla_training - INFO - - Duration: 29.96 seconds
2026-05-04 17:19:11,030 - carla_training - INFO - - Average Speed: 18.95 km/h
2026-05-04 17:19:11,030 - carla_training - INFO - - Max Speed: 38.53 km/h
2026-05-04 17:19:11,030 - carla_training - INFO - - Total Distance: 22.94 meters
2026-05-04 17:19:11,030 - carla_training - INFO - - Average Lane Deviation: 0.66 meters
2026-05-04 17:19:11,030 - carla_training - INFO - - Waypoints Reached: 7
2026-05-04 17:19:11,030 - carla_training - INFO - ==================================================

2026-05-04 17:19:11,071 - carla_training - INFO - 🚗 Vehicle spawned and stabilized!
2026-05-04 17:19:11,081 - carla_training - INFO - ✅ Generated 30 waypoints for navigation
2026-05-04 17:19:11,081 - carla_training - INFO -    Complexity: 0 junctions, 0 turns (0.0% turn rate)
2026-05-04 17:19:43,584 - carla_training - INFO - ⚠️ Collision detected with static.static!
2026-05-04 17:19:43,910 - carla_training - INFO - 
==================================================
2026-05-04 17:19:43,910 - carla_training - INFO - Episode 5 Summary:
2026-05-04 17:19:43,910 - carla_training - INFO - - Termination Reason: collision
2026-05-04 17:19:43,910 - carla_training - INFO - - Total Reward: -40.08
2026-05-04 17:19:43,910 - carla_training - INFO - - Steps: 88
2026-05-04 17:19:43,910 - carla_training - INFO - - Duration: 32.88 seconds
2026-05-04 17:19:43,910 - carla_training - INFO - - Average Speed: 16.84 km/h
2026-05-04 17:19:43,910 - carla_training - INFO - - Max Speed: 30.90 km/h
2026-05-04 17:19:43,910 - carla_training - INFO - - Total Distance: 20.52 meters
2026-05-04 17:19:43,911 - carla_training - INFO - - Average Lane Deviation: 0.99 meters
2026-05-04 17:19:43,911 - carla_training - INFO - - Waypoints Reached: 9
2026-05-04 17:19:43,911 - carla_training - INFO - ==================================================

2026-05-04 17:19:43,947 - carla_training - INFO - 🚗 Vehicle spawned and stabilized!
2026-05-04 17:19:43,957 - carla_training - INFO - ✅ Generated 30 waypoints for navigation
2026-05-04 17:19:43,957 - carla_training - INFO -    Complexity: 0 junctions, 0 turns (0.0% turn rate)
2026-05-04 17:20:26,877 - carla_training - INFO - ⚠️ Collision detected with static.pole!
2026-05-04 17:20:27,298 - carla_training - INFO - 
==================================================
2026-05-04 17:20:27,298 - carla_training - INFO - Episode 6 Summary:
2026-05-04 17:20:27,298 - carla_training - INFO - - Termination Reason: collision
2026-05-04 17:20:27,298 - carla_training - INFO - - Total Reward: -53.23
2026-05-04 17:20:27,299 - carla_training - INFO - - Steps: 112
2026-05-04 17:20:27,299 - carla_training - INFO - - Duration: 43.39 seconds
2026-05-04 17:20:27,299 - carla_training - INFO - - Average Speed: 24.36 km/h
2026-05-04 17:20:27,299 - carla_training - INFO - - Max Speed: 40.55 km/h
2026-05-04 17:20:27,299 - carla_training - INFO - - Total Distance: 37.75 meters
2026-05-04 17:20:27,299 - carla_training - INFO - - Average Lane Deviation: 0.73 meters
2026-05-04 17:20:27,299 - carla_training - INFO - - Waypoints Reached: 18
2026-05-04 17:20:27,299 - carla_training - INFO - ==================================================

2026-05-04 17:20:27,347 - carla_training - INFO - 🚗 Vehicle spawned and stabilized!
2026-05-04 17:20:27,355 - carla_training - INFO - ✅ Generated 30 waypoints for navigation
2026-05-04 17:20:27,355 - carla_training - INFO -    Complexity: 0 junctions, 0 turns (0.0% turn rate)
2026-05-04 17:20:56,269 - carla_training - INFO - ⚠️ Collision detected with static.prop.mesh!
2026-05-04 17:20:56,638 - carla_training - INFO - 
==================================================
2026-05-04 17:20:56,638 - carla_training - INFO - Episode 7 Summary:
2026-05-04 17:20:56,638 - carla_training - INFO - - Termination Reason: collision
2026-05-04 17:20:56,638 - carla_training - INFO - - Total Reward: -43.80
2026-05-04 17:20:56,638 - carla_training - INFO - - Steps: 70
2026-05-04 17:20:56,639 - carla_training - INFO - - Duration: 29.34 seconds
2026-05-04 17:20:56,639 - carla_training - INFO - - Average Speed: 14.85 km/h
2026-05-04 17:20:56,639 - carla_training - INFO - - Max Speed: 27.61 km/h
2026-05-04 17:20:56,639 - carla_training - INFO - - Total Distance: 14.28 meters
2026-05-04 17:20:56,639 - carla_training - INFO - - Average Lane Deviation: 0.47 meters
2026-05-04 17:20:56,639 - carla_training - INFO - - Waypoints Reached: 5
2026-05-04 17:20:56,639 - carla_training - INFO - ==================================================

2026-05-04 17:20:56,682 - carla_training - INFO - 🚗 Vehicle spawned and stabilized!
2026-05-04 17:20:56,693 - carla_training - INFO - ✅ Generated 31 waypoints for navigation
2026-05-04 17:20:56,693 - carla_training - INFO -    Complexity: 0 junctions, 0 turns (0.0% turn rate)
2026-05-04 17:21:33,719 - carla_training - INFO - ⚠️ Collision detected with static.prop.mesh!
2026-05-04 17:21:34,223 - carla_training - INFO - 
==================================================
2026-05-04 17:21:34,224 - carla_training - INFO - Episode 8 Summary:
2026-05-04 17:21:34,224 - carla_training - INFO - - Termination Reason: collision
2026-05-04 17:21:34,224 - carla_training - INFO - - Total Reward: -42.03
2026-05-04 17:21:34,224 - carla_training - INFO - - Steps: 77
2026-05-04 17:21:34,224 - carla_training - INFO - - Duration: 37.58 seconds
2026-05-04 17:21:34,225 - carla_training - INFO - - Average Speed: 15.29 km/h
2026-05-04 17:21:34,225 - carla_training - INFO - - Max Speed: 29.48 km/h
2026-05-04 17:21:34,225 - carla_training - INFO - - Total Distance: 16.20 meters
2026-05-04 17:21:34,225 - carla_training - INFO - - Average Lane Deviation: 0.58 meters
2026-05-04 17:21:34,225 - carla_training - INFO - - Waypoints Reached: 6
2026-05-04 17:21:34,225 - carla_training - INFO - ==================================================

2026-05-04 17:21:34,267 - carla_training - INFO - 🚗 Vehicle spawned and stabilized!
2026-05-04 17:21:34,277 - carla_training - INFO - ✅ Generated 31 waypoints for navigation
2026-05-04 17:21:34,277 - carla_training - INFO -    Complexity: 0 junctions, 0 turns (0.0% turn rate)
2026-05-04 17:22:33,452 - carla_training - INFO - ⚠️ Collision detected with static.vegetation!
2026-05-04 17:22:33,941 - carla_training - INFO - 
==================================================
2026-05-04 17:22:33,941 - carla_training - INFO - Episode 9 Summary:
2026-05-04 17:22:33,942 - carla_training - INFO - - Termination Reason: collision
2026-05-04 17:22:33,942 - carla_training - INFO - - Total Reward: -35.77
2026-05-04 17:22:33,942 - carla_training - INFO - - Steps: 140
2026-05-04 17:22:33,942 - carla_training - INFO - - Duration: 59.72 seconds
2026-05-04 17:22:33,942 - carla_training - INFO - - Average Speed: 23.05 km/h
2026-05-04 17:22:33,942 - carla_training - INFO - - Max Speed: 40.34 km/h
2026-05-04 17:22:33,942 - carla_training - INFO - - Total Distance: 44.70 meters
2026-05-04 17:22:33,942 - carla_training - INFO - - Average Lane Deviation: 0.86 meters
2026-05-04 17:22:33,942 - carla_training - INFO - - Waypoints Reached: 13
2026-05-04 17:22:33,942 - carla_training - INFO - ==================================================

2026-05-04 17:22:33,978 - carla_training - INFO - 🚗 Vehicle spawned and stabilized!
2026-05-04 17:22:33,986 - carla_training - INFO - ✅ Generated 31 waypoints for navigation
2026-05-04 17:22:33,986 - carla_training - INFO -    Complexity: 0 junctions, 0 turns (0.0% turn rate)
2026-05-04 17:24:04,754 - carla_training - INFO - 
Training speed: 2 fps | Total steps: 1000
2026-05-04 17:28:45,786 - carla_training - INFO - Using device: cuda
2026-05-04 17:28:46,992 - carla_training - INFO - Creating new log directory: ./tensorboard_logs/trained_ssl_rl\carla_ppo_20260504_172846
2026-05-04 17:28:46,997 - carla_training - INFO - ✅ TensorBoard writer initialized successfully
2026-05-04 17:28:46,998 - carla_training - INFO - 
==================================================
2026-05-04 17:28:46,998 - carla_training - INFO - CARLA RL Training Configuration:
2026-05-04 17:28:46,998 - carla_training - INFO - - Total Episodes Target: 50
2026-05-04 17:28:46,998 - carla_training - INFO - - Current Episode: 0
2026-05-04 17:28:46,998 - carla_training - INFO - - Remaining Episodes: 50
2026-05-04 17:28:46,998 - carla_training - INFO - - Town: Town01
2026-05-04 17:28:46,998 - carla_training - INFO - - Device: cuda
2026-05-04 17:28:46,998 - carla_training - INFO - - Learning Rate: 0.0003
2026-05-04 17:28:46,998 - carla_training - INFO - - Batch Size: 128
2026-05-04 17:28:46,998 - carla_training - INFO - - Debug Route: False
2026-05-04 17:28:46,998 - carla_training - INFO - - Log Directory: ./tensorboard_logs/trained_ssl_rl\carla_ppo_20260504_172846
2026-05-04 17:28:46,998 - carla_training - INFO - ==================================================

2026-05-04 17:28:46,998 - carla_training - INFO - Creating environment...
2026-05-04 17:28:48,287 - timm.models.helpers - INFO - Loading pretrained weights from url (https://dl.fbaipublicfiles.com/convnext/convnext_tiny_1k_224_ema.pth)
2026-05-04 17:28:48,464 - timm.models.helpers - INFO - Converted input conv stem.0 pretrained weights from 3 to 1 channel(s)
2026-05-04 17:28:49,847 - carla_training - WARNING - SSL checkpoint not found at checkpoints/ssl/pretrained_perception.pth
2026-05-04 17:28:49,847 - carla_training - INFO - ⚠️ Using default initialization for perception system
2026-05-04 17:29:20,739 - carla_training - ERROR - ⚠️ CARLA connection attempt 1 failed: time-out of 20000ms while waiting for the simulator, make sure the simulator is ready and connected to localhost:2000
2026-05-04 17:29:21,002 - carla_training - ERROR - Exception in off-road check: time-out of 20000ms while waiting for the simulator, make sure the simulator is ready and connected to localhost:2000
2026-05-04 17:29:21,005 - carla_training - INFO - 
==================================================
2026-05-04 17:29:21,005 - carla_training - INFO - Episode 10 Summary:
2026-05-04 17:29:21,005 - carla_training - INFO - - Termination Reason: reward_based
2026-05-04 17:29:21,005 - carla_training - INFO - - Total Reward: -33.60
2026-05-04 17:29:21,005 - carla_training - INFO - - Steps: 819
2026-05-04 17:29:21,005 - carla_training - INFO - - Duration: 407.06 seconds
2026-05-04 17:29:21,005 - carla_training - INFO - - Average Speed: 0.18 km/h
2026-05-04 17:29:21,005 - carla_training - INFO - - Max Speed: 2.93 km/h
2026-05-04 17:29:21,005 - carla_training - INFO - - Total Distance: 305.77 meters
2026-05-04 17:29:21,006 - carla_training - INFO - - Average Lane Deviation: 0.13 meters
2026-05-04 17:29:21,006 - carla_training - INFO - - Waypoints Reached: 2
2026-05-04 17:29:21,006 - carla_training - INFO - ==================================================

2026-05-04 17:29:38,993 - carla_training - INFO - Using device: cuda
2026-05-04 17:29:39,821 - carla_training - INFO - Creating new log directory: ./tensorboard_logs/trained_ssl_rl\carla_ppo_20260504_172939
2026-05-04 17:29:39,826 - carla_training - INFO - ✅ TensorBoard writer initialized successfully
2026-05-04 17:29:39,826 - carla_training - INFO - 
==================================================
2026-05-04 17:29:39,826 - carla_training - INFO - CARLA RL Training Configuration:
2026-05-04 17:29:39,826 - carla_training - INFO - - Total Episodes Target: 20
2026-05-04 17:29:39,826 - carla_training - INFO - - Current Episode: 0
2026-05-04 17:29:39,826 - carla_training - INFO - - Remaining Episodes: 20
2026-05-04 17:29:39,826 - carla_training - INFO - - Town: Town01
2026-05-04 17:29:39,827 - carla_training - INFO - - Device: cuda
2026-05-04 17:29:39,827 - carla_training - INFO - - Learning Rate: 0.0003
2026-05-04 17:29:39,827 - carla_training - INFO - - Batch Size: 128
2026-05-04 17:29:39,827 - carla_training - INFO - - Debug Route: False
2026-05-04 17:29:39,827 - carla_training - INFO - - Log Directory: ./tensorboard_logs/trained_ssl_rl\carla_ppo_20260504_172939
2026-05-04 17:29:39,827 - carla_training - INFO - ==================================================

2026-05-04 17:29:39,827 - carla_training - INFO - Creating environment...
2026-05-04 17:29:40,557 - timm.models.helpers - INFO - Loading pretrained weights from url (https://dl.fbaipublicfiles.com/convnext/convnext_tiny_1k_224_ema.pth)
2026-05-04 17:29:40,654 - timm.models.helpers - INFO - Converted input conv stem.0 pretrained weights from 3 to 1 channel(s)
2026-05-04 17:29:41,481 - carla_training - WARNING - SSL checkpoint not found at checkpoints/ssl/pretrained_perception.pth
2026-05-04 17:29:41,481 - carla_training - INFO - ⚠️ Using default initialization for perception system
2026-05-04 17:29:45,767 - carla_training - ERROR - ⚠️ CARLA connection attempt 2 failed: time-out of 20000ms while waiting for the simulator, make sure the simulator is ready and connected to localhost:2000
2026-05-04 17:30:03,259 - carla_training - ERROR - ⚠️ CARLA connection attempt 1 failed: time-out of 20000ms while waiting for the simulator, make sure the simulator is ready and connected to localhost:2000
2026-05-04 17:30:10,796 - carla_training - ERROR - ⚠️ CARLA connection attempt 3 failed: time-out of 20000ms while waiting for the simulator, make sure the simulator is ready and connected to localhost:2000
2026-05-04 17:30:28,285 - carla_training - ERROR - ⚠️ CARLA connection attempt 2 failed: time-out of 20000ms while waiting for the simulator, make sure the simulator is ready and connected to localhost:2000
2026-05-04 17:38:57,990 - carla_training - INFO - Using device: cuda
2026-05-04 17:41:16,431 - carla_training - INFO - Using device: cuda
2026-05-04 17:41:17,553 - carla_training - INFO - Creating new log directory: ./tensorboard_logs/trained_ssl_rl\carla_ppo_20260504_174117
2026-05-04 17:41:17,558 - carla_training - INFO - ✅ TensorBoard writer initialized successfully
2026-05-04 17:41:17,559 - carla_training - INFO - 
==================================================
2026-05-04 17:41:17,559 - carla_training - INFO - CARLA RL Training Configuration:
2026-05-04 17:41:17,559 - carla_training - INFO - - Total Episodes Target: 10000
2026-05-04 17:41:17,559 - carla_training - INFO - - Current Episode: 0
2026-05-04 17:41:17,559 - carla_training - INFO - - Remaining Episodes: 10000
2026-05-04 17:41:17,559 - carla_training - INFO - - Town: Town01
2026-05-04 17:41:17,559 - carla_training - INFO - - Device: cuda
2026-05-04 17:41:17,559 - carla_training - INFO - - Learning Rate: 0.0003
2026-05-04 17:41:17,559 - carla_training - INFO - - Batch Size: 128
2026-05-04 17:41:17,559 - carla_training - INFO - - Debug Route: False
2026-05-04 17:41:17,559 - carla_training - INFO - - Log Directory: ./tensorboard_logs/trained_ssl_rl\carla_ppo_20260504_174117
2026-05-04 17:41:17,559 - carla_training - INFO - ==================================================

2026-05-04 17:41:17,559 - carla_training - INFO - Creating environment...
2026-05-04 17:41:18,583 - timm.models.helpers - INFO - Loading pretrained weights from url (https://dl.fbaipublicfiles.com/convnext/convnext_tiny_1k_224_ema.pth)
2026-05-04 17:41:18,804 - timm.models.helpers - INFO - Converted input conv stem.0 pretrained weights from 3 to 1 channel(s)
2026-05-04 17:41:19,934 - carla_training - WARNING - SSL checkpoint not found at checkpoints/ssl/pretrained_perception.pth
2026-05-04 17:41:19,934 - carla_training - INFO - ⚠️ Using default initialization for perception system
2026-05-04 17:41:31,698 - carla_training - INFO - 🚗 Vehicle spawned and stabilized!
2026-05-04 17:41:31,755 - carla_training - INFO - ✅ Generated 30 waypoints for navigation
2026-05-04 17:41:31,756 - carla_training - INFO -    Complexity: 0 junctions, 0 turns (0.0% turn rate)
2026-05-04 17:41:31,756 - carla_training - INFO - ✅ Connected to CARLA and loaded Town01
2026-05-04 17:41:31,759 - carla_training - INFO - Creating new PPO model...
2026-05-04 17:41:31,815 - carla_training - INFO - 
Continuing training for 10000 more episodes...
2026-05-04 17:41:31,879 - carla_training - INFO - 🚗 Vehicle spawned and stabilized!
2026-05-04 17:41:31,893 - carla_training - INFO - ✅ Generated 30 waypoints for navigation
2026-05-04 17:41:31,893 - carla_training - INFO -    Complexity: 0 junctions, 0 turns (0.0% turn rate)
2026-05-04 17:41:38,723 - carla_training - INFO - Step 10 | Speed: 0.0 km/h | Pos: (234.7, 195.3, 0.0) | Dist: 0.12m | Reward: 0.000 | Collisions: 0 | Waypoints: 1/30
2026-05-04 17:41:41,978 - carla_training - INFO - Step 20 | Speed: 10.9 km/h | Pos: (233.8, 195.1, 0.0) | Dist: 0.04m | Reward: 0.327 | Collisions: 0 | Waypoints: 1/30
2026-05-04 17:41:45,212 - carla_training - INFO - Step 30 | Speed: 15.4 km/h | Pos: (232.0, 195.1, 0.0) | Dist: 0.02m | Reward: 0.255 | Collisions: 0 | Waypoints: 2/30
2026-05-04 17:41:48,479 - carla_training - INFO - Step 40 | Speed: 18.7 km/h | Pos: (229.7, 195.7, 0.0) | Dist: 0.59m | Reward: 0.104 | Collisions: 0 | Waypoints: 3/30
2026-05-04 17:41:51,756 - carla_training - INFO - Step 50 | Speed: 21.3 km/h | Pos: (227.0, 196.3, 0.0) | Dist: 1.18m | Reward: 0.000 | Collisions: 0 | Waypoints: 5/30
2026-05-04 17:41:55,099 - carla_training - INFO - Step 60 | Speed: 24.5 km/h | Pos: (223.9, 197.3, 0.0) | Dist: 1.81m | Reward: 0.000 | Collisions: 0 | Waypoints: 6/30
2026-05-04 17:41:58,402 - carla_training - INFO - Step 70 | Speed: 27.5 km/h | Pos: (221.0, 199.4, 0.0) | Dist: 0.21m | Reward: 0.000 | Collisions: 0 | Waypoints: 6/30
2026-05-04 17:42:00,353 - carla_training - INFO - ⚠️ Collision #1 detected with static.prop.mesh!
2026-05-04 17:42:00,675 - carla_training - INFO - ⚠️ Collision #2 detected with static.prop.mesh!
2026-05-04 17:42:00,675 - carla_training - INFO - ⚠️ Collision #3 detected with static.prop.mesh!
2026-05-04 17:42:00,675 - carla_training - INFO - ⚠️ Collision #4 detected with static.prop.mesh!
2026-05-04 17:42:00,676 - carla_training - INFO - ⚠️ Collision #5 detected with static.prop.mesh!
2026-05-04 17:42:01,718 - carla_training - INFO - Step 80 | Speed: 31.1 km/h | Pos: (217.5, 201.5, 0.1) | Dist: 2.34m | Reward: -0.300 | Collisions: 9 | Waypoints: 6/30
2026-05-04 17:42:02,776 - carla_training - INFO - ⚠️ Collision #20 detected (continuing episode)
2026-05-04 17:42:05,246 - carla_training - INFO - Step 90 | Speed: 3.8 km/h | Pos: (216.1, 202.1, 0.1) | Dist: 2.93m | Reward: -0.700 | Collisions: 21 | Waypoints: 6/30
2026-05-04 17:42:06,596 - carla_training - INFO - 
============================================================
2026-05-04 17:42:06,596 - carla_training - INFO - Episode 1 Summary:
2026-05-04 17:42:06,596 - carla_training - INFO -   Termination Reason: REWARD_BASED (Unknown)
2026-05-04 17:42:06,596 - carla_training - INFO -   Total Reward: -8.14
2026-05-04 17:42:06,596 - carla_training - INFO -   Steps: 94
2026-05-04 17:42:06,596 - carla_training - INFO -   Duration: 34.78 seconds
2026-05-04 17:42:06,596 - carla_training - INFO -   Average Speed: 15.89 km/h
2026-05-04 17:42:06,596 - carla_training - INFO -   Max Speed: 32.01 km/h
2026-05-04 17:42:06,596 - carla_training - INFO -   Total Distance: 20.69 meters
2026-05-04 17:42:06,596 - carla_training - INFO -   Average Lane Deviation: 1.00 meters
2026-05-04 17:42:06,596 - carla_training - INFO -   Waypoints Reached: 6
2026-05-04 17:42:06,596 - carla_training - INFO - ============================================================

2026-05-04 17:42:06,680 - carla_training - INFO - 🚗 Vehicle spawned and stabilized!
2026-05-04 17:42:06,698 - carla_training - INFO - ✅ Generated 30 waypoints for navigation
2026-05-04 17:42:06,700 - carla_training - INFO -    Complexity: 0 junctions, 0 turns (0.0% turn rate)
2026-05-04 17:42:11,375 - carla_training - INFO - Step 10 | Speed: 0.0 km/h | Pos: (234.7, 195.3, 0.0) | Dist: 0.12m | Reward: 0.000 | Collisions: 0 | Waypoints: 1/30
2026-05-04 17:42:16,200 - carla_training - INFO - Step 20 | Speed: 9.4 km/h | Pos: (234.1, 195.2, 0.0) | Dist: 0.02m | Reward: 0.000 | Collisions: 0 | Waypoints: 1/30
2026-05-04 17:42:20,873 - carla_training - INFO - Step 30 | Speed: 14.9 km/h | Pos: (232.6, 194.5, 0.0) | Dist: 0.61m | Reward: 0.000 | Collisions: 0 | Waypoints: 2/30
2026-05-04 17:42:25,490 - carla_training - INFO - Step 40 | Speed: 18.2 km/h | Pos: (230.5, 193.4, 0.0) | Dist: 1.78m | Reward: 0.000 | Collisions: 0 | Waypoints: 3/30
2026-05-04 17:42:25,954 - carla_training - INFO - ⚠️ Collision #1 detected with static.pole!
2026-05-04 17:42:28,277 - carla_training - INFO - ⚠️ Collision #2 detected with static.pole!
2026-05-04 17:42:28,278 - carla_training - INFO - ⚠️ Collision #3 detected with static.pole!
2026-05-04 17:42:28,278 - carla_training - INFO - ⚠️ Collision #4 detected with static.pole!
2026-05-04 17:42:28,278 - carla_training - INFO - ⚠️ Collision #5 detected with static.pole!
2026-05-04 17:42:29,664 - carla_training - INFO - ⚠️ Collision #20 detected (continuing episode)
2026-05-04 17:42:30,122 - carla_training - INFO - Step 50 | Speed: 0.1 km/h | Pos: (230.3, 193.2, 0.1) | Dist: 2.00m | Reward: -0.667 | Collisions: 20 | Waypoints: 3/30
2026-05-04 17:42:31,498 - carla_training - INFO - 
============================================================
2026-05-04 17:42:31,499 - carla_training - INFO - Episode 2 Summary:
2026-05-04 17:42:31,499 - carla_training - INFO -   Termination Reason: REWARD_BASED (Unknown)
2026-05-04 17:42:31,499 - carla_training - INFO -   Total Reward: -13.61
2026-05-04 17:42:31,499 - carla_training - INFO -   Steps: 53
2026-05-04 17:42:31,499 - carla_training - INFO -   Duration: 24.90 seconds
2026-05-04 17:42:31,499 - carla_training - INFO -   Average Speed: 7.20 km/h
2026-05-04 17:42:31,499 - carla_training - INFO -   Max Speed: 18.36 km/h
2026-05-04 17:42:31,499 - carla_training - INFO -   Total Distance: 5.25 meters
2026-05-04 17:42:31,499 - carla_training - INFO -   Average Lane Deviation: 0.82 meters
2026-05-04 17:42:31,499 - carla_training - INFO -   Waypoints Reached: 3
2026-05-04 17:42:31,499 - carla_training - INFO - ============================================================

2026-05-04 17:42:31,562 - carla_training - INFO - 🚗 Vehicle spawned and stabilized!
2026-05-04 17:42:31,576 - carla_training - INFO - ✅ Generated 30 waypoints for navigation
2026-05-04 17:42:31,576 - carla_training - INFO -    Complexity: 0 junctions, 0 turns (0.0% turn rate)
2026-05-04 17:42:36,993 - carla_training - INFO - Step 10 | Speed: 0.0 km/h | Pos: (234.7, 195.3, 0.0) | Dist: 0.12m | Reward: 0.000 | Collisions: 0 | Waypoints: 1/30
2026-05-04 17:42:41,996 - carla_training - INFO - Step 20 | Speed: 9.3 km/h | Pos: (234.2, 195.2, 0.0) | Dist: 0.09m | Reward: 0.515 | Collisions: 0 | Waypoints: 1/30
2026-05-04 17:42:47,037 - carla_training - INFO - Step 30 | Speed: 15.5 km/h | Pos: (232.5, 195.4, 0.0) | Dist: 0.22m | Reward: 0.865 | Collisions: 0 | Waypoints: 2/30
2026-05-04 17:42:52,089 - carla_training - INFO - Step 40 | Speed: 18.3 km/h | Pos: (230.1, 195.6, 0.0) | Dist: 0.42m | Reward: 0.758 | Collisions: 0 | Waypoints: 3/30
2026-05-04 17:42:57,078 - carla_training - INFO - Step 50 | Speed: 22.2 km/h | Pos: (227.3, 195.6, 0.0) | Dist: 0.46m | Reward: 0.463 | Collisions: 0 | Waypoints: 5/30
2026-05-04 17:43:02,049 - carla_training - INFO - Step 60 | Speed: 25.2 km/h | Pos: (224.0, 196.2, 0.0) | Dist: 1.03m | Reward: 0.000 | Collisions: 0 | Waypoints: 6/30
2026-05-04 17:43:07,037 - carla_training - INFO - Step 70 | Speed: 27.0 km/h | Pos: (221.0, 198.1, 0.0) | Dist: 1.04m | Reward: 0.000 | Collisions: 0 | Waypoints: 7/30
2026-05-04 17:43:11,969 - carla_training - INFO - Step 80 | Speed: 30.9 km/h | Pos: (218.6, 201.2, 0.1) | Dist: 2.09m | Reward: 0.000 | Collisions: 0 | Waypoints: 7/30
2026-05-04 17:43:13,448 - carla_training - INFO - ⚠️ Collision #1 detected with static.prop.mesh!
2026-05-04 17:43:13,448 - carla_training - INFO - ⚠️ Collision #2 detected with static.prop.mesh!
2026-05-04 17:43:13,448 - carla_training - INFO - ⚠️ Collision #3 detected with static.prop.mesh!
2026-05-04 17:43:13,448 - carla_training - INFO - ⚠️ Collision #4 detected with static.prop.mesh!
2026-05-04 17:43:13,448 - carla_training - INFO - ⚠️ Collision #5 detected with static.prop.mesh!
2026-05-04 17:43:15,412 - carla_training - INFO - ⚠️ Collision #20 detected (continuing episode)
2026-05-04 17:43:16,864 - carla_training - INFO - 
============================================================
2026-05-04 17:43:16,864 - carla_training - INFO - Episode 3 Summary:
2026-05-04 17:43:16,864 - carla_training - INFO -   Termination Reason: REWARD_BASED (Unknown)
2026-05-04 17:43:16,864 - carla_training - INFO -   Total Reward: 5.35
2026-05-04 17:43:16,864 - carla_training - INFO -   Steps: 90
2026-05-04 17:43:16,864 - carla_training - INFO -   Duration: 45.36 seconds
2026-05-04 17:43:16,864 - carla_training - INFO -   Average Speed: 18.52 km/h
2026-05-04 17:43:16,864 - carla_training - INFO -   Max Speed: 34.45 km/h
2026-05-04 17:43:16,865 - carla_training - INFO -   Total Distance: 22.93 meters
2026-05-04 17:43:16,865 - carla_training - INFO -   Average Lane Deviation: 0.94 meters
2026-05-04 17:43:16,865 - carla_training - INFO -   Waypoints Reached: 7
2026-05-04 17:43:16,865 - carla_training - INFO - ============================================================

2026-05-04 17:43:16,914 - carla_training - INFO - 🚗 Vehicle spawned and stabilized!
2026-05-04 17:43:16,924 - carla_training - INFO - ✅ Generated 30 waypoints for navigation
2026-05-04 17:43:16,924 - carla_training - INFO -    Complexity: 0 junctions, 0 turns (0.0% turn rate)
2026-05-04 17:43:21,819 - carla_training - INFO - Step 10 | Speed: 0.0 km/h | Pos: (234.7, 195.3, 0.0) | Dist: 0.12m | Reward: 0.000 | Collisions: 0 | Waypoints: 1/30
2026-05-04 17:43:25,842 - carla_training - INFO - Step 20 | Speed: 9.3 km/h | Pos: (234.1, 195.3, 0.0) | Dist: 0.12m | Reward: 0.567 | Collisions: 0 | Waypoints: 1/30
2026-05-04 17:43:30,000 - carla_training - INFO - Step 30 | Speed: 15.7 km/h | Pos: (232.4, 195.3, 0.0) | Dist: 0.20m | Reward: 0.737 | Collisions: 0 | Waypoints: 2/30
2026-05-04 17:43:34,375 - carla_training - INFO - Step 40 | Speed: 18.5 km/h | Pos: (229.9, 195.5, 0.0) | Dist: 0.36m | Reward: 0.689 | Collisions: 0 | Waypoints: 3/30
2026-05-04 17:43:39,838 - carla_training - INFO - Step 50 | Speed: 21.9 km/h | Pos: (227.1, 195.7, 0.0) | Dist: 0.53m | Reward: 0.414 | Collisions: 0 | Waypoints: 5/30
2026-05-04 17:43:43,902 - carla_training - INFO - Step 60 | Speed: 26.3 km/h | Pos: (223.9, 196.5, 0.0) | Dist: 1.38m | Reward: -0.025 | Collisions: 0 | Waypoints: 6/30
2026-05-04 17:43:47,166 - carla_training - INFO - ⚠️ Collision #1 detected with static.prop.mesh!
2026-05-04 17:43:47,167 - carla_training - INFO - ⚠️ Collision #2 detected with static.prop.mesh!
2026-05-04 17:43:47,970 - carla_training - INFO - Step 70 | Speed: 32.0 km/h | Pos: (220.1, 197.5, 0.0) | Dist: 1.64m | Reward: -0.067 | Collisions: 2 | Waypoints: 8/30
2026-05-04 17:43:53,292 - carla_training - INFO - ⚠️ Collision #3 detected with static.prop.mesh!
2026-05-04 17:43:53,292 - carla_training - INFO - ⚠️ Collision #4 detected with static.prop.mesh!
2026-05-04 17:43:53,292 - carla_training - INFO - ⚠️ Collision #5 detected with static.prop.mesh!
2026-05-04 17:43:53,697 - carla_training - INFO - Step 80 | Speed: 33.2 km/h | Pos: (215.5, 198.2, 0.0) | Dist: 0.98m | Reward: -0.167 | Collisions: 5 | Waypoints: 8/30
2026-05-04 17:43:57,868 - carla_training - INFO - Step 90 | Speed: 34.9 km/h | Pos: (211.1, 196.6, 0.0) | Dist: 1.49m | Reward: -0.233 | Collisions: 7 | Waypoints: 8/30
2026-05-04 17:44:04,338 - carla_training - INFO - Step 100 | Speed: 37.0 km/h | Pos: (207.3, 193.6, 0.0) | Dist: 1.58m | Reward: -0.233 | Collisions: 7 | Waypoints: 8/30
2026-05-04 17:44:08,375 - carla_training - INFO - Step 110 | Speed: 1.5 km/h | Pos: (206.2, 192.9, 0.1) | Dist: 2.27m | Reward: -0.267 | Collisions: 8 | Waypoints: 8/30
2026-05-04 17:44:12,334 - carla_training - INFO - ⚠️ Collision #20 detected (continuing episode)
2026-05-04 17:44:12,946 - carla_training - INFO - Step 120 | Speed: 0.0 km/h | Pos: (206.0, 192.6, 0.1) | Dist: 2.60m | Reward: -0.733 | Collisions: 22 | Waypoints: 8/30
2026-05-04 17:44:14,151 - carla_training - INFO - 
============================================================
2026-05-04 17:44:14,153 - carla_training - INFO - Episode 4 Summary:
2026-05-04 17:44:14,153 - carla_training - INFO -   Termination Reason: REWARD_BASED (Unknown)
2026-05-04 17:44:14,153 - carla_training - INFO -   Total Reward: -1.02
2026-05-04 17:44:14,153 - carla_training - INFO -   Steps: 122
2026-05-04 17:44:14,153 - carla_training - INFO -   Duration: 57.29 seconds
2026-05-04 17:44:14,153 - carla_training - INFO -   Average Speed: 18.84 km/h
2026-05-04 17:44:14,153 - carla_training - INFO -   Max Speed: 37.44 km/h
2026-05-04 17:44:14,153 - carla_training - INFO -   Total Distance: 31.68 meters
2026-05-04 17:44:14,153 - carla_training - INFO -   Average Lane Deviation: 1.03 meters
2026-05-04 17:44:14,153 - carla_training - INFO -   Waypoints Reached: 8
2026-05-04 17:44:14,153 - carla_training - INFO - ============================================================

2026-05-04 17:44:14,211 - carla_training - INFO - 🚗 Vehicle spawned and stabilized!
2026-05-04 17:44:14,223 - carla_training - INFO - ✅ Generated 30 waypoints for navigation
2026-05-04 17:44:14,223 - carla_training - INFO -    Complexity: 0 junctions, 0 turns (0.0% turn rate)
2026-05-04 17:44:19,755 - carla_training - INFO - Step 10 | Speed: 0.0 km/h | Pos: (234.7, 195.3, 0.0) | Dist: 0.12m | Reward: 0.000 | Collisions: 0 | Waypoints: 1/30
2026-05-04 17:44:24,296 - carla_training - INFO - Step 20 | Speed: 8.9 km/h | Pos: (234.3, 195.3, 0.0) | Dist: 0.11m | Reward: 0.554 | Collisions: 0 | Waypoints: 1/30
2026-05-04 17:44:28,857 - carla_training - INFO - Step 30 | Speed: 15.3 km/h | Pos: (232.6, 195.3, 0.0) | Dist: 0.11m | Reward: 0.761 | Collisions: 0 | Waypoints: 2/30
2026-05-04 17:44:33,748 - carla_training - INFO - Step 40 | Speed: 18.4 km/h | Pos: (230.1, 195.4, 0.0) | Dist: 0.20m | Reward: 0.651 | Collisions: 0 | Waypoints: 3/30
2026-05-04 17:44:38,549 - carla_training - INFO - Step 50 | Speed: 21.4 km/h | Pos: (227.5, 196.2, 0.0) | Dist: 1.06m | Reward: 0.000 | Collisions: 0 | Waypoints: 4/30
2026-05-04 17:44:43,270 - carla_training - INFO - Step 60 | Speed: 24.9 km/h | Pos: (224.5, 197.1, 0.0) | Dist: 1.96m | Reward: 0.004 | Collisions: 0 | Waypoints: 6/30
2026-05-04 17:44:48,024 - carla_training - INFO - Step 70 | Speed: 28.1 km/h | Pos: (220.9, 197.8, 0.0) | Dist: 1.35m | Reward: 0.000 | Collisions: 0 | Waypoints: 7/30
2026-05-04 17:44:52,812 - carla_training - INFO - Step 80 | Speed: 31.2 km/h | Pos: (216.8, 198.5, 0.0) | Dist: 0.67m | Reward: 0.000 | Collisions: 0 | Waypoints: 8/30
2026-05-04 17:44:57,591 - carla_training - INFO - Step 90 | Speed: 37.0 km/h | Pos: (212.2, 199.1, 0.0) | Dist: 0.07m | Reward: 0.000 | Collisions: 0 | Waypoints: 8/30
2026-05-04 17:45:02,371 - carla_training - INFO - Step 100 | Speed: 41.4 km/h | Pos: (206.9, 200.6, 0.0) | Dist: 1.41m | Reward: 0.000 | Collisions: 0 | Waypoints: 8/30
2026-05-04 17:45:05,247 - carla_training - INFO - ⚠️ Collision #1 detected with static.vegetation!
2026-05-04 17:45:07,139 - carla_training - INFO - Step 110 | Speed: 0.6 km/h | Pos: (203.5, 201.5, 0.1) | Dist: 2.35m | Reward: -0.033 | Collisions: 1 | Waypoints: 8/30
2026-05-04 17:45:10,001 - carla_training - INFO - ⚠️ Collision #2 detected with static.vegetation!
2026-05-04 17:45:10,001 - carla_training - INFO - ⚠️ Collision #3 detected with static.vegetation!
2026-05-04 17:45:10,476 - carla_training - INFO - ⚠️ Collision #4 detected with static.vegetation!
2026-05-04 17:45:10,476 - carla_training - INFO - ⚠️ Collision #5 detected with static.vegetation!
2026-05-04 17:45:11,885 - carla_training - INFO - Step 120 | Speed: 0.1 km/h | Pos: (203.2, 201.6, 0.1) | Dist: 2.48m | Reward: -0.567 | Collisions: 17 | Waypoints: 8/30
2026-05-04 17:45:11,893 - carla_training - INFO - ⚠️ Collision #20 detected (continuing episode)
2026-05-04 17:45:13,387 - carla_training - INFO - 
============================================================
2026-05-04 17:45:13,387 - carla_training - INFO - Episode 5 Summary:
2026-05-04 17:45:13,387 - carla_training - INFO -   Termination Reason: REWARD_BASED (Unknown)
2026-05-04 17:45:13,387 - carla_training - INFO -   Total Reward: 3.94
2026-05-04 17:45:13,388 - carla_training - INFO -   Steps: 123
2026-05-04 17:45:13,388 - carla_training - INFO -   Duration: 59.23 seconds
2026-05-04 17:45:13,388 - carla_training - INFO -   Average Speed: 19.29 km/h
2026-05-04 17:45:13,388 - carla_training - INFO -   Max Speed: 43.09 km/h
2026-05-04 17:45:13,388 - carla_training - INFO -   Total Distance: 32.78 meters
2026-05-04 17:45:13,388 - carla_training - INFO -   Average Lane Deviation: 0.96 meters
2026-05-04 17:45:13,388 - carla_training - INFO -   Waypoints Reached: 8
2026-05-04 17:45:13,388 - carla_training - INFO - ============================================================

2026-05-04 17:45:13,434 - carla_training - INFO - 🚗 Vehicle spawned and stabilized!
2026-05-04 17:45:13,444 - carla_training - INFO - ✅ Generated 30 waypoints for navigation
2026-05-04 17:45:13,444 - carla_training - INFO -    Complexity: 0 junctions, 0 turns (0.0% turn rate)
2026-05-04 17:45:20,226 - carla_training - INFO - Step 10 | Speed: 0.0 km/h | Pos: (234.7, 195.3, 0.0) | Dist: 0.12m | Reward: 0.000 | Collisions: 0 | Waypoints: 1/30
2026-05-04 17:45:26,533 - carla_training - INFO - Step 20 | Speed: 9.5 km/h | Pos: (234.1, 195.3, 0.0) | Dist: 0.18m | Reward: 0.450 | Collisions: 0 | Waypoints: 1/30
2026-05-04 17:45:33,215 - carla_training - INFO - Step 30 | Speed: 15.7 km/h | Pos: (232.4, 195.5, 0.0) | Dist: 0.33m | Reward: 0.784 | Collisions: 0 | Waypoints: 2/30
2026-05-04 17:45:37,254 - carla_training - INFO - Step 40 | Speed: 18.3 km/h | Pos: (230.0, 195.5, 0.0) | Dist: 0.36m | Reward: 0.726 | Collisions: 0 | Waypoints: 3/30
2026-05-04 17:45:43,235 - carla_training - INFO - Step 50 | Speed: 21.4 km/h | Pos: (227.2, 195.5, 0.0) | Dist: 0.39m | Reward: 0.489 | Collisions: 0 | Waypoints: 5/30
2026-05-04 17:45:49,407 - carla_training - INFO - Step 60 | Speed: 24.1 km/h | Pos: (224.0, 195.4, 0.0) | Dist: 0.26m | Reward: 0.145 | Collisions: 0 | Waypoints: 6/30
2026-05-04 17:45:55,561 - carla_training - INFO - Step 70 | Speed: 27.1 km/h | Pos: (220.5, 195.6, 0.0) | Dist: 0.41m | Reward: -0.345 | Collisions: 0 | Waypoints: 8/30
2026-05-04 17:45:57,452 - carla_training - INFO - ⚠️ Collision #1 detected with static.prop.mesh!
2026-05-04 17:45:59,985 - carla_training - INFO - ⚠️ Collision #2 detected with static.prop.mesh!
2026-05-04 17:46:00,610 - carla_training - INFO - ⚠️ Collision #3 detected with static.prop.mesh!
2026-05-04 17:46:00,610 - carla_training - INFO - ⚠️ Collision #4 detected with static.prop.mesh!
2026-05-04 17:46:00,611 - carla_training - INFO - ⚠️ Collision #5 detected with static.prop.mesh!
2026-05-04 17:46:01,863 - carla_training - INFO - Step 80 | Speed: 28.4 km/h | Pos: (216.7, 196.2, 0.0) | Dist: 1.04m | Reward: -0.200 | Collisions: 6 | Waypoints: 10/30
2026-05-04 17:46:02,684 - carla_training - INFO - ⚠️ Collision #20 detected (continuing episode)
2026-05-04 17:46:03,844 - carla_training - INFO - 
============================================================
2026-05-04 17:46:03,844 - carla_training - INFO - Episode 6 Summary:
2026-05-04 17:46:03,844 - carla_training - INFO -   Termination Reason: REWARD_BASED (Unknown)
2026-05-04 17:46:03,844 - carla_training - INFO -   Total Reward: 8.36
2026-05-04 17:46:03,844 - carla_training - INFO -   Steps: 85
2026-05-04 17:46:03,844 - carla_training - INFO -   Duration: 50.46 seconds
2026-05-04 17:46:03,844 - carla_training - INFO -   Average Speed: 17.23 km/h
2026-05-04 17:46:03,844 - carla_training - INFO -   Max Speed: 29.67 km/h
2026-05-04 17:46:03,845 - carla_training - INFO -   Total Distance: 20.17 meters
2026-05-04 17:46:03,845 - carla_training - INFO -   Average Lane Deviation: 0.39 meters
2026-05-04 17:46:03,845 - carla_training - INFO -   Waypoints Reached: 11
2026-05-04 17:46:03,845 - carla_training - INFO - ============================================================

2026-05-04 17:46:03,895 - carla_training - INFO - 🚗 Vehicle spawned and stabilized!
2026-05-04 17:46:03,904 - carla_training - INFO - ✅ Generated 30 waypoints for navigation
2026-05-04 17:46:03,904 - carla_training - INFO -    Complexity: 0 junctions, 0 turns (0.0% turn rate)
2026-05-04 17:46:10,935 - carla_training - INFO - Step 10 | Speed: 0.0 km/h | Pos: (234.7, 195.3, 0.0) | Dist: 0.12m | Reward: 0.000 | Collisions: 0 | Waypoints: 1/30
2026-05-04 17:46:16,699 - carla_training - INFO - Step 20 | Speed: 9.3 km/h | Pos: (234.2, 195.2, 0.0) | Dist: 0.10m | Reward: 0.579 | Collisions: 0 | Waypoints: 1/30
2026-05-04 17:46:22,458 - carla_training - INFO - Step 30 | Speed: 14.4 km/h | Pos: (232.5, 195.4, 0.0) | Dist: 0.27m | Reward: 0.789 | Collisions: 0 | Waypoints: 2/30
2026-05-04 17:46:28,231 - carla_training - INFO - Step 40 | Speed: 18.4 km/h | Pos: (230.2, 195.3, 0.0) | Dist: 0.15m | Reward: 0.877 | Collisions: 0 | Waypoints: 3/30
2026-05-04 17:46:34,006 - carla_training - INFO - Step 50 | Speed: 20.0 km/h | Pos: (227.6, 195.4, 0.0) | Dist: 0.27m | Reward: 0.594 | Collisions: 0 | Waypoints: 5/30
2026-05-04 17:46:39,824 - carla_training - INFO - Step 60 | Speed: 23.2 km/h | Pos: (224.6, 195.8, 0.0) | Dist: 0.61m | Reward: 0.147 | Collisions: 0 | Waypoints: 6/30
2026-05-04 17:46:45,672 - carla_training - INFO - Step 70 | Speed: 24.7 km/h | Pos: (221.3, 196.1, 0.0) | Dist: 0.98m | Reward: 0.000 | Collisions: 0 | Waypoints: 8/30
2026-05-04 17:46:51,411 - carla_training - INFO - Step 80 | Speed: 28.1 km/h | Pos: (217.9, 197.4, 0.0) | Dist: 1.76m | Reward: 0.000 | Collisions: 0 | Waypoints: 9/30
2026-05-04 17:46:57,115 - carla_training - INFO - Step 90 | Speed: 31.9 km/h | Pos: (214.2, 199.3, 0.0) | Dist: 0.17m | Reward: 0.000 | Collisions: 0 | Waypoints: 9/30
2026-05-04 17:46:57,123 - carla_training - INFO - ⚠️ Collision #1 detected with static.prop.mesh!
2026-05-04 17:46:57,695 - carla_training - INFO - ⚠️ Collision #2 detected with static.prop.mesh!
2026-05-04 17:46:57,695 - carla_training - INFO - ⚠️ Collision #3 detected with static.prop.mesh!
2026-05-04 17:46:57,695 - carla_training - INFO - ⚠️ Collision #4 detected with static.prop.mesh!
2026-05-04 17:46:58,268 - carla_training - INFO - ⚠️ Collision #5 detected with static.prop.mesh!
2026-05-04 17:47:02,822 - carla_training - INFO - Step 100 | Speed: 3.8 km/h | Pos: (212.7, 200.2, 0.0) | Dist: 1.05m | Reward: -0.300 | Collisions: 9 | Waypoints: 9/30
2026-05-04 17:47:04,525 - carla_training - INFO - ⚠️ Collision #20 detected (continuing episode)
2026-05-04 17:47:06,234 - carla_training - INFO - 
============================================================
2026-05-04 17:47:06,234 - carla_training - INFO - Episode 7 Summary:
2026-05-04 17:47:06,234 - carla_training - INFO -   Termination Reason: REWARD_BASED (Unknown)
2026-05-04 17:47:06,234 - carla_training - INFO -   Total Reward: 12.23
2026-05-04 17:47:06,234 - carla_training - INFO -   Steps: 106
2026-05-04 17:47:06,234 - carla_training - INFO -   Duration: 62.39 seconds
2026-05-04 17:47:06,234 - carla_training - INFO -   Average Speed: 16.10 km/h
2026-05-04 17:47:06,234 - carla_training - INFO -   Max Speed: 32.67 km/h
2026-05-04 17:47:06,235 - carla_training - INFO -   Total Distance: 23.59 meters
2026-05-04 17:47:06,235 - carla_training - INFO -   Average Lane Deviation: 0.56 meters
2026-05-04 17:47:06,235 - carla_training - INFO -   Waypoints Reached: 9
2026-05-04 17:47:06,235 - carla_training - INFO - ============================================================

2026-05-04 17:47:06,284 - carla_training - INFO - 🚗 Vehicle spawned and stabilized!
2026-05-04 17:47:06,295 - carla_training - INFO - ✅ Generated 31 waypoints for navigation
2026-05-04 17:47:06,295 - carla_training - INFO -    Complexity: 0 junctions, 0 turns (0.0% turn rate)
2026-05-04 17:47:13,113 - carla_training - INFO - Step 10 | Speed: 0.0 km/h | Pos: (234.7, 195.3, 0.0) | Dist: 0.12m | Reward: 0.000 | Collisions: 0 | Waypoints: 1/31
2026-05-04 17:47:18,833 - carla_training - INFO - Step 20 | Speed: 8.6 km/h | Pos: (234.3, 195.2, 0.0) | Dist: 0.08m | Reward: 0.469 | Collisions: 0 | Waypoints: 1/31
2026-05-04 17:47:23,958 - carla_training - INFO - Step 30 | Speed: 15.9 km/h | Pos: (232.5, 195.2, 0.0) | Dist: 0.04m | Reward: 0.777 | Collisions: 0 | Waypoints: 2/31
2026-05-04 17:47:29,652 - carla_training - INFO - Step 40 | Speed: 18.1 km/h | Pos: (230.1, 195.2, 0.0) | Dist: 0.02m | Reward: 0.782 | Collisions: 0 | Waypoints: 3/31
2026-05-04 17:47:35,354 - carla_training - INFO - Step 50 | Speed: 20.0 km/h | Pos: (227.5, 195.7, 0.0) | Dist: 0.51m | Reward: 0.231 | Collisions: 0 | Waypoints: 5/31
2026-05-04 17:47:41,072 - carla_training - INFO - Step 60 | Speed: 22.0 km/h | Pos: (224.7, 196.5, 0.0) | Dist: 1.34m | Reward: 0.012 | Collisions: 0 | Waypoints: 6/31
2026-05-04 17:47:46,786 - carla_training - INFO - Step 70 | Speed: 24.2 km/h | Pos: (221.6, 197.1, 0.0) | Dist: 1.90m | Reward: 0.051 | Collisions: 0 | Waypoints: 7/31
2026-05-04 17:47:52,510 - carla_training - INFO - Step 80 | Speed: 26.9 km/h | Pos: (218.1, 197.0, 0.0) | Dist: 1.90m | Reward: -0.051 | Collisions: 0 | Waypoints: 9/31
2026-05-04 17:47:58,251 - carla_training - INFO - Step 90 | Speed: 28.2 km/h | Pos: (214.3, 197.2, 0.0) | Dist: 1.97m | Reward: 0.000 | Collisions: 0 | Waypoints: 11/31
2026-05-04 17:48:03,988 - carla_training - INFO - Step 100 | Speed: 31.0 km/h | Pos: (210.4, 198.4, 0.0) | Dist: 0.73m | Reward: 0.000 | Collisions: 0 | Waypoints: 11/31
2026-05-04 17:48:06,870 - carla_training - INFO - ⚠️ Collision #1 detected with static.prop.mesh!
2026-05-04 17:48:06,870 - carla_training - INFO - ⚠️ Collision #2 detected with static.prop.mesh!
2026-05-04 17:48:06,871 - carla_training - INFO - ⚠️ Collision #3 detected with static.prop.mesh!
2026-05-04 17:48:07,497 - carla_training - INFO - ⚠️ Collision #4 detected with static.prop.mesh!
2026-05-04 17:48:08,108 - carla_training - INFO - ⚠️ Collision #5 detected with static.prop.mesh!
2026-05-04 17:48:09,797 - carla_training - INFO - Step 110 | Speed: 34.7 km/h | Pos: (205.9, 199.5, 0.0) | Dist: 0.36m | Reward: -0.500 | Collisions: 15 | Waypoints: 11/31
2026-05-04 17:48:15,499 - carla_training - INFO - Step 120 | Speed: 38.3 km/h | Pos: (200.9, 200.1, 0.0) | Dist: 0.91m | Reward: -0.500 | Collisions: 15 | Waypoints: 11/31
2026-05-04 17:48:21,257 - carla_training - INFO - Step 130 | Speed: 39.2 km/h | Pos: (195.6, 201.1, 0.1) | Dist: 1.90m | Reward: -0.500 | Collisions: 15 | Waypoints: 11/31
2026-05-04 17:48:26,939 - carla_training - INFO - Step 140 | Speed: 6.4 km/h | Pos: (191.4, 202.3, 0.1) | Dist: 3.13m | Reward: -0.533 | Collisions: 16 | Waypoints: 11/31
2026-05-04 17:48:31,467 - carla_training - INFO - ⚠️ Collision #20 detected (continuing episode)
2026-05-04 17:48:32,590 - carla_training - INFO - Step 150 | Speed: 0.1 km/h | Pos: (191.2, 202.4, 0.1) | Dist: 3.22m | Reward: -0.933 | Collisions: 28 | Waypoints: 11/31
2026-05-04 17:48:33,154 - carla_training - INFO - 
============================================================
2026-05-04 17:48:33,155 - carla_training - INFO - Episode 8 Summary:
2026-05-04 17:48:33,155 - carla_training - INFO -   Termination Reason: REWARD_BASED (Unknown)
2026-05-04 17:48:33,155 - carla_training - INFO -   Total Reward: -13.28
2026-05-04 17:48:33,155 - carla_training - INFO -   Steps: 151
2026-05-04 17:48:33,155 - carla_training - INFO -   Duration: 86.92 seconds
2026-05-04 17:48:33,155 - carla_training - INFO -   Average Speed: 21.57 km/h
2026-05-04 17:48:33,155 - carla_training - INFO -   Max Speed: 40.85 km/h
2026-05-04 17:48:33,155 - carla_training - INFO -   Total Distance: 44.94 meters
2026-05-04 17:48:33,155 - carla_training - INFO -   Average Lane Deviation: 1.11 meters
2026-05-04 17:48:33,155 - carla_training - INFO -   Waypoints Reached: 11
2026-05-04 17:48:33,155 - carla_training - INFO - ============================================================

2026-05-04 17:48:33,203 - carla_training - INFO - 🚗 Vehicle spawned and stabilized!
2026-05-04 17:48:33,213 - carla_training - INFO - ✅ Generated 31 waypoints for navigation
2026-05-04 17:48:33,214 - carla_training - INFO -    Complexity: 0 junctions, 0 turns (0.0% turn rate)
2026-05-04 17:48:38,640 - carla_training - INFO - Step 10 | Speed: 0.0 km/h | Pos: (234.7, 195.3, 0.0) | Dist: 0.12m | Reward: 0.000 | Collisions: 0 | Waypoints: 1/31
2026-05-04 17:48:42,753 - carla_training - INFO - Step 20 | Speed: 10.1 km/h | Pos: (234.0, 195.1, 0.0) | Dist: 0.02m | Reward: 0.452 | Collisions: 0 | Waypoints: 1/31
2026-05-04 17:48:47,887 - carla_training - INFO - Step 30 | Speed: 17.4 km/h | Pos: (232.1, 195.1, 0.0) | Dist: 0.08m | Reward: 0.826 | Collisions: 0 | Waypoints: 2/31
2026-05-04 17:48:53,229 - carla_training - INFO - Step 40 | Speed: 19.6 km/h | Pos: (229.6, 194.7, 0.0) | Dist: 0.42m | Reward: 0.133 | Collisions: 0 | Waypoints: 4/31
2026-05-04 17:48:58,725 - carla_training - INFO - Step 50 | Speed: 23.0 km/h | Pos: (226.7, 194.0, 0.0) | Dist: 1.11m | Reward: 0.000 | Collisions: 0 | Waypoints: 5/31
2026-05-04 17:49:04,289 - carla_training - INFO - Step 60 | Speed: 26.2 km/h | Pos: (223.3, 193.2, 0.1) | Dist: 1.92m | Reward: -0.053 | Collisions: 0 | Waypoints: 6/31
2026-05-04 17:49:09,826 - carla_training - INFO - Step 70 | Speed: 27.1 km/h | Pos: (219.6, 193.0, 0.1) | Dist: 2.11m | Reward: -0.048 | Collisions: 0 | Waypoints: 8/31
2026-05-04 17:49:15,302 - carla_training - INFO - Step 80 | Speed: 30.8 km/h | Pos: (215.9, 194.3, 0.0) | Dist: 0.81m | Reward: 0.000 | Collisions: 0 | Waypoints: 10/31
2026-05-04 17:49:20,766 - carla_training - INFO - Step 90 | Speed: 33.3 km/h | Pos: (211.8, 196.3, 0.0) | Dist: 1.12m | Reward: 0.000 | Collisions: 0 | Waypoints: 12/31
2026-05-04 17:49:26,180 - carla_training - INFO - Step 100 | Speed: 35.7 km/h | Pos: (207.7, 198.7, 0.0) | Dist: 0.44m | Reward: 0.000 | Collisions: 0 | Waypoints: 13/31
2026-05-04 17:49:31,634 - carla_training - INFO - Step 110 | Speed: 39.0 km/h | Pos: (203.1, 201.1, 0.0) | Dist: 1.95m | Reward: 0.000 | Collisions: 0 | Waypoints: 13/31
2026-05-04 17:49:31,642 - carla_training - INFO - ⚠️ Collision #1 detected with static.vegetation!
2026-05-04 17:49:34,358 - carla_training - INFO - ⚠️ Collision #2 detected with static.vegetation!
2026-05-04 17:49:34,359 - carla_training - INFO - ⚠️ Collision #3 detected with static.vegetation!
2026-05-04 17:49:34,906 - carla_training - INFO - ⚠️ Collision #4 detected with static.vegetation!
2026-05-04 17:49:34,906 - carla_training - INFO - ⚠️ Collision #5 detected with static.vegetation!
2026-05-04 17:49:36,527 - carla_training - INFO - ⚠️ Collision #20 detected (continuing episode)
2026-05-04 17:49:37,071 - carla_training - INFO - Step 120 | Speed: 0.2 km/h | Pos: (202.5, 201.0, 0.0) | Dist: 1.83m | Reward: -0.767 | Collisions: 23 | Waypoints: 13/31
2026-05-04 17:49:38,159 - carla_training - INFO - 
============================================================
2026-05-04 17:49:38,159 - carla_training - INFO - Episode 9 Summary:
2026-05-04 17:49:38,159 - carla_training - INFO -   Termination Reason: REWARD_BASED (Unknown)
2026-05-04 17:49:38,159 - carla_training - INFO -   Total Reward: 0.68
2026-05-04 17:49:38,159 - carla_training - INFO -   Steps: 122
2026-05-04 17:49:38,159 - carla_training - INFO -   Duration: 65.00 seconds
2026-05-04 17:49:38,159 - carla_training - INFO -   Average Speed: 20.43 km/h
2026-05-04 17:49:38,159 - carla_training - INFO -   Max Speed: 39.02 km/h
2026-05-04 17:49:38,159 - carla_training - INFO -   Total Distance: 34.64 meters
2026-05-04 17:49:38,159 - carla_training - INFO -   Average Lane Deviation: 0.92 meters
2026-05-04 17:49:38,159 - carla_training - INFO -   Waypoints Reached: 13
2026-05-04 17:49:38,159 - carla_training - INFO - ============================================================

2026-05-04 17:49:38,214 - carla_training - INFO - 🚗 Vehicle spawned and stabilized!
2026-05-04 17:49:38,225 - carla_training - INFO - ✅ Generated 31 waypoints for navigation
2026-05-04 17:49:38,225 - carla_training - INFO -    Complexity: 0 junctions, 0 turns (0.0% turn rate)
2026-05-04 17:49:44,217 - carla_training - INFO - Step 10 | Speed: 0.0 km/h | Pos: (234.7, 195.3, 0.0) | Dist: 0.12m | Reward: 0.000 | Collisions: 0 | Waypoints: 1/31
2026-05-04 17:49:49,062 - carla_training - INFO - Step 20 | Speed: 0.0 km/h | Pos: (234.7, 195.3, 0.0) | Dist: 0.12m | Reward: 0.000 | Collisions: 0 | Waypoints: 1/31
2026-05-04 17:49:53,911 - carla_training - INFO - Step 30 | Speed: 2.0 km/h | Pos: (234.6, 195.3, 0.0) | Dist: 0.11m | Reward: 0.099 | Collisions: 0 | Waypoints: 1/31
2026-05-04 17:49:58,725 - carla_training - INFO - Step 40 | Speed: 0.3 km/h | Pos: (234.6, 195.3, 0.0) | Dist: 0.11m | Reward: 0.020 | Collisions: 0 | Waypoints: 1/31
2026-05-04 17:50:03,506 - carla_training - INFO - Step 50 | Speed: 0.3 km/h | Pos: (234.6, 195.3, 0.0) | Dist: 0.11m | Reward: 0.011 | Collisions: 0 | Waypoints: 1/31
2026-05-04 17:50:05,395 - carla_training - INFO - 
Training speed: 1 fps | Total steps: 1000
2026-05-04 17:50:08,366 - carla_training - INFO - Step 60 | Speed: 0.3 km/h | Pos: (234.6, 195.3, 0.0) | Dist: 0.11m | Reward: 0.008 | Collisions: 0 | Waypoints: 1/31
2026-05-04 17:50:14,590 - carla_training - INFO - Step 70 | Speed: 0.0 km/h | Pos: (234.6, 195.3, 0.0) | Dist: 0.11m | Reward: 0.000 | Collisions: 0 | Waypoints: 1/31
2026-05-04 17:50:19,398 - carla_training - INFO - Step 80 | Speed: 0.5 km/h | Pos: (234.6, 195.3, 0.0) | Dist: 0.11m | Reward: 0.023 | Collisions: 0 | Waypoints: 1/31
2026-05-04 17:50:24,184 - carla_training - INFO - Step 90 | Speed: 0.7 km/h | Pos: (234.5, 195.3, 0.0) | Dist: 0.12m | Reward: 0.018 | Collisions: 0 | Waypoints: 1/31
2026-05-04 17:50:30,329 - carla_training - INFO - Step 100 | Speed: 0.5 km/h | Pos: (234.5, 195.3, 0.0) | Dist: 0.12m | Reward: 0.030 | Collisions: 0 | Waypoints: 1/31
2026-05-04 17:50:36,362 - carla_training - INFO - Step 110 | Speed: 0.0 km/h | Pos: (234.5, 195.3, 0.0) | Dist: 0.12m | Reward: 0.000 | Collisions: 0 | Waypoints: 1/31
2026-05-04 17:50:42,459 - carla_training - INFO - Step 120 | Speed: 0.5 km/h | Pos: (234.5, 195.3, 0.0) | Dist: 0.13m | Reward: 0.024 | Collisions: 0 | Waypoints: 1/31
2026-05-04 17:50:48,565 - carla_training - INFO - Step 130 | Speed: 0.0 km/h | Pos: (234.5, 195.3, 0.0) | Dist: 0.13m | Reward: 0.000 | Collisions: 0 | Waypoints: 1/31
2026-05-04 17:50:54,520 - carla_training - INFO - Step 140 | Speed: 0.9 km/h | Pos: (234.4, 195.3, 0.0) | Dist: 0.13m | Reward: 0.033 | Collisions: 0 | Waypoints: 1/31
2026-05-04 17:51:00,472 - carla_training - INFO - Step 150 | Speed: 0.0 km/h | Pos: (234.4, 195.3, 0.0) | Dist: 0.13m | Reward: 0.000 | Collisions: 0 | Waypoints: 1/31
2026-05-04 17:51:06,479 - carla_training - INFO - Step 160 | Speed: 0.3 km/h | Pos: (234.4, 195.3, 0.0) | Dist: 0.13m | Reward: 0.006 | Collisions: 0 | Waypoints: 1/31
2026-05-04 17:51:11,391 - carla_training - INFO - Step 170 | Speed: 0.0 km/h | Pos: (234.3, 195.3, 0.0) | Dist: 0.11m | Reward: 0.000 | Collisions: 0 | Waypoints: 1/31
2026-05-04 17:51:16,837 - carla_training - INFO - Step 180 | Speed: 0.3 km/h | Pos: (234.3, 195.3, 0.0) | Dist: 0.11m | Reward: 0.015 | Collisions: 0 | Waypoints: 1/31
2026-05-04 17:51:22,155 - carla_training - INFO - Step 190 | Speed: 0.1 km/h | Pos: (234.3, 195.3, 0.0) | Dist: 0.11m | Reward: 0.000 | Collisions: 0 | Waypoints: 1/31
2026-05-04 17:51:27,401 - carla_training - INFO - Step 200 | Speed: 0.2 km/h | Pos: (234.3, 195.3, 0.0) | Dist: 0.11m | Reward: 0.015 | Collisions: 0 | Waypoints: 1/31
2026-05-04 17:51:32,604 - carla_training - INFO - Step 210 | Speed: 0.3 km/h | Pos: (234.2, 195.3, 0.0) | Dist: 0.11m | Reward: 0.014 | Collisions: 0 | Waypoints: 1/31
2026-05-04 17:51:38,833 - carla_training - INFO - Step 220 | Speed: 0.0 km/h | Pos: (234.2, 195.3, 0.0) | Dist: 0.11m | Reward: 0.000 | Collisions: 0 | Waypoints: 1/31
2026-05-04 17:51:43,977 - carla_training - INFO - Step 230 | Speed: 0.0 km/h | Pos: (234.2, 195.3, 0.0) | Dist: 0.11m | Reward: 0.000 | Collisions: 0 | Waypoints: 1/31
2026-05-04 17:51:48,225 - carla_training - INFO - Step 240 | Speed: 0.0 km/h | Pos: (234.2, 195.3, 0.0) | Dist: 0.11m | Reward: 0.000 | Collisions: 0 | Waypoints: 1/31
2026-05-04 17:51:53,045 - carla_training - INFO - Step 250 | Speed: 1.4 km/h | Pos: (234.1, 195.3, 0.0) | Dist: 0.10m | Reward: 0.071 | Collisions: 0 | Waypoints: 1/31
2026-05-04 17:51:57,885 - carla_training - INFO - Step 260 | Speed: 0.0 km/h | Pos: (234.1, 195.3, 0.0) | Dist: 0.11m | Reward: 0.000 | Collisions: 0 | Waypoints: 1/31
2026-05-04 17:52:02,717 - carla_training - INFO - Step 270 | Speed: 0.0 km/h | Pos: (234.1, 195.3, 0.0) | Dist: 0.11m | Reward: 0.000 | Collisions: 0 | Waypoints: 1/31
2026-05-04 17:52:07,548 - carla_training - INFO - Step 280 | Speed: 0.3 km/h | Pos: (234.0, 195.3, 0.0) | Dist: 0.10m | Reward: 0.006 | Collisions: 0 | Waypoints: 1/31
2026-05-04 17:52:12,475 - carla_training - INFO - Step 290 | Speed: 0.0 km/h | Pos: (234.0, 195.3, 0.0) | Dist: 0.10m | Reward: 0.000 | Collisions: 0 | Waypoints: 1/31
2026-05-04 17:52:17,395 - carla_training - INFO - Step 300 | Speed: 0.0 km/h | Pos: (234.0, 195.3, 0.0) | Dist: 0.10m | Reward: 0.000 | Collisions: 0 | Waypoints: 1/31
2026-05-04 17:52:22,373 - carla_training - INFO - Step 310 | Speed: 0.4 km/h | Pos: (233.9, 195.3, 0.0) | Dist: 0.11m | Reward: 0.022 | Collisions: 0 | Waypoints: 1/31
2026-05-04 17:52:27,340 - carla_training - INFO - Step 320 | Speed: 0.1 km/h | Pos: (233.9, 195.3, 0.0) | Dist: 0.11m | Reward: 0.008 | Collisions: 0 | Waypoints: 1/31
2026-05-04 17:52:32,265 - carla_training - INFO - Step 330 | Speed: 0.0 km/h | Pos: (233.9, 195.3, 0.0) | Dist: 0.11m | Reward: 0.000 | Collisions: 0 | Waypoints: 1/31
2026-05-04 17:52:37,129 - carla_training - INFO - Step 340 | Speed: 0.0 km/h | Pos: (233.9, 195.3, 0.0) | Dist: 0.11m | Reward: 0.000 | Collisions: 0 | Waypoints: 1/31
2026-05-04 17:52:41,988 - carla_training - INFO - Step 350 | Speed: 0.4 km/h | Pos: (233.9, 195.3, 0.0) | Dist: 0.11m | Reward: 0.021 | Collisions: 0 | Waypoints: 1/31
2026-05-04 17:52:46,925 - carla_training - INFO - Step 360 | Speed: 0.0 km/h | Pos: (233.9, 195.3, 0.0) | Dist: 0.11m | Reward: 0.000 | Collisions: 0 | Waypoints: 1/31
2026-05-04 17:52:51,812 - carla_training - INFO - Step 370 | Speed: 0.0 km/h | Pos: (233.9, 195.3, 0.0) | Dist: 0.11m | Reward: 0.000 | Collisions: 0 | Waypoints: 1/31
2026-05-04 17:52:56,663 - carla_training - INFO - Step 380 | Speed: 0.0 km/h | Pos: (233.8, 195.3, 0.0) | Dist: 0.10m | Reward: 0.000 | Collisions: 0 | Waypoints: 1/31
2026-05-04 17:53:01,523 - carla_training - INFO - Step 390 | Speed: 0.3 km/h | Pos: (233.8, 195.3, 0.0) | Dist: 0.10m | Reward: 0.018 | Collisions: 0 | Waypoints: 1/31
2026-05-04 17:53:06,368 - carla_training - INFO - Step 400 | Speed: 0.5 km/h | Pos: (233.7, 195.3, 0.0) | Dist: 0.10m | Reward: 0.029 | Collisions: 0 | Waypoints: 1/31
2026-05-04 17:53:11,260 - carla_training - INFO - Step 410 | Speed: 0.0 km/h | Pos: (233.7, 195.3, 0.0) | Dist: 0.10m | Reward: 0.000 | Collisions: 0 | Waypoints: 1/31
2026-05-04 17:53:16,198 - carla_training - INFO - Step 420 | Speed: 0.0 km/h | Pos: (233.7, 195.3, 0.0) | Dist: 0.10m | Reward: 0.000 | Collisions: 0 | Waypoints: 1/31
2026-05-04 17:53:21,097 - carla_training - INFO - Step 430 | Speed: 0.0 km/h | Pos: (233.7, 195.3, 0.0) | Dist: 0.10m | Reward: 0.000 | Collisions: 0 | Waypoints: 1/31
2026-05-04 17:53:26,046 - carla_training - INFO - Step 440 | Speed: 0.1 km/h | Pos: (233.7, 195.3, 0.0) | Dist: 0.10m | Reward: 0.004 | Collisions: 0 | Waypoints: 2/31
2026-05-04 17:53:30,874 - carla_training - INFO - Step 450 | Speed: 0.3 km/h | Pos: (233.7, 195.2, 0.0) | Dist: 0.10m | Reward: 0.020 | Collisions: 0 | Waypoints: 2/31
2026-05-04 17:53:35,761 - carla_training - INFO - Step 460 | Speed: 0.0 km/h | Pos: (233.7, 195.2, 0.0) | Dist: 0.10m | Reward: 0.000 | Collisions: 0 | Waypoints: 2/31
2026-05-04 17:53:40,818 - carla_training - INFO - Step 470 | Speed: 0.0 km/h | Pos: (233.7, 195.2, 0.0) | Dist: 0.10m | Reward: 0.000 | Collisions: 0 | Waypoints: 2/31
2026-05-04 17:53:45,746 - carla_training - INFO - Step 480 | Speed: 0.2 km/h | Pos: (233.7, 195.2, 0.0) | Dist: 0.10m | Reward: 0.006 | Collisions: 0 | Waypoints: 2/31
2026-05-04 17:53:50,657 - carla_training - INFO - Step 490 | Speed: 0.0 km/h | Pos: (233.6, 195.2, 0.0) | Dist: 0.09m | Reward: 0.000 | Collisions: 0 | Waypoints: 2/31
2026-05-04 17:53:55,595 - carla_training - INFO - Step 500 | Speed: 0.0 km/h | Pos: (233.6, 195.2, 0.0) | Dist: 0.09m | Reward: 0.000 | Collisions: 0 | Waypoints: 2/31
2026-05-04 17:54:00,491 - carla_training - INFO - Step 510 | Speed: 0.1 km/h | Pos: (233.6, 195.2, 0.0) | Dist: 0.09m | Reward: 0.007 | Collisions: 0 | Waypoints: 2/31
2026-05-04 17:54:05,467 - carla_training - INFO - Step 520 | Speed: 0.0 km/h | Pos: (233.6, 195.2, 0.0) | Dist: 0.09m | Reward: 0.000 | Collisions: 0 | Waypoints: 2/31
2026-05-04 17:54:10,260 - carla_training - INFO - Step 530 | Speed: 0.0 km/h | Pos: (233.6, 195.2, 0.0) | Dist: 0.09m | Reward: 0.000 | Collisions: 0 | Waypoints: 2/31
2026-05-04 17:54:15,101 - carla_training - INFO - Step 540 | Speed: 0.0 km/h | Pos: (233.6, 195.2, 0.0) | Dist: 0.09m | Reward: 0.000 | Collisions: 0 | Waypoints: 2/31
2026-05-04 17:54:20,035 - carla_training - INFO - Step 550 | Speed: 0.0 km/h | Pos: (233.6, 195.2, 0.0) | Dist: 0.09m | Reward: 0.000 | Collisions: 0 | Waypoints: 2/31
2026-05-04 17:54:24,958 - carla_training - INFO - Step 560 | Speed: 0.1 km/h | Pos: (233.6, 195.2, 0.0) | Dist: 0.09m | Reward: 0.000 | Collisions: 0 | Waypoints: 2/31
2026-05-04 17:54:29,984 - carla_training - INFO - Step 570 | Speed: 0.2 km/h | Pos: (233.6, 195.2, 0.0) | Dist: 0.09m | Reward: 0.014 | Collisions: 0 | Waypoints: 2/31
2026-05-04 17:54:34,858 - carla_training - INFO - Step 580 | Speed: 0.0 km/h | Pos: (233.5, 195.2, 0.0) | Dist: 0.09m | Reward: 0.000 | Collisions: 0 | Waypoints: 2/31
2026-05-04 17:54:39,852 - carla_training - INFO - Step 590 | Speed: 0.0 km/h | Pos: (233.5, 195.2, 0.0) | Dist: 0.09m | Reward: 0.000 | Collisions: 0 | Waypoints: 2/31
2026-05-04 17:54:44,747 - carla_training - INFO - Step 600 | Speed: 0.0 km/h | Pos: (233.5, 195.2, 0.0) | Dist: 0.09m | Reward: 0.000 | Collisions: 0 | Waypoints: 2/31
2026-05-04 17:54:49,617 - carla_training - INFO - Step 610 | Speed: 0.0 km/h | Pos: (233.5, 195.2, 0.0) | Dist: 0.09m | Reward: 0.000 | Collisions: 0 | Waypoints: 2/31
2026-05-04 17:54:54,544 - carla_training - INFO - Step 620 | Speed: 0.0 km/h | Pos: (233.5, 195.2, 0.0) | Dist: 0.09m | Reward: 0.000 | Collisions: 0 | Waypoints: 2/31
2026-05-04 17:54:59,434 - carla_training - INFO - Step 630 | Speed: 0.0 km/h | Pos: (233.5, 195.2, 0.0) | Dist: 0.09m | Reward: 0.000 | Collisions: 0 | Waypoints: 2/31
2026-05-04 17:55:04,463 - carla_training - INFO - Step 640 | Speed: 0.0 km/h | Pos: (233.5, 195.2, 0.0) | Dist: 0.09m | Reward: 0.000 | Collisions: 0 | Waypoints: 2/31
2026-05-04 17:55:09,387 - carla_training - INFO - Step 650 | Speed: 0.9 km/h | Pos: (233.5, 195.2, 0.0) | Dist: 0.09m | Reward: 0.029 | Collisions: 0 | Waypoints: 2/31
2026-05-04 17:55:14,285 - carla_training - INFO - Step 660 | Speed: 0.0 km/h | Pos: (233.4, 195.2, 0.0) | Dist: 0.08m | Reward: 0.000 | Collisions: 0 | Waypoints: 2/31
2026-05-04 17:55:19,321 - carla_training - INFO - Step 670 | Speed: 0.0 km/h | Pos: (233.4, 195.2, 0.0) | Dist: 0.08m | Reward: 0.000 | Collisions: 0 | Waypoints: 2/31
2026-05-04 17:55:24,994 - carla_training - INFO - Step 680 | Speed: 0.0 km/h | Pos: (233.4, 195.2, 0.0) | Dist: 0.08m | Reward: 0.000 | Collisions: 0 | Waypoints: 2/31
2026-05-04 17:55:30,683 - carla_training - INFO - Step 690 | Speed: 0.0 km/h | Pos: (233.3, 195.2, 0.0) | Dist: 0.08m | Reward: 0.000 | Collisions: 0 | Waypoints: 2/31
2026-05-04 17:55:36,301 - carla_training - INFO - Step 700 | Speed: 0.2 km/h | Pos: (233.3, 195.2, 0.0) | Dist: 0.08m | Reward: 0.010 | Collisions: 0 | Waypoints: 2/31
2026-05-04 17:55:41,925 - carla_training - INFO - Step 710 | Speed: 0.5 km/h | Pos: (233.3, 195.2, 0.0) | Dist: 0.08m | Reward: 0.029 | Collisions: 0 | Waypoints: 2/31
2026-05-04 17:55:47,480 - carla_training - INFO - Step 720 | Speed: 0.0 km/h | Pos: (233.3, 195.2, 0.0) | Dist: 0.08m | Reward: 0.000 | Collisions: 0 | Waypoints: 2/31
2026-05-04 17:55:53,042 - carla_training - INFO - Step 730 | Speed: 0.7 km/h | Pos: (233.2, 195.2, 0.0) | Dist: 0.08m | Reward: 0.044 | Collisions: 0 | Waypoints: 2/31
2026-05-04 17:55:58,644 - carla_training - INFO - Step 740 | Speed: 0.0 km/h | Pos: (233.2, 195.2, 0.0) | Dist: 0.08m | Reward: 0.000 | Collisions: 0 | Waypoints: 2/31
2026-05-04 17:56:04,223 - carla_training - INFO - Step 750 | Speed: 0.3 km/h | Pos: (233.2, 195.2, 0.0) | Dist: 0.08m | Reward: 0.019 | Collisions: 0 | Waypoints: 2/31
2026-05-04 17:56:09,843 - carla_training - INFO - Step 760 | Speed: 0.0 km/h | Pos: (233.2, 195.2, 0.0) | Dist: 0.08m | Reward: 0.000 | Collisions: 0 | Waypoints: 2/31
2026-05-04 17:56:15,392 - carla_training - INFO - Step 770 | Speed: 0.1 km/h | Pos: (233.2, 195.2, 0.0) | Dist: 0.07m | Reward: 0.002 | Collisions: 0 | Waypoints: 2/31
2026-05-04 17:56:20,945 - carla_training - INFO - Step 780 | Speed: 0.3 km/h | Pos: (233.2, 195.2, 0.0) | Dist: 0.07m | Reward: 0.012 | Collisions: 0 | Waypoints: 2/31
2026-05-04 17:56:26,440 - carla_training - INFO - Step 790 | Speed: 0.0 km/h | Pos: (233.2, 195.2, 0.0) | Dist: 0.07m | Reward: 0.000 | Collisions: 0 | Waypoints: 2/31
2026-05-04 17:56:31,956 - carla_training - INFO - Step 800 | Speed: 0.2 km/h | Pos: (233.1, 195.2, 0.0) | Dist: 0.07m | Reward: 0.011 | Collisions: 0 | Waypoints: 2/31
2026-05-04 17:56:37,421 - carla_training - INFO - Step 810 | Speed: 0.0 km/h | Pos: (233.1, 195.2, 0.0) | Dist: 0.07m | Reward: 0.000 | Collisions: 0 | Waypoints: 2/31
2026-05-04 17:56:42,937 - carla_training - INFO - Step 820 | Speed: 0.0 km/h | Pos: (233.1, 195.2, 0.0) | Dist: 0.07m | Reward: 0.000 | Collisions: 0 | Waypoints: 2/31
2026-05-04 17:56:48,421 - carla_training - INFO - Step 830 | Speed: 0.0 km/h | Pos: (233.1, 195.2, 0.0) | Dist: 0.07m | Reward: 0.000 | Collisions: 0 | Waypoints: 2/31
2026-05-04 17:56:53,943 - carla_training - INFO - Step 840 | Speed: 0.7 km/h | Pos: (233.1, 195.2, 0.0) | Dist: 0.08m | Reward: 0.013 | Collisions: 0 | Waypoints: 2/31
2026-05-04 17:56:59,660 - carla_training - INFO - Step 850 | Speed: 0.0 km/h | Pos: (233.1, 195.2, 0.0) | Dist: 0.08m | Reward: 0.000 | Collisions: 0 | Waypoints: 2/31
2026-05-04 17:57:05,020 - carla_training - INFO - Step 860 | Speed: 0.3 km/h | Pos: (233.1, 195.2, 0.0) | Dist: 0.08m | Reward: 0.021 | Collisions: 0 | Waypoints: 2/31
2026-05-04 17:57:11,157 - carla_training - INFO - Step 870 | Speed: 0.5 km/h | Pos: (233.1, 195.2, 0.0) | Dist: 0.08m | Reward: 0.020 | Collisions: 0 | Waypoints: 2/31
2026-05-04 17:57:16,421 - carla_training - INFO - Step 880 | Speed: 0.0 km/h | Pos: (233.0, 195.2, 0.0) | Dist: 0.08m | Reward: 0.000 | Collisions: 0 | Waypoints: 2/31
2026-05-04 17:57:22,013 - carla_training - INFO - Step 890 | Speed: 0.3 km/h | Pos: (233.0, 195.2, 0.0) | Dist: 0.08m | Reward: 0.013 | Collisions: 0 | Waypoints: 2/31
2026-05-04 17:57:27,611 - carla_training - INFO - Step 900 | Speed: 0.0 km/h | Pos: (233.0, 195.2, 0.0) | Dist: 0.08m | Reward: 0.000 | Collisions: 0 | Waypoints: 2/31
2026-05-04 17:57:33,202 - carla_training - INFO - Step 910 | Speed: 0.4 km/h | Pos: (233.0, 195.2, 0.0) | Dist: 0.08m | Reward: 0.023 | Collisions: 0 | Waypoints: 2/31
2026-05-04 17:57:38,742 - carla_training - INFO - Step 920 | Speed: 0.0 km/h | Pos: (233.0, 195.2, 0.0) | Dist: 0.08m | Reward: 0.000 | Collisions: 0 | Waypoints: 2/31
2026-05-04 17:57:44,327 - carla_training - INFO - Step 930 | Speed: 0.0 km/h | Pos: (232.9, 195.2, 0.0) | Dist: 0.08m | Reward: 0.000 | Collisions: 0 | Waypoints: 2/31
2026-05-04 17:57:49,945 - carla_training - INFO - Step 940 | Speed: 0.0 km/h | Pos: (232.9, 195.2, 0.0) | Dist: 0.08m | Reward: 0.000 | Collisions: 0 | Waypoints: 2/31
2026-05-04 17:57:55,510 - carla_training - INFO - Step 950 | Speed: 0.0 km/h | Pos: (232.9, 195.2, 0.0) | Dist: 0.08m | Reward: 0.000 | Collisions: 0 | Waypoints: 2/31
2026-05-04 17:58:01,103 - carla_training - INFO - Step 960 | Speed: 0.1 km/h | Pos: (232.9, 195.2, 0.0) | Dist: 0.08m | Reward: 0.001 | Collisions: 0 | Waypoints: 2/31
2026-05-04 17:58:06,701 - carla_training - INFO - Step 970 | Speed: 0.3 km/h | Pos: (232.9, 195.2, 0.0) | Dist: 0.08m | Reward: 0.013 | Collisions: 0 | Waypoints: 2/31
2026-05-04 17:58:12,294 - carla_training - INFO - Step 980 | Speed: 0.3 km/h | Pos: (232.9, 195.2, 0.0) | Dist: 0.08m | Reward: 0.022 | Collisions: 0 | Waypoints: 2/31
2026-05-04 17:58:18,273 - carla_training - INFO - Step 990 | Speed: 0.0 km/h | Pos: (232.8, 195.2, 0.0) | Dist: 0.09m | Reward: 0.000 | Collisions: 0 | Waypoints: 2/31
2026-05-04 17:58:24,290 - carla_training - INFO - Step 1000 | Speed: 0.1 km/h | Pos: (232.8, 195.2, 0.0) | Dist: 0.08m | Reward: 0.002 | Collisions: 0 | Waypoints: 2/31
2026-05-04 17:58:30,275 - carla_training - INFO - Step 1010 | Speed: 1.9 km/h | Pos: (232.8, 195.2, 0.0) | Dist: 0.08m | Reward: 0.104 | Collisions: 0 | Waypoints: 2/31
2026-05-04 17:58:36,211 - carla_training - INFO - Step 1020 | Speed: 0.2 km/h | Pos: (232.8, 195.2, 0.0) | Dist: 0.08m | Reward: 0.013 | Collisions: 0 | Waypoints: 2/31
2026-05-04 17:58:42,244 - carla_training - INFO - Step 1030 | Speed: 0.0 km/h | Pos: (232.8, 195.2, 0.0) | Dist: 0.08m | Reward: 0.000 | Collisions: 0 | Waypoints: 2/31
2026-05-04 17:58:48,314 - carla_training - INFO - Step 1040 | Speed: 0.1 km/h | Pos: (232.8, 195.2, 0.0) | Dist: 0.08m | Reward: 0.004 | Collisions: 0 | Waypoints: 2/31
2026-05-04 17:58:54,347 - carla_training - INFO - Step 1050 | Speed: 0.0 km/h | Pos: (232.8, 195.2, 0.0) | Dist: 0.08m | Reward: 0.000 | Collisions: 0 | Waypoints: 2/31
2026-05-04 17:58:56,743 - carla_training - INFO - 
Training speed: 1 fps | Total steps: 2000
2026-05-04 17:59:00,313 - carla_training - INFO - Step 1060 | Speed: 0.0 km/h | Pos: (232.7, 195.2, 0.0) | Dist: 0.08m | Reward: 0.000 | Collisions: 0 | Waypoints: 2/31
2026-05-04 17:59:06,138 - carla_training - INFO - Step 1070 | Speed: 0.0 km/h | Pos: (232.7, 195.2, 0.0) | Dist: 0.08m | Reward: 0.000 | Collisions: 0 | Waypoints: 2/31
2026-05-04 17:59:11,942 - carla_training - INFO - Step 1080 | Speed: 0.0 km/h | Pos: (232.7, 195.2, 0.0) | Dist: 0.08m | Reward: 0.000 | Collisions: 0 | Waypoints: 2/31
2026-05-04 17:59:17,847 - carla_training - INFO - Step 1090 | Speed: 0.1 km/h | Pos: (232.7, 195.2, 0.0) | Dist: 0.08m | Reward: 0.003 | Collisions: 0 | Waypoints: 2/31
2026-05-04 17:59:23,687 - carla_training - INFO - Step 1100 | Speed: 0.0 km/h | Pos: (232.7, 195.2, 0.0) | Dist: 0.08m | Reward: 0.000 | Collisions: 0 | Waypoints: 2/31
2026-05-04 17:59:29,595 - carla_training - INFO - Step 1110 | Speed: 0.0 km/h | Pos: (232.7, 195.2, 0.0) | Dist: 0.08m | Reward: 0.000 | Collisions: 0 | Waypoints: 2/31
2026-05-04 17:59:34,648 - carla_training - INFO - Step 1120 | Speed: 0.0 km/h | Pos: (232.7, 195.2, 0.0) | Dist: 0.08m | Reward: 0.000 | Collisions: 0 | Waypoints: 2/31
2026-05-04 17:59:39,737 - carla_training - INFO - Step 1130 | Speed: 0.0 km/h | Pos: (232.7, 195.2, 0.0) | Dist: 0.08m | Reward: 0.000 | Collisions: 0 | Waypoints: 2/31
2026-05-04 17:59:44,778 - carla_training - INFO - Step 1140 | Speed: 0.1 km/h | Pos: (232.7, 195.2, 0.0) | Dist: 0.08m | Reward: 0.008 | Collisions: 0 | Waypoints: 2/31
2026-05-04 17:59:50,070 - carla_training - INFO - Step 1150 | Speed: 0.0 km/h | Pos: (232.7, 195.2, 0.0) | Dist: 0.08m | Reward: 0.000 | Collisions: 0 | Waypoints: 2/31
2026-05-04 17:59:55,295 - carla_training - INFO - Step 1160 | Speed: 0.0 km/h | Pos: (232.7, 195.2, 0.0) | Dist: 0.08m | Reward: 0.000 | Collisions: 0 | Waypoints: 2/31
2026-05-04 18:00:00,422 - carla_training - INFO - Step 1170 | Speed: 0.0 km/h | Pos: (232.6, 195.2, 0.0) | Dist: 0.08m | Reward: 0.000 | Collisions: 0 | Waypoints: 2/31
2026-05-04 18:00:05,563 - carla_training - INFO - Step 1180 | Speed: 0.1 km/h | Pos: (232.6, 195.2, 0.0) | Dist: 0.08m | Reward: 0.000 | Collisions: 0 | Waypoints: 2/31
2026-05-04 18:00:10,694 - carla_training - INFO - Step 1190 | Speed: 0.0 km/h | Pos: (232.6, 195.2, 0.0) | Dist: 0.08m | Reward: 0.000 | Collisions: 0 | Waypoints: 2/31
2026-05-04 18:00:15,744 - carla_training - INFO - Step 1200 | Speed: 0.0 km/h | Pos: (232.6, 195.2, 0.0) | Dist: 0.08m | Reward: 0.000 | Collisions: 0 | Waypoints: 2/31
2026-05-04 18:00:20,913 - carla_training - INFO - Step 1210 | Speed: 0.0 km/h | Pos: (232.6, 195.2, 0.0) | Dist: 0.08m | Reward: 0.000 | Collisions: 0 | Waypoints: 2/31
2026-05-04 18:00:21,930 - carla_training - INFO - 
============================================================
2026-05-04 18:00:21,932 - carla_training - INFO - Episode 10 Summary:
2026-05-04 18:00:21,932 - carla_training - INFO -   Termination Reason: REWARD_BASED (Unknown)
2026-05-04 18:00:21,932 - carla_training - INFO -   Total Reward: -1.43
2026-05-04 18:00:21,932 - carla_training - INFO -   Steps: 1212
2026-05-04 18:00:21,932 - carla_training - INFO -   Duration: 643.77 seconds
2026-05-04 18:00:21,932 - carla_training - INFO -   Average Speed: 0.16 km/h
2026-05-04 18:00:21,932 - carla_training - INFO -   Max Speed: 2.94 km/h
2026-05-04 18:00:21,932 - carla_training - INFO -   Total Distance: 2.18 meters
2026-05-04 18:00:21,932 - carla_training - INFO -   Average Lane Deviation: 0.09 meters
2026-05-04 18:00:21,932 - carla_training - INFO -   Waypoints Reached: 2
2026-05-04 18:00:21,932 - carla_training - INFO - ============================================================

2026-05-04 18:00:22,008 - carla_training - INFO - 🚗 Vehicle spawned and stabilized!
2026-05-04 18:00:22,030 - carla_training - INFO - ✅ Generated 31 waypoints for navigation
2026-05-04 18:00:22,030 - carla_training - INFO -    Complexity: 0 junctions, 0 turns (0.0% turn rate)
2026-05-04 18:00:23,343 - carla_training - INFO - ✅ Metrics backup saved: Episode 10
2026-05-04 18:00:23,383 - carla_training - INFO - 💾 Saving checkpoint at episode 10...
2026-05-04 18:00:23,442 - carla_training - INFO - ✅ Model saved: ./checkpoints/trained_ssl_rl\model_ep10
2026-05-04 18:00:23,444 - carla_training - INFO - ✅ Env stats saved: ./checkpoints/trained_ssl_rl\env_ep10.pkl
2026-05-04 18:00:28,533 - carla_training - INFO - Step 10 | Speed: 0.0 km/h | Pos: (234.7, 195.3, 0.0) | Dist: 0.12m | Reward: 0.000 | Collisions: 0 | Waypoints: 1/31
2026-05-04 18:00:33,701 - carla_training - INFO - Step 20 | Speed: 0.0 km/h | Pos: (234.7, 195.3, 0.0) | Dist: 0.12m | Reward: 0.000 | Collisions: 0 | Waypoints: 1/31
2026-05-04 18:00:38,877 - carla_training - INFO - Step 30 | Speed: 0.0 km/h | Pos: (234.7, 195.3, 0.0) | Dist: 0.12m | Reward: 0.000 | Collisions: 0 | Waypoints: 1/31
2026-05-04 18:00:44,007 - carla_training - INFO - Step 40 | Speed: 1.8 km/h | Pos: (234.7, 195.3, 0.0) | Dist: 0.11m | Reward: 0.044 | Collisions: 0 | Waypoints: 1/31
2026-05-04 18:00:49,090 - carla_training - INFO - Step 50 | Speed: 0.0 km/h | Pos: (234.6, 195.3, 0.0) | Dist: 0.11m | Reward: 0.000 | Collisions: 0 | Waypoints: 1/31
2026-05-04 18:00:54,166 - carla_training - INFO - Step 60 | Speed: 0.8 km/h | Pos: (234.6, 195.3, 0.0) | Dist: 0.10m | Reward: 0.037 | Collisions: 0 | Waypoints: 1/31
2026-05-04 18:00:59,293 - carla_training - INFO - Step 70 | Speed: 0.0 km/h | Pos: (234.5, 195.3, 0.0) | Dist: 0.10m | Reward: 0.000 | Collisions: 0 | Waypoints: 1/31
2026-05-04 18:01:04,459 - carla_training - INFO - Step 80 | Speed: 0.6 km/h | Pos: (234.5, 195.2, 0.0) | Dist: 0.10m | Reward: 0.030 | Collisions: 0 | Waypoints: 1/31
2026-05-04 18:01:09,488 - carla_training - INFO - Step 90 | Speed: 0.1 km/h | Pos: (234.5, 195.3, 0.0) | Dist: 0.10m | Reward: 0.000 | Collisions: 0 | Waypoints: 1/31
2026-05-04 18:01:14,580 - carla_training - INFO - Step 100 | Speed: 0.0 km/h | Pos: (234.5, 195.2, 0.0) | Dist: 0.10m | Reward: 0.000 | Collisions: 0 | Waypoints: 1/31
2026-05-04 18:01:19,652 - carla_training - INFO - Step 110 | Speed: 0.0 km/h | Pos: (234.4, 195.2, 0.0) | Dist: 0.10m | Reward: 0.000 | Collisions: 0 | Waypoints: 1/31
2026-05-04 18:01:24,669 - carla_training - INFO - Step 120 | Speed: 0.0 km/h | Pos: (234.4, 195.2, 0.0) | Dist: 0.10m | Reward: 0.000 | Collisions: 0 | Waypoints: 1/31
2026-05-04 18:01:29,734 - carla_training - INFO - Step 130 | Speed: 0.0 km/h | Pos: (234.4, 195.2, 0.0) | Dist: 0.10m | Reward: 0.000 | Collisions: 0 | Waypoints: 1/31
2026-05-04 18:01:34,805 - carla_training - INFO - Step 140 | Speed: 0.0 km/h | Pos: (234.4, 195.2, 0.0) | Dist: 0.10m | Reward: 0.000 | Collisions: 0 | Waypoints: 1/31
2026-05-04 18:01:39,923 - carla_training - INFO - Step 150 | Speed: 0.5 km/h | Pos: (234.4, 195.2, 0.0) | Dist: 0.09m | Reward: 0.027 | Collisions: 0 | Waypoints: 1/31
2026-05-04 18:01:44,967 - carla_training - INFO - Step 160 | Speed: 1.3 km/h | Pos: (234.3, 195.2, 0.0) | Dist: 0.09m | Reward: 0.075 | Collisions: 0 | Waypoints: 1/31
2026-05-04 18:01:49,981 - carla_training - INFO - Step 170 | Speed: 0.1 km/h | Pos: (234.3, 195.2, 0.0) | Dist: 0.09m | Reward: 0.004 | Collisions: 0 | Waypoints: 1/31
2026-05-04 18:01:55,167 - carla_training - INFO - Step 180 | Speed: 0.3 km/h | Pos: (234.3, 195.2, 0.0) | Dist: 0.09m | Reward: 0.008 | Collisions: 0 | Waypoints: 1/31
2026-05-04 18:02:00,281 - carla_training - INFO - Step 190 | Speed: 0.1 km/h | Pos: (234.3, 195.2, 0.0) | Dist: 0.09m | Reward: 0.008 | Collisions: 0 | Waypoints: 1/31
2026-05-04 18:02:05,336 - carla_training - INFO - Step 200 | Speed: 0.2 km/h | Pos: (234.3, 195.2, 0.0) | Dist: 0.09m | Reward: 0.014 | Collisions: 0 | Waypoints: 1/31
2026-05-04 18:02:10,355 - carla_training - INFO - Step 210 | Speed: 0.0 km/h | Pos: (234.2, 195.2, 0.0) | Dist: 0.09m | Reward: 0.000 | Collisions: 0 | Waypoints: 1/31
2026-05-04 18:02:15,452 - carla_training - INFO - Step 220 | Speed: 1.1 km/h | Pos: (234.2, 195.2, 0.0) | Dist: 0.09m | Reward: 0.058 | Collisions: 0 | Waypoints: 1/31
2026-05-04 18:02:20,571 - carla_training - INFO - Step 230 | Speed: 0.0 km/h | Pos: (234.2, 195.2, 0.0) | Dist: 0.09m | Reward: 0.000 | Collisions: 0 | Waypoints: 1/31
2026-05-04 18:02:25,777 - carla_training - INFO - Step 240 | Speed: 0.0 km/h | Pos: (234.0, 195.2, 0.0) | Dist: 0.09m | Reward: 0.000 | Collisions: 0 | Waypoints: 1/31
2026-05-04 18:02:30,891 - carla_training - INFO - Step 250 | Speed: 0.0 km/h | Pos: (234.0, 195.2, 0.0) | Dist: 0.09m | Reward: 0.000 | Collisions: 0 | Waypoints: 1/31
2026-05-04 18:02:34,035 - carla_training - INFO - 

Training interrupted! Saving current model...

2026-05-04 18:02:34,093 - carla_training - INFO - ✅ Final model saved to ./checkpoints/trained_ssl_rl\carla_ppo_20260504_174117_final
2026-05-04 18:02:34,095 - carla_training - INFO - ✅ Environment normalization stats saved to ./checkpoints/trained_ssl_rl\carla_ppo_20260504_174117_env_final.pkl
2026-05-04 18:02:34,097 - carla_training - INFO - ✅ Metrics backup saved: Episode 0
2026-05-04 18:02:34,098 - carla_training - ERROR - ⚠️ Error saving CSV: All arrays must be of the same length
2026-05-04 18:02:34,098 - carla_training - INFO - ✅ Final metrics saved for episode 0.
2026-05-04 18:02:34,123 - carla_training - INFO - 🔄 Restored asynchronous mode
2026-05-04 18:02:34,124 - carla_training - INFO - ✅ Environment and monitor closed.
2026-05-04 18:02:34,124 - carla_training - INFO - 
🎉 Training completed!
2026-05-04 18:03:49,641 - carla_training - INFO - Using device: cuda
2026-05-04 18:03:50,969 - carla_training - INFO - Creating new log directory: ./tensorboard_logs/trained_ssl_rl\carla_ppo_20260504_180350
2026-05-04 18:03:50,976 - carla_training - INFO - ✅ TensorBoard writer initialized successfully
2026-05-04 18:03:50,976 - carla_training - INFO - 
==================================================
2026-05-04 18:03:50,976 - carla_training - INFO - CARLA RL Training Configuration:
2026-05-04 18:03:50,976 - carla_training - INFO - - Total Episodes Target: 10000
2026-05-04 18:03:50,976 - carla_training - INFO - - Current Episode: 0
2026-05-04 18:03:50,976 - carla_training - INFO - - Remaining Episodes: 10000
2026-05-04 18:03:50,976 - carla_training - INFO - - Town: Town01
2026-05-04 18:03:50,976 - carla_training - INFO - - Device: cuda
2026-05-04 18:03:50,976 - carla_training - INFO - - Learning Rate: 0.0003
2026-05-04 18:03:50,976 - carla_training - INFO - - Batch Size: 128
2026-05-04 18:03:50,977 - carla_training - INFO - - Debug Route: False
2026-05-04 18:03:50,977 - carla_training - INFO - - Log Directory: ./tensorboard_logs/trained_ssl_rl\carla_ppo_20260504_180350
2026-05-04 18:03:50,977 - carla_training - INFO - ==================================================

2026-05-04 18:03:50,977 - carla_training - INFO - Creating environment...
2026-05-04 18:03:52,172 - timm.models.helpers - INFO - Loading pretrained weights from url (https://dl.fbaipublicfiles.com/convnext/convnext_tiny_1k_224_ema.pth)
2026-05-04 18:03:52,497 - timm.models.helpers - INFO - Converted input conv stem.0 pretrained weights from 3 to 1 channel(s)
2026-05-04 18:03:53,928 - carla_training - WARNING - SSL checkpoint not found at checkpoints/ssl/pretrained_perception.pth
2026-05-04 18:03:53,929 - carla_training - INFO - ⚠️ Using default initialization for perception system
2026-05-04 18:04:11,160 - carla_training - INFO - 🚗 Vehicle spawned and stabilized!
2026-05-04 18:04:11,208 - carla_training - INFO - ✅ Generated 30 waypoints for navigation
2026-05-04 18:04:11,208 - carla_training - INFO -    Complexity: 0 junctions, 0 turns (0.0% turn rate)
2026-05-04 18:04:11,208 - carla_training - INFO - ✅ Connected to CARLA and loaded Town01
2026-05-04 18:04:11,215 - carla_training - INFO - Creating new PPO model...
2026-05-04 18:04:11,274 - carla_training - INFO - 
Continuing training for 10000 more episodes...
2026-05-04 18:04:11,333 - carla_training - INFO - 🚗 Vehicle spawned and stabilized!
2026-05-04 18:04:11,345 - carla_training - INFO - ✅ Generated 30 waypoints for navigation
2026-05-04 18:04:11,345 - carla_training - INFO -    Complexity: 0 junctions, 0 turns (0.0% turn rate)
2026-05-04 18:04:17,887 - carla_training - INFO - Step 10 | Speed: 0.0 km/h | Pos: (234.7, 195.3, 0.0) | Dist: 0.12m | Reward: 0.000 | Collisions: 0 | Waypoints: 1/30
2026-05-04 18:04:21,108 - carla_training - INFO - Step 20 | Speed: 10.8 km/h | Pos: (233.9, 195.1, 0.0) | Dist: 0.03m | Reward: 0.341 | Collisions: 0 | Waypoints: 1/30
2026-05-04 18:04:24,307 - carla_training - INFO - Step 30 | Speed: 15.4 km/h | Pos: (232.0, 195.1, 0.0) | Dist: 0.01m | Reward: 0.261 | Collisions: 0 | Waypoints: 2/30
2026-05-04 18:04:27,490 - carla_training - INFO - Step 40 | Speed: 18.7 km/h | Pos: (229.7, 195.7, 0.0) | Dist: 0.59m | Reward: 0.109 | Collisions: 0 | Waypoints: 3/30
2026-05-04 18:04:30,684 - carla_training - INFO - Step 50 | Speed: 21.2 km/h | Pos: (227.1, 196.3, 0.0) | Dist: 1.18m | Reward: 0.000 | Collisions: 0 | Waypoints: 5/30
2026-05-04 18:04:33,903 - carla_training - INFO - Step 60 | Speed: 24.5 km/h | Pos: (223.9, 197.3, 0.0) | Dist: 1.82m | Reward: 0.000 | Collisions: 0 | Waypoints: 6/30
2026-05-04 18:04:37,185 - carla_training - INFO - Step 70 | Speed: 27.4 km/h | Pos: (221.0, 199.4, 0.0) | Dist: 0.21m | Reward: 0.000 | Collisions: 0 | Waypoints: 6/30
2026-05-04 18:04:39,165 - carla_training - INFO - ⚠️ Collision #1 detected with static.prop.mesh!
2026-05-04 18:04:39,502 - carla_training - INFO - ⚠️ Collision #2 detected with static.prop.mesh!
2026-05-04 18:04:39,502 - carla_training - INFO - ⚠️ Collision #3 detected with static.prop.mesh!
2026-05-04 18:04:39,828 - carla_training - INFO - ⚠️ Collision #4 detected with static.prop.mesh!
2026-05-04 18:04:39,828 - carla_training - INFO - ⚠️ Collision #5 detected with static.prop.mesh!
2026-05-04 18:04:40,467 - carla_training - INFO - Step 80 | Speed: 31.6 km/h | Pos: (217.5, 201.5, 0.1) | Dist: 2.36m | Reward: -0.267 | Collisions: 8 | Waypoints: 6/30
2026-05-04 18:04:43,724 - carla_training - INFO - Step 90 | Speed: 3.5 km/h | Pos: (216.2, 202.1, 0.1) | Dist: 3.00m | Reward: -0.567 | Collisions: 17 | Waypoints: 6/30
2026-05-04 18:04:44,389 - carla_training - INFO - ⚠️ Collision #20 detected (continuing episode)
2026-05-04 18:04:45,377 - carla_training - INFO - 
============================================================
2026-05-04 18:04:45,377 - carla_training - INFO - Episode 1 Summary:
2026-05-04 18:04:45,377 - carla_training - INFO -   Termination Reason: REWARD_BASED (Unknown)
2026-05-04 18:04:45,377 - carla_training - INFO -   Total Reward: -6.94
2026-05-04 18:04:45,377 - carla_training - INFO -   Steps: 95
2026-05-04 18:04:45,377 - carla_training - INFO -   Duration: 34.10 seconds
2026-05-04 18:04:45,377 - carla_training - INFO -   Average Speed: 15.74 km/h
2026-05-04 18:04:45,377 - carla_training - INFO -   Max Speed: 32.60 km/h
2026-05-04 18:04:45,377 - carla_training - INFO -   Total Distance: 20.74 meters
2026-05-04 18:04:45,377 - carla_training - INFO -   Average Lane Deviation: 1.03 meters
2026-05-04 18:04:45,377 - carla_training - INFO -   Waypoints Reached: 6
2026-05-04 18:04:45,377 - carla_training - INFO - ============================================================

2026-05-04 18:04:45,430 - carla_training - INFO - 🚗 Vehicle spawned and stabilized!
2026-05-04 18:04:45,440 - carla_training - INFO - ✅ Generated 30 waypoints for navigation
2026-05-04 18:04:45,440 - carla_training - INFO -    Complexity: 0 junctions, 0 turns (0.0% turn rate)
2026-05-04 18:04:50,833 - carla_training - INFO - Step 10 | Speed: 0.0 km/h | Pos: (234.7, 195.3, 0.0) | Dist: 0.12m | Reward: 0.000 | Collisions: 0 | Waypoints: 1/30
2026-05-04 18:04:56,213 - carla_training - INFO - Step 20 | Speed: 9.6 km/h | Pos: (234.1, 195.1, 0.0) | Dist: 0.02m | Reward: 0.000 | Collisions: 0 | Waypoints: 1/30
2026-05-04 18:04:59,680 - carla_training - INFO - Step 30 | Speed: 15.1 km/h | Pos: (232.5, 194.5, 0.0) | Dist: 0.67m | Reward: 0.000 | Collisions: 0 | Waypoints: 2/30
2026-05-04 18:05:03,333 - carla_training - INFO - Step 40 | Speed: 18.7 km/h | Pos: (230.4, 193.3, 0.0) | Dist: 1.82m | Reward: 0.061 | Collisions: 0 | Waypoints: 3/30
2026-05-04 18:05:03,339 - carla_training - INFO - ⚠️ Collision #1 detected with static.pole!
2026-05-04 18:05:05,826 - carla_training - INFO - ⚠️ Collision #2 detected with static.pole!
2026-05-04 18:05:05,826 - carla_training - INFO - ⚠️ Collision #3 detected with static.pole!
2026-05-04 18:05:05,826 - carla_training - INFO - ⚠️ Collision #4 detected with static.pole!
2026-05-04 18:05:05,826 - carla_training - INFO - ⚠️ Collision #5 detected with static.pole!
2026-05-04 18:05:07,167 - carla_training - INFO - ⚠️ Collision #20 detected (continuing episode)
2026-05-04 18:05:07,574 - carla_training - INFO - Step 50 | Speed: 0.1 km/h | Pos: (230.3, 193.2, 0.1) | Dist: 1.99m | Reward: -0.667 | Collisions: 20 | Waypoints: 3/30
2026-05-04 18:05:08,863 - carla_training - INFO - 
============================================================
2026-05-04 18:05:08,863 - carla_training - INFO - Episode 2 Summary:
2026-05-04 18:05:08,863 - carla_training - INFO -   Termination Reason: REWARD_BASED (Unknown)
2026-05-04 18:05:08,863 - carla_training - INFO -   Total Reward: -14.03
2026-05-04 18:05:08,863 - carla_training - INFO -   Steps: 53
2026-05-04 18:05:08,863 - carla_training - INFO -   Duration: 23.48 seconds
2026-05-04 18:05:08,863 - carla_training - INFO -   Average Speed: 7.07 km/h
2026-05-04 18:05:08,863 - carla_training - INFO -   Max Speed: 18.80 km/h
2026-05-04 18:05:08,864 - carla_training - INFO -   Total Distance: 5.18 meters
2026-05-04 18:05:08,864 - carla_training - INFO -   Average Lane Deviation: 0.84 meters
2026-05-04 18:05:08,864 - carla_training - INFO -   Waypoints Reached: 3
2026-05-04 18:05:08,864 - carla_training - INFO - ============================================================

2026-05-04 18:05:08,936 - carla_training - INFO - 🚗 Vehicle spawned and stabilized!
2026-05-04 18:05:08,951 - carla_training - INFO - ✅ Generated 30 waypoints for navigation
2026-05-04 18:05:08,951 - carla_training - INFO -    Complexity: 0 junctions, 0 turns (0.0% turn rate)
2026-05-04 18:05:14,054 - carla_training - INFO - Step 10 | Speed: 0.0 km/h | Pos: (234.7, 195.3, 0.0) | Dist: 0.12m | Reward: 0.000 | Collisions: 0 | Waypoints: 1/30
2026-05-04 18:05:18,293 - carla_training - INFO - Step 20 | Speed: 9.2 km/h | Pos: (234.2, 195.2, 0.0) | Dist: 0.09m | Reward: 0.512 | Collisions: 0 | Waypoints: 1/30
2026-05-04 18:05:22,495 - carla_training - INFO - Step 30 | Speed: 15.4 km/h | Pos: (232.5, 195.4, 0.0) | Dist: 0.22m | Reward: 0.877 | Collisions: 0 | Waypoints: 2/30
2026-05-04 18:05:26,720 - carla_training - INFO - Step 40 | Speed: 19.5 km/h | Pos: (230.1, 195.6, 0.0) | Dist: 0.43m | Reward: 0.676 | Collisions: 0 | Waypoints: 3/30
2026-05-04 18:05:30,959 - carla_training - INFO - Step 50 | Speed: 22.4 km/h | Pos: (227.2, 195.6, 0.0) | Dist: 0.48m | Reward: 0.359 | Collisions: 0 | Waypoints: 5/30
2026-05-04 18:05:35,298 - carla_training - INFO - Step 60 | Speed: 25.3 km/h | Pos: (224.0, 196.3, 0.0) | Dist: 1.18m | Reward: 0.000 | Collisions: 0 | Waypoints: 6/30
2026-05-04 18:05:39,601 - carla_training - INFO - Step 70 | Speed: 27.0 km/h | Pos: (221.1, 198.4, 0.0) | Dist: 0.72m | Reward: 0.000 | Collisions: 0 | Waypoints: 7/30
2026-05-04 18:05:41,111 - carla_training - INFO - 

Training interrupted! Saving current model...

2026-05-04 18:05:41,154 - carla_training - INFO - ✅ Final model saved to ./checkpoints/trained_ssl_rl\carla_ppo_20260504_180350_final
2026-05-04 18:05:41,155 - carla_training - INFO - ✅ Environment normalization stats saved to ./checkpoints/trained_ssl_rl\carla_ppo_20260504_180350_env_final.pkl
2026-05-04 18:05:41,157 - carla_training - INFO - ✅ Metrics backup saved: Episode 0
2026-05-04 18:05:41,164 - carla_training - ERROR - ⚠️ Error saving CSV: All arrays must be of the same length
2026-05-04 18:05:41,164 - carla_training - INFO - ✅ Final metrics saved for episode 0.
2026-05-04 18:05:41,185 - carla_training - INFO - 🔄 Restored asynchronous mode
2026-05-04 18:05:41,186 - carla_training - INFO - ✅ Environment and monitor closed.
2026-05-04 18:05:41,186 - carla_training - INFO - 
🎉 Training completed!
2026-05-04 18:07:17,582 - carla_training - INFO - Using device: cuda
2026-05-04 18:07:18,659 - carla_training - INFO - Creating new log directory: ./tensorboard_logs/trained_ssl_rl\carla_ppo_20260504_180718
2026-05-04 18:07:18,665 - carla_training - INFO - ✅ TensorBoard writer initialized successfully
2026-05-04 18:07:18,665 - carla_training - INFO - 
==================================================
2026-05-04 18:07:18,665 - carla_training - INFO - CARLA RL Training Configuration:
2026-05-04 18:07:18,665 - carla_training - INFO - - Total Episodes Target: 10000
2026-05-04 18:07:18,665 - carla_training - INFO - - Current Episode: 0
2026-05-04 18:07:18,665 - carla_training - INFO - - Remaining Episodes: 10000
2026-05-04 18:07:18,665 - carla_training - INFO - - Town: Town01
2026-05-04 18:07:18,666 - carla_training - INFO - - Device: cuda
2026-05-04 18:07:18,666 - carla_training - INFO - - Learning Rate: 0.0003
2026-05-04 18:07:18,666 - carla_training - INFO - - Batch Size: 128
2026-05-04 18:07:18,666 - carla_training - INFO - - Debug Route: False
2026-05-04 18:07:18,666 - carla_training - INFO - - Log Directory: ./tensorboard_logs/trained_ssl_rl\carla_ppo_20260504_180718
2026-05-04 18:07:18,666 - carla_training - INFO - ==================================================

2026-05-04 18:07:18,666 - carla_training - INFO - Creating environment...
2026-05-04 18:07:19,583 - timm.models.helpers - INFO - Loading pretrained weights from url (https://dl.fbaipublicfiles.com/convnext/convnext_tiny_1k_224_ema.pth)
2026-05-04 18:07:19,753 - timm.models.helpers - INFO - Converted input conv stem.0 pretrained weights from 3 to 1 channel(s)
2026-05-04 18:07:21,090 - carla_training - WARNING - SSL checkpoint not found at checkpoints/ssl/pretrained_perception.pth
2026-05-04 18:07:21,091 - carla_training - INFO - ⚠️ Using default initialization for perception system
2026-05-04 18:07:37,725 - carla_training - INFO - 🚗 Vehicle spawned and stabilized!
2026-05-04 18:07:37,770 - carla_training - INFO - ✅ Generated 30 waypoints for navigation
2026-05-04 18:07:37,770 - carla_training - INFO -    Complexity: 0 junctions, 0 turns (0.0% turn rate)
2026-05-04 18:07:37,770 - carla_training - INFO - ✅ Connected to CARLA and loaded Town01
2026-05-04 18:07:37,777 - carla_training - INFO - Creating new PPO model...
2026-05-04 18:07:37,834 - carla_training - INFO - 
Continuing training for 10000 more episodes...
2026-05-04 18:07:37,891 - carla_training - INFO - 🚗 Vehicle spawned and stabilized!
2026-05-04 18:07:37,903 - carla_training - INFO - ✅ Generated 30 waypoints for navigation
2026-05-04 18:07:37,903 - carla_training - INFO -    Complexity: 0 junctions, 0 turns (0.0% turn rate)
2026-05-04 18:07:44,123 - carla_training - INFO - Step 10 | Speed: 0.0 km/h | Pos: (234.7, 195.3, 0.0) | Dist: 0.12m | Reward: 0.000 | Collisions: 0 | Waypoints: 1/30
2026-05-04 18:07:47,339 - carla_training - INFO - Step 20 | Speed: 10.8 km/h | Pos: (233.9, 195.1, 0.0) | Dist: 0.03m | Reward: 0.339 | Collisions: 0 | Waypoints: 1/30
2026-05-04 18:07:50,586 - carla_training - INFO - Step 30 | Speed: 15.4 km/h | Pos: (232.0, 195.1, 0.0) | Dist: 0.01m | Reward: 0.259 | Collisions: 0 | Waypoints: 2/30
2026-05-04 18:07:53,799 - carla_training - INFO - Step 40 | Speed: 18.7 km/h | Pos: (229.7, 195.7, 0.0) | Dist: 0.59m | Reward: 0.125 | Collisions: 0 | Waypoints: 3/30
2026-05-04 18:07:57,015 - carla_training - INFO - Step 50 | Speed: 21.1 km/h | Pos: (227.0, 196.3, 0.0) | Dist: 1.16m | Reward: 0.000 | Collisions: 0 | Waypoints: 5/30
2026-05-04 18:08:00,206 - carla_training - INFO - Step 60 | Speed: 24.5 km/h | Pos: (223.9, 197.3, 0.0) | Dist: 1.86m | Reward: 0.000 | Collisions: 0 | Waypoints: 6/30
2026-05-04 18:08:03,417 - carla_training - INFO - Step 70 | Speed: 27.4 km/h | Pos: (221.0, 199.3, 0.0) | Dist: 0.12m | Reward: 0.000 | Collisions: 0 | Waypoints: 6/30
2026-05-04 18:08:05,672 - carla_training - INFO - ⚠️ Collision #1 detected with static.prop.mesh!
2026-05-04 18:08:05,672 - carla_training - INFO - ⚠️ Collision #2 detected with static.prop.mesh!
2026-05-04 18:08:05,672 - carla_training - INFO - ⚠️ Collision #3 detected with static.prop.mesh!
2026-05-04 18:08:05,986 - carla_training - INFO - ⚠️ Collision #4 detected with static.prop.mesh!
2026-05-04 18:08:05,986 - carla_training - INFO - ⚠️ Collision #5 detected with static.prop.mesh!
2026-05-04 18:08:06,619 - carla_training - INFO - Step 80 | Speed: 30.6 km/h | Pos: (217.5, 201.4, 0.1) | Dist: 2.21m | Reward: -0.267 | Collisions: 8 | Waypoints: 6/30
2026-05-04 18:08:09,881 - carla_training - INFO - Step 90 | Speed: 3.5 km/h | Pos: (216.1, 201.9, 0.1) | Dist: 2.79m | Reward: -0.633 | Collisions: 19 | Waypoints: 6/30
2026-05-04 18:08:10,221 - carla_training - INFO - ⚠️ Collision #20 detected (continuing episode)
2026-05-04 18:08:11,195 - carla_training - INFO - 
============================================================
2026-05-04 18:08:11,195 - carla_training - INFO - Episode 1 Summary:
2026-05-04 18:08:11,195 - carla_training - INFO -   Termination Reason: REWARD_BASED (Unknown)
2026-05-04 18:08:11,195 - carla_training - INFO -   Total Reward: -6.53
2026-05-04 18:08:11,195 - carla_training - INFO -   Steps: 94
2026-05-04 18:08:11,195 - carla_training - INFO -   Duration: 33.36 seconds
2026-05-04 18:08:11,195 - carla_training - INFO -   Average Speed: 15.85 km/h
2026-05-04 18:08:11,195 - carla_training - INFO -   Max Speed: 31.87 km/h
2026-05-04 18:08:11,195 - carla_training - INFO -   Total Distance: 20.74 meters
2026-05-04 18:08:11,195 - carla_training - INFO -   Average Lane Deviation: 0.97 meters
2026-05-04 18:08:11,195 - carla_training - INFO -   Waypoints Reached: 6
2026-05-04 18:08:11,195 - carla_training - INFO - ============================================================

2026-05-04 18:08:11,251 - carla_training - INFO - 🚗 Vehicle spawned and stabilized!
2026-05-04 18:08:11,263 - carla_training - INFO - ✅ Generated 30 waypoints for navigation
2026-05-04 18:08:11,263 - carla_training - INFO -    Complexity: 0 junctions, 0 turns (0.0% turn rate)
2026-05-04 18:08:15,759 - carla_training - INFO - Step 10 | Speed: 0.0 km/h | Pos: (234.7, 195.3, 0.0) | Dist: 0.12m | Reward: 0.000 | Collisions: 0 | Waypoints: 1/30
2026-05-04 18:08:22,734 - carla_training - INFO - Step 20 | Speed: 9.4 km/h | Pos: (234.1, 195.2, 0.0) | Dist: 0.02m | Reward: 0.000 | Collisions: 0 | Waypoints: 1/30
2026-05-04 18:08:26,052 - carla_training - INFO - Step 30 | Speed: 14.9 km/h | Pos: (232.5, 194.5, 0.0) | Dist: 0.61m | Reward: 0.000 | Collisions: 0 | Waypoints: 2/30
2026-05-04 18:08:29,353 - carla_training - INFO - Step 40 | Speed: 18.4 km/h | Pos: (230.5, 193.4, 0.0) | Dist: 1.73m | Reward: 0.000 | Collisions: 0 | Waypoints: 3/30
2026-05-04 18:08:29,691 - carla_training - INFO - ⚠️ Collision #1 detected with static.pole!
2026-05-04 18:08:31,387 - carla_training - INFO - ⚠️ Collision #2 detected with static.pole!
2026-05-04 18:08:31,387 - carla_training - INFO - ⚠️ Collision #3 detected with static.pole!
2026-05-04 18:08:31,387 - carla_training - INFO - ⚠️ Collision #4 detected with static.pole!
2026-05-04 18:08:31,854 - carla_training - INFO - ⚠️ Collision #5 detected with static.pole!
2026-05-04 18:08:33,277 - carla_training - INFO - ⚠️ Collision #20 detected (continuing episode)
2026-05-04 18:08:33,738 - carla_training - INFO - Step 50 | Speed: 0.1 km/h | Pos: (230.3, 193.3, 0.1) | Dist: 1.87m | Reward: -0.800 | Collisions: 24 | Waypoints: 3/30
2026-05-04 18:08:34,682 - carla_training - INFO - 
============================================================
2026-05-04 18:08:34,682 - carla_training - INFO - Episode 2 Summary:
2026-05-04 18:08:34,683 - carla_training - INFO -   Termination Reason: REWARD_BASED (Unknown)
2026-05-04 18:08:34,683 - carla_training - INFO -   Total Reward: -13.43
2026-05-04 18:08:34,683 - carla_training - INFO -   Steps: 52
2026-05-04 18:08:34,683 - carla_training - INFO -   Duration: 23.49 seconds
2026-05-04 18:08:34,683 - carla_training - INFO -   Average Speed: 7.17 km/h
2026-05-04 18:08:34,683 - carla_training - INFO -   Max Speed: 18.70 km/h
2026-05-04 18:08:34,683 - carla_training - INFO -   Total Distance: 5.08 meters
2026-05-04 18:08:34,683 - carla_training - INFO -   Average Lane Deviation: 0.76 meters
2026-05-04 18:08:34,683 - carla_training - INFO -   Waypoints Reached: 3
2026-05-04 18:08:34,683 - carla_training - INFO - ============================================================

2026-05-04 18:08:34,741 - carla_training - INFO - 🚗 Vehicle spawned and stabilized!
2026-05-04 18:08:34,754 - carla_training - INFO - ✅ Generated 30 waypoints for navigation
2026-05-04 18:08:34,754 - carla_training - INFO -    Complexity: 0 junctions, 0 turns (0.0% turn rate)
2026-05-04 18:08:39,381 - carla_training - INFO - Step 10 | Speed: 0.0 km/h | Pos: (234.7, 195.3, 0.0) | Dist: 0.12m | Reward: 0.000 | Collisions: 0 | Waypoints: 1/30
2026-05-04 18:08:44,227 - carla_training - INFO - Step 20 | Speed: 9.5 km/h | Pos: (234.2, 195.2, 0.0) | Dist: 0.08m | Reward: 0.402 | Collisions: 0 | Waypoints: 1/30
2026-05-04 18:08:49,046 - carla_training - INFO - Step 30 | Speed: 15.5 km/h | Pos: (232.5, 195.4, 0.0) | Dist: 0.22m | Reward: 0.845 | Collisions: 0 | Waypoints: 2/30
2026-05-04 18:08:53,362 - carla_training - INFO - 

Training interrupted! Saving current model...

2026-05-04 18:08:53,397 - carla_training - INFO - ✅ Final model saved to ./checkpoints/trained_ssl_rl\carla_ppo_20260504_180718_final
2026-05-04 18:08:53,398 - carla_training - INFO - ✅ Environment normalization stats saved to ./checkpoints/trained_ssl_rl\carla_ppo_20260504_180718_env_final.pkl
2026-05-04 18:08:53,399 - carla_training - INFO - ✅ Metrics backup saved: Episode 0
2026-05-04 18:08:53,406 - carla_training - ERROR - ⚠️ Error saving CSV: All arrays must be of the same length
2026-05-04 18:08:53,407 - carla_training - INFO - ✅ Final metrics saved for episode 0.
2026-05-04 18:08:53,421 - carla_training - INFO - 🔄 Restored asynchronous mode
2026-05-04 18:08:53,422 - carla_training - INFO - ✅ Environment and monitor closed.
2026-05-04 18:08:53,422 - carla_training - INFO - 
🎉 Training completed!
2026-05-04 18:13:21,244 - carla_training - INFO - Using device: cuda
2026-05-04 18:13:22,377 - carla_training - INFO - Creating new log directory: ./tensorboard_logs/trained_ssl_rl\carla_ppo_20260504_181322
2026-05-04 18:13:22,384 - carla_training - INFO - ✅ TensorBoard writer initialized successfully
2026-05-04 18:13:22,384 - carla_training - INFO - 
==================================================
2026-05-04 18:13:22,384 - carla_training - INFO - CARLA RL Training Configuration:
2026-05-04 18:13:22,384 - carla_training - INFO - - Total Episodes Target: 10000
2026-05-04 18:13:22,384 - carla_training - INFO - - Current Episode: 0
2026-05-04 18:13:22,384 - carla_training - INFO - - Remaining Episodes: 10000
2026-05-04 18:13:22,384 - carla_training - INFO - - Town: Town01
2026-05-04 18:13:22,385 - carla_training - INFO - - Device: cuda
2026-05-04 18:13:22,385 - carla_training - INFO - - Learning Rate: 0.0003
2026-05-04 18:13:22,385 - carla_training - INFO - - Batch Size: 128
2026-05-04 18:13:22,385 - carla_training - INFO - - Debug Route: False
2026-05-04 18:13:22,385 - carla_training - INFO - - Log Directory: ./tensorboard_logs/trained_ssl_rl\carla_ppo_20260504_181322
2026-05-04 18:13:22,385 - carla_training - INFO - ==================================================

2026-05-04 18:13:22,385 - carla_training - INFO - Creating environment...
2026-05-04 18:13:23,260 - timm.models.helpers - INFO - Loading pretrained weights from url (https://dl.fbaipublicfiles.com/convnext/convnext_tiny_1k_224_ema.pth)
2026-05-04 18:13:23,424 - timm.models.helpers - INFO - Converted input conv stem.0 pretrained weights from 3 to 1 channel(s)
2026-05-04 18:13:24,747 - carla_training - WARNING - SSL checkpoint not found at checkpoints/ssl/pretrained_perception.pth
2026-05-04 18:13:24,748 - carla_training - INFO - ⚠️ Using default initialization for perception system
2026-05-04 18:14:00,196 - carla_training - INFO - 🚗 Vehicle spawned and stabilized!
2026-05-04 18:14:00,245 - carla_training - INFO - ✅ Generated 30 waypoints for navigation
2026-05-04 18:14:00,245 - carla_training - INFO -    Complexity: 0 junctions, 0 turns (0.0% turn rate)
2026-05-04 18:14:00,245 - carla_training - INFO - ✅ Connected to CARLA and loaded Town01
2026-05-04 18:14:00,248 - carla_training - INFO - Creating new PPO model...
2026-05-04 18:14:00,301 - carla_training - INFO - 
Continuing training for 10000 more episodes...
2026-05-04 18:14:00,363 - carla_training - INFO - 🚗 Vehicle spawned and stabilized!
2026-05-04 18:14:00,375 - carla_training - INFO - ✅ Generated 30 waypoints for navigation
2026-05-04 18:14:00,376 - carla_training - INFO -    Complexity: 0 junctions, 0 turns (0.0% turn rate)
2026-05-04 18:14:06,689 - carla_training - INFO - Step 10 | Speed: 0.0 km/h | Pos: (234.7, 195.3, 0.0) | Dist: 0.12m | Reward: 0.000 | Collisions: 0 | Waypoints: 1/30
2026-05-04 18:14:11,279 - carla_training - INFO - Step 20 | Speed: 10.9 km/h | Pos: (233.8, 195.1, 0.0) | Dist: 0.04m | Reward: 0.330 | Collisions: 0 | Waypoints: 1/30
2026-05-04 18:14:14,427 - carla_training - INFO - Step 30 | Speed: 15.4 km/h | Pos: (232.0, 195.1, 0.0) | Dist: 0.02m | Reward: 0.269 | Collisions: 0 | Waypoints: 2/30
2026-05-04 18:14:17,618 - carla_training - INFO - Step 40 | Speed: 18.7 km/h | Pos: (229.7, 195.7, 0.0) | Dist: 0.59m | Reward: 0.095 | Collisions: 0 | Waypoints: 4/30
2026-05-04 18:14:20,891 - carla_training - INFO - Step 50 | Speed: 20.9 km/h | Pos: (227.0, 196.3, 0.0) | Dist: 1.18m | Reward: 0.000 | Collisions: 0 | Waypoints: 5/30
2026-05-04 18:14:24,195 - carla_training - INFO - Step 60 | Speed: 24.5 km/h | Pos: (224.0, 197.3, 0.0) | Dist: 1.82m | Reward: 0.000 | Collisions: 0 | Waypoints: 6/30
2026-05-04 18:14:27,484 - carla_training - INFO - Step 70 | Speed: 27.4 km/h | Pos: (221.1, 199.4, 0.0) | Dist: 0.20m | Reward: 0.000 | Collisions: 0 | Waypoints: 6/30
2026-05-04 18:14:29,502 - carla_training - INFO - ⚠️ Collision #1 detected with static.prop.mesh!
2026-05-04 18:14:29,824 - carla_training - INFO - ⚠️ Collision #2 detected with static.prop.mesh!
2026-05-04 18:14:29,824 - carla_training - INFO - ⚠️ Collision #3 detected with static.prop.mesh!
2026-05-04 18:14:29,824 - carla_training - INFO - ⚠️ Collision #4 detected with static.prop.mesh!
2026-05-04 18:14:29,825 - carla_training - INFO - ⚠️ Collision #5 detected with static.prop.mesh!
2026-05-04 18:14:30,780 - carla_training - INFO - Step 80 | Speed: 31.3 km/h | Pos: (217.6, 201.5, 0.1) | Dist: 2.39m | Reward: -0.300 | Collisions: 9 | Waypoints: 6/30
2026-05-04 18:14:31,758 - carla_training - INFO - ⚠️ Collision #20 detected (continuing episode)
2026-05-04 18:14:34,021 - carla_training - INFO - Step 90 | Speed: 3.6 km/h | Pos: (216.2, 202.2, 0.1) | Dist: 3.10m | Reward: -0.767 | Collisions: 23 | Waypoints: 6/30
2026-05-04 18:14:34,995 - carla_training - INFO - 
============================================================
2026-05-04 18:14:34,995 - carla_training - INFO - Episode 1 Summary:
2026-05-04 18:14:34,995 - carla_training - INFO -   Termination Reason: REWARD_BASED (Unknown)
2026-05-04 18:14:34,995 - carla_training - INFO -   Total Reward: -6.75
2026-05-04 18:14:34,995 - carla_training - INFO -   Steps: 93
2026-05-04 18:14:34,995 - carla_training - INFO -   Duration: 34.69 seconds
2026-05-04 18:14:34,995 - carla_training - INFO -   Average Speed: 16.06 km/h
2026-05-04 18:14:34,995 - carla_training - INFO -   Max Speed: 32.22 km/h
2026-05-04 18:14:34,995 - carla_training - INFO -   Total Distance: 20.80 meters
2026-05-04 18:14:34,995 - carla_training - INFO -   Average Lane Deviation: 1.00 meters
2026-05-04 18:14:34,997 - carla_training - INFO -   Waypoints Reached: 6
2026-05-04 18:14:34,997 - carla_training - INFO - ============================================================

2026-05-04 18:14:35,051 - carla_training - INFO - 🚗 Vehicle spawned and stabilized!
2026-05-04 18:14:35,062 - carla_training - INFO - ✅ Generated 30 waypoints for navigation
2026-05-04 18:14:35,063 - carla_training - INFO -    Complexity: 0 junctions, 0 turns (0.0% turn rate)
2026-05-04 18:14:39,578 - carla_training - INFO - Step 10 | Speed: 0.0 km/h | Pos: (234.7, 195.3, 0.0) | Dist: 0.12m | Reward: 0.000 | Collisions: 0 | Waypoints: 1/30
2026-05-04 18:14:42,852 - carla_training - INFO - Step 20 | Speed: 9.5 km/h | Pos: (234.1, 195.2, 0.0) | Dist: 0.06m | Reward: 0.034 | Collisions: 0 | Waypoints: 1/30
2026-05-04 18:14:46,132 - carla_training - INFO - Step 30 | Speed: 14.8 km/h | Pos: (232.5, 194.6, 0.0) | Dist: 0.56m | Reward: 0.000 | Collisions: 0 | Waypoints: 2/30
2026-05-04 18:14:49,435 - carla_training - INFO - Step 40 | Speed: 18.2 km/h | Pos: (230.5, 193.4, 0.0) | Dist: 1.72m | Reward: 0.000 | Collisions: 0 | Waypoints: 3/30
2026-05-04 18:14:49,772 - carla_training - INFO - ⚠️ Collision #1 detected with static.pole!
2026-05-04 18:14:51,419 - carla_training - INFO - ⚠️ Collision #2 detected with static.pole!
2026-05-04 18:14:51,419 - carla_training - INFO - ⚠️ Collision #3 detected with static.pole!
2026-05-04 18:14:51,419 - carla_training - INFO - ⚠️ Collision #4 detected with static.pole!
2026-05-04 18:14:51,742 - carla_training - INFO - ⚠️ Collision #5 detected with static.pole!
2026-05-04 18:14:52,726 - carla_training - INFO - Step 50 | Speed: 0.1 km/h | Pos: (230.3, 193.2, 0.1) | Dist: 1.96m | Reward: -0.633 | Collisions: 19 | Waypoints: 3/30
2026-05-04 18:14:52,733 - carla_training - INFO - ⚠️ Collision #20 detected (continuing episode)
2026-05-04 18:14:53,716 - carla_training - INFO - 
============================================================
2026-05-04 18:14:53,716 - carla_training - INFO - Episode 2 Summary:
2026-05-04 18:14:53,716 - carla_training - INFO -   Termination Reason: REWARD_BASED (Unknown)
2026-05-04 18:14:53,716 - carla_training - INFO -   Total Reward: -13.03
2026-05-04 18:14:53,716 - carla_training - INFO -   Steps: 53
2026-05-04 18:14:53,716 - carla_training - INFO -   Duration: 18.72 seconds
2026-05-04 18:14:53,716 - carla_training - INFO -   Average Speed: 7.14 km/h
2026-05-04 18:14:53,716 - carla_training - INFO -   Max Speed: 18.24 km/h
2026-05-04 18:14:53,716 - carla_training - INFO -   Total Distance: 5.20 meters
2026-05-04 18:14:53,717 - carla_training - INFO -   Average Lane Deviation: 0.79 meters
2026-05-04 18:14:53,717 - carla_training - INFO -   Waypoints Reached: 3
2026-05-04 18:14:53,717 - carla_training - INFO - ============================================================

2026-05-04 18:14:53,766 - carla_training - INFO - 🚗 Vehicle spawned and stabilized!
2026-05-04 18:14:53,776 - carla_training - INFO - ✅ Generated 30 waypoints for navigation
2026-05-04 18:14:53,776 - carla_training - INFO -    Complexity: 0 junctions, 0 turns (0.0% turn rate)
2026-05-04 18:14:58,178 - carla_training - INFO - Step 10 | Speed: 0.0 km/h | Pos: (234.7, 195.3, 0.0) | Dist: 0.12m | Reward: 0.000 | Collisions: 0 | Waypoints: 1/30
2026-05-04 18:15:01,453 - carla_training - INFO - Step 20 | Speed: 9.5 km/h | Pos: (234.2, 195.2, 0.0) | Dist: 0.08m | Reward: 0.401 | Collisions: 0 | Waypoints: 1/30
2026-05-04 18:15:04,716 - carla_training - INFO - Step 30 | Speed: 15.5 km/h | Pos: (232.5, 195.4, 0.0) | Dist: 0.21m | Reward: 0.844 | Collisions: 0 | Waypoints: 2/30
2026-05-04 18:15:07,988 - carla_training - INFO - Step 40 | Speed: 18.3 km/h | Pos: (230.0, 195.5, 0.0) | Dist: 0.39m | Reward: 0.648 | Collisions: 0 | Waypoints: 3/30
2026-05-04 18:15:12,100 - carla_training - INFO - Step 50 | Speed: 22.4 km/h | Pos: (227.2, 195.6, 0.0) | Dist: 0.47m | Reward: 0.421 | Collisions: 0 | Waypoints: 5/30
2026-05-04 18:15:15,556 - carla_training - INFO - Step 60 | Speed: 25.3 km/h | Pos: (223.9, 196.1, 0.0) | Dist: 0.95m | Reward: 0.000 | Collisions: 0 | Waypoints: 6/30
2026-05-04 18:15:18,960 - carla_training - INFO - Step 70 | Speed: 27.1 km/h | Pos: (220.8, 197.9, 0.0) | Dist: 1.21m | Reward: 0.000 | Collisions: 0 | Waypoints: 7/30
2026-05-04 18:15:22,753 - carla_training - INFO - Step 80 | Speed: 30.9 km/h | Pos: (218.4, 201.1, 0.0) | Dist: 1.91m | Reward: 0.000 | Collisions: 0 | Waypoints: 7/30
2026-05-04 18:15:23,952 - carla_training - INFO - ⚠️ Collision #1 detected with static.prop.mesh!
2026-05-04 18:15:26,455 - carla_training - INFO - ⚠️ Collision #2 detected with static.prop.mesh!
2026-05-04 18:15:26,814 - carla_training - INFO - Step 90 | Speed: 34.3 km/h | Pos: (216.1, 204.9, 0.1) | Dist: 5.77m | Reward: -1.567 | Collisions: 2 | Waypoints: 7/30
2026-05-04 18:15:27,949 - carla_training - INFO - ⚠️ Collision #3 detected with static.prop.mesh!
2026-05-04 18:15:27,949 - carla_training - INFO - ⚠️ Collision #4 detected with static.prop.mesh!
2026-05-04 18:15:27,949 - carla_training - INFO - ⚠️ Collision #5 detected with static.prop.mesh!
2026-05-04 18:15:29,787 - carla_training - INFO - ⚠️ Collision #20 detected (continuing episode)
2026-05-04 18:15:31,141 - carla_training - INFO - Step 100 | Speed: 5.2 km/h | Pos: (215.7, 207.7, 0.1) | Dist: 8.54m | Reward: -2.333 | Collisions: 25 | Waypoints: 7/30
2026-05-04 18:15:32,500 - carla_training - INFO - 
============================================================
2026-05-04 18:15:32,501 - carla_training - INFO - Episode 3 Summary:
2026-05-04 18:15:32,501 - carla_training - INFO -   Termination Reason: REWARD_BASED (Unknown)
2026-05-04 18:15:32,501 - carla_training - INFO -   Total Reward: -16.83
2026-05-04 18:15:32,501 - carla_training - INFO -   Steps: 103
2026-05-04 18:15:32,501 - carla_training - INFO -   Duration: 38.78 seconds
2026-05-04 18:15:32,501 - carla_training - INFO -   Average Speed: 18.30 km/h
2026-05-04 18:15:32,501 - carla_training - INFO -   Max Speed: 34.34 km/h
2026-05-04 18:15:32,501 - carla_training - INFO -   Total Distance: 26.25 meters
2026-05-04 18:15:32,502 - carla_training - INFO -   Average Lane Deviation: 1.79 meters
2026-05-04 18:15:32,502 - carla_training - INFO -   Waypoints Reached: 7
2026-05-04 18:15:32,502 - carla_training - INFO - ============================================================

2026-05-04 18:15:32,591 - carla_training - INFO - 🚗 Vehicle spawned and stabilized!
2026-05-04 18:15:32,604 - carla_training - INFO - ✅ Generated 30 waypoints for navigation
2026-05-04 18:15:32,604 - carla_training - INFO -    Complexity: 0 junctions, 0 turns (0.0% turn rate)
2026-05-04 18:15:37,409 - carla_training - INFO - Step 10 | Speed: 0.0 km/h | Pos: (234.7, 195.3, 0.0) | Dist: 0.12m | Reward: 0.000 | Collisions: 0 | Waypoints: 1/30
2026-05-04 18:15:41,303 - carla_training - INFO - Step 20 | Speed: 10.1 km/h | Pos: (234.1, 195.3, 0.0) | Dist: 0.14m | Reward: 0.557 | Collisions: 0 | Waypoints: 1/30
2026-05-04 18:15:42,855 - carla_training - INFO - 

Training interrupted! Saving current model...

2026-05-04 18:15:42,910 - carla_training - INFO - ✅ Final model saved to ./checkpoints/trained_ssl_rl\carla_ppo_20260504_181322_final
2026-05-04 18:15:42,912 - carla_training - INFO - ✅ Environment normalization stats saved to ./checkpoints/trained_ssl_rl\carla_ppo_20260504_181322_env_final.pkl
2026-05-04 18:15:42,914 - carla_training - INFO - ✅ Metrics backup saved: Episode 0
2026-05-04 18:15:42,921 - carla_training - ERROR - ⚠️ Error saving CSV: All arrays must be of the same length
2026-05-04 18:15:42,921 - carla_training - INFO - ✅ Final metrics saved for episode 0.
2026-05-04 18:15:42,942 - carla_training - INFO - 🔄 Restored asynchronous mode
2026-05-04 18:15:42,943 - carla_training - INFO - ✅ Environment and monitor closed.
2026-05-04 18:15:42,944 - carla_training - INFO - 
🎉 Training completed!
2026-05-04 18:20:43,712 - carla_training - INFO - Using device: cuda
2026-05-04 18:20:44,787 - carla_training - INFO - Creating new log directory: ./tensorboard_logs/trained_ssl_rl\carla_ppo_20260504_182044
2026-05-04 18:20:44,793 - carla_training - INFO - ✅ TensorBoard writer initialized successfully
2026-05-04 18:20:44,793 - carla_training - INFO - 
==================================================
2026-05-04 18:20:44,793 - carla_training - INFO - CARLA RL Training Configuration:
2026-05-04 18:20:44,793 - carla_training - INFO - - Total Episodes Target: 10000
2026-05-04 18:20:44,793 - carla_training - INFO - - Current Episode: 0
2026-05-04 18:20:44,793 - carla_training - INFO - - Remaining Episodes: 10000
2026-05-04 18:20:44,793 - carla_training - INFO - - Town: Town01
2026-05-04 18:20:44,793 - carla_training - INFO - - Device: cuda
2026-05-04 18:20:44,793 - carla_training - INFO - - Learning Rate: 0.0003
2026-05-04 18:20:44,793 - carla_training - INFO - - Batch Size: 128
2026-05-04 18:20:44,793 - carla_training - INFO - - Debug Route: False
2026-05-04 18:20:44,793 - carla_training - INFO - - Log Directory: ./tensorboard_logs/trained_ssl_rl\carla_ppo_20260504_182044
2026-05-04 18:20:44,794 - carla_training - INFO - ==================================================

2026-05-04 18:20:44,794 - carla_training - INFO - Creating environment...
2026-05-04 18:20:45,842 - timm.models.helpers - INFO - Loading pretrained weights from url (https://dl.fbaipublicfiles.com/convnext/convnext_tiny_1k_224_ema.pth)
2026-05-04 18:20:46,123 - timm.models.helpers - INFO - Converted input conv stem.0 pretrained weights from 3 to 1 channel(s)
2026-05-04 18:20:47,299 - carla_training - WARNING - SSL checkpoint not found at checkpoints/ssl/pretrained_perception.pth
2026-05-04 18:20:47,299 - carla_training - INFO - ⚠️ Using default initialization for perception system
2026-05-04 18:21:30,473 - carla_training - INFO - 🚗 Vehicle spawned and stabilized!
2026-05-04 18:21:30,529 - carla_training - INFO - ✅ Generated 30 waypoints for navigation
2026-05-04 18:21:30,529 - carla_training - INFO -    Complexity: 0 junctions, 0 turns (0.0% turn rate)
2026-05-04 18:21:30,529 - carla_training - INFO - ✅ Connected to CARLA and loaded Town01
2026-05-04 18:21:30,539 - carla_training - INFO - Creating new PPO model...
2026-05-04 18:21:30,600 - carla_training - INFO - 
Continuing training for 10000 more episodes...
2026-05-04 18:21:30,649 - carla_training - INFO - 🚗 Vehicle spawned and stabilized!
2026-05-04 18:21:30,658 - carla_training - INFO - ✅ Generated 30 waypoints for navigation
2026-05-04 18:21:30,658 - carla_training - INFO -    Complexity: 0 junctions, 0 turns (0.0% turn rate)
2026-05-04 18:21:37,036 - carla_training - INFO - Step 10 | Speed: 0.0 km/h | Pos: (234.7, 195.3, 0.0) | Dist: 0.12m | Reward: 0.000 | Collisions: 0 | Waypoints: 1/30
2026-05-04 18:21:40,303 - carla_training - INFO - Step 20 | Speed: 10.8 km/h | Pos: (233.9, 195.1, 0.0) | Dist: 0.03m | Reward: 0.337 | Collisions: 0 | Waypoints: 1/30
2026-05-04 18:21:43,542 - carla_training - INFO - Step 30 | Speed: 15.4 km/h | Pos: (232.1, 195.1, 0.0) | Dist: 0.01m | Reward: 0.267 | Collisions: 0 | Waypoints: 2/30
2026-05-04 18:21:46,793 - carla_training - INFO - Step 40 | Speed: 18.7 km/h | Pos: (229.7, 195.7, 0.0) | Dist: 0.58m | Reward: 0.118 | Collisions: 0 | Waypoints: 3/30
2026-05-04 18:21:50,003 - carla_training - INFO - Step 50 | Speed: 21.3 km/h | Pos: (227.1, 196.3, 0.0) | Dist: 1.20m | Reward: 0.000 | Collisions: 0 | Waypoints: 5/30
2026-05-04 18:21:53,218 - carla_training - INFO - Step 60 | Speed: 24.5 km/h | Pos: (224.0, 197.4, 0.0) | Dist: 1.75m | Reward: 0.000 | Collisions: 0 | Waypoints: 6/30
2026-05-04 18:21:56,556 - carla_training - INFO - Step 70 | Speed: 27.5 km/h | Pos: (221.1, 199.5, 0.0) | Dist: 0.31m | Reward: 0.000 | Collisions: 0 | Waypoints: 6/30
2026-05-04 18:21:58,855 - carla_training - INFO - ⚠️ Collision #1 detected with static.prop.mesh!
2026-05-04 18:21:58,856 - carla_training - INFO - ⚠️ Collision #2 detected with static.prop.mesh!
2026-05-04 18:21:58,856 - carla_training - INFO - ⚠️ Collision #3 detected with static.prop.mesh!
2026-05-04 18:21:58,856 - carla_training - INFO - ⚠️ Collision #4 detected with static.prop.mesh!
2026-05-04 18:21:58,856 - carla_training - INFO - ⚠️ Collision #5 detected with static.prop.mesh!
2026-05-04 18:21:59,817 - carla_training - INFO - Step 80 | Speed: 31.2 km/h | Pos: (217.7, 201.6, 0.1) | Dist: 2.45m | Reward: -0.333 | Collisions: 10 | Waypoints: 6/30
2026-05-04 18:22:00,796 - carla_training - INFO - ⚠️ Collision #20 detected (continuing episode)
2026-05-04 18:22:03,024 - carla_training - INFO - Step 90 | Speed: 3.6 km/h | Pos: (216.2, 202.4, 0.1) | Dist: 3.22m | Reward: -0.700 | Collisions: 21 | Waypoints: 6/30
2026-05-04 18:22:03,994 - carla_training - INFO - 
============================================================
2026-05-04 18:22:03,994 - carla_training - INFO - Episode 1 Summary:
2026-05-04 18:22:03,994 - carla_training - INFO -   Termination Reason: REWARD_BASED (Unknown)
2026-05-04 18:22:03,994 - carla_training - INFO -   Total Reward: -6.70
2026-05-04 18:22:03,994 - carla_training - INFO -   Steps: 93
2026-05-04 18:22:03,994 - carla_training - INFO -   Duration: 33.39 seconds
2026-05-04 18:22:03,994 - carla_training - INFO -   Average Speed: 16.22 km/h
2026-05-04 18:22:03,994 - carla_training - INFO -   Max Speed: 32.32 km/h
2026-05-04 18:22:03,994 - carla_training - INFO -   Total Distance: 20.84 meters
2026-05-04 18:22:03,995 - carla_training - INFO -   Average Lane Deviation: 1.02 meters
2026-05-04 18:22:03,995 - carla_training - INFO -   Waypoints Reached: 6
2026-05-04 18:22:03,995 - carla_training - INFO - ============================================================

2026-05-04 18:22:04,831 - carla_training - INFO - 🚗 Vehicle spawned and stabilized!
2026-05-04 18:22:04,842 - carla_training - INFO - ✅ Generated 30 waypoints for navigation
2026-05-04 18:22:04,842 - carla_training - INFO -    Complexity: 0 junctions, 0 turns (0.0% turn rate)
2026-05-04 18:22:09,304 - carla_training - INFO - Step 10 | Speed: 0.0 km/h | Pos: (234.7, 195.3, 0.0) | Dist: 0.12m | Reward: 0.000 | Collisions: 0 | Waypoints: 1/30
2026-05-04 18:22:12,629 - carla_training - INFO - Step 20 | Speed: 9.6 km/h | Pos: (234.1, 195.2, 0.0) | Dist: 0.06m | Reward: 0.039 | Collisions: 0 | Waypoints: 1/30
2026-05-04 18:22:15,930 - carla_training - INFO - Step 30 | Speed: 14.8 km/h | Pos: (232.5, 194.6, 0.0) | Dist: 0.56m | Reward: 0.000 | Collisions: 0 | Waypoints: 2/30
2026-05-04 18:22:19,267 - carla_training - INFO - Step 40 | Speed: 18.7 km/h | Pos: (230.5, 193.4, 0.0) | Dist: 1.73m | Reward: 0.000 | Collisions: 0 | Waypoints: 3/30
2026-05-04 18:22:19,609 - carla_training - INFO - ⚠️ Collision #1 detected with static.pole!
2026-05-04 18:22:21,256 - carla_training - INFO - ⚠️ Collision #2 detected with static.pole!
2026-05-04 18:22:21,591 - carla_training - INFO - ⚠️ Collision #3 detected with static.pole!
2026-05-04 18:22:21,591 - carla_training - INFO - ⚠️ Collision #4 detected with static.pole!
2026-05-04 18:22:21,592 - carla_training - INFO - ⚠️ Collision #5 detected with static.pole!
2026-05-04 18:22:22,571 - carla_training - INFO - Step 50 | Speed: 0.1 km/h | Pos: (230.3, 193.2, 0.1) | Dist: 1.99m | Reward: -0.567 | Collisions: 17 | Waypoints: 3/30
2026-05-04 18:22:22,578 - carla_training - INFO - ⚠️ Collision #20 detected (continuing episode)
2026-05-04 18:22:23,551 - carla_training - INFO - 
============================================================
2026-05-04 18:22:23,551 - carla_training - INFO - Episode 2 Summary:
2026-05-04 18:22:23,551 - carla_training - INFO -   Termination Reason: REWARD_BASED (Unknown)
2026-05-04 18:22:23,552 - carla_training - INFO -   Total Reward: -11.91
2026-05-04 18:22:23,552 - carla_training - INFO -   Steps: 53
2026-05-04 18:22:23,552 - carla_training - INFO -   Duration: 19.56 seconds
2026-05-04 18:22:23,552 - carla_training - INFO -   Average Speed: 7.18 km/h
2026-05-04 18:22:23,552 - carla_training - INFO -   Max Speed: 18.72 km/h
2026-05-04 18:22:23,552 - carla_training - INFO -   Total Distance: 5.22 meters
2026-05-04 18:22:23,552 - carla_training - INFO -   Average Lane Deviation: 0.79 meters
2026-05-04 18:22:23,552 - carla_training - INFO -   Waypoints Reached: 3
2026-05-04 18:22:23,552 - carla_training - INFO - ============================================================

2026-05-04 18:22:23,599 - carla_training - INFO - 🚗 Vehicle spawned and stabilized!
2026-05-04 18:22:23,609 - carla_training - INFO - ✅ Generated 30 waypoints for navigation
2026-05-04 18:22:23,609 - carla_training - INFO -    Complexity: 0 junctions, 0 turns (0.0% turn rate)
2026-05-04 18:22:27,995 - carla_training - INFO - Step 10 | Speed: 0.0 km/h | Pos: (234.7, 195.3, 0.0) | Dist: 0.12m | Reward: 0.000 | Collisions: 0 | Waypoints: 1/30
2026-05-04 18:22:31,322 - carla_training - INFO - Step 20 | Speed: 9.5 km/h | Pos: (234.2, 195.2, 0.0) | Dist: 0.08m | Reward: 0.388 | Collisions: 0 | Waypoints: 1/30
2026-05-04 18:22:34,649 - carla_training - INFO - Step 30 | Speed: 15.5 km/h | Pos: (232.5, 195.4, 0.0) | Dist: 0.20m | Reward: 0.881 | Collisions: 0 | Waypoints: 2/30
2026-05-04 18:22:38,452 - carla_training - INFO - Step 40 | Speed: 18.2 km/h | Pos: (230.1, 195.5, 0.0) | Dist: 0.35m | Reward: 0.677 | Collisions: 0 | Waypoints: 3/30
2026-05-04 18:22:42,613 - carla_training - INFO - Step 50 | Speed: 22.3 km/h | Pos: (227.2, 195.6, 0.0) | Dist: 0.40m | Reward: 0.436 | Collisions: 0 | Waypoints: 5/30
2026-05-04 18:22:46,728 - carla_training - INFO - Step 60 | Speed: 25.2 km/h | Pos: (224.0, 196.0, 0.0) | Dist: 0.89m | Reward: 0.000 | Collisions: 0 | Waypoints: 6/30
2026-05-04 18:22:50,846 - carla_training - INFO - Step 70 | Speed: 27.0 km/h | Pos: (220.9, 197.9, 0.0) | Dist: 1.22m | Reward: 0.000 | Collisions: 0 | Waypoints: 7/30
2026-05-04 18:22:54,842 - carla_training - INFO - Step 80 | Speed: 31.5 km/h | Pos: (218.5, 201.1, 0.1) | Dist: 2.00m | Reward: 0.000 | Collisions: 0 | Waypoints: 7/30
2026-05-04 18:22:56,040 - carla_training - INFO - ⚠️ Collision #1 detected with static.prop.mesh!
2026-05-04 18:22:56,040 - carla_training - INFO - ⚠️ Collision #2 detected with static.prop.mesh!
2026-05-04 18:22:56,041 - carla_training - INFO - ⚠️ Collision #3 detected with static.prop.mesh!
2026-05-04 18:22:56,041 - carla_training - INFO - ⚠️ Collision #4 detected with static.prop.mesh!
2026-05-04 18:22:56,041 - carla_training - INFO - ⚠️ Collision #5 detected with static.prop.mesh!
2026-05-04 18:22:58,421 - carla_training - INFO - ⚠️ Collision #20 detected (continuing episode)
2026-05-04 18:22:58,811 - carla_training - INFO - Step 90 | Speed: 34.4 km/h | Pos: (216.3, 205.1, 0.1) | Dist: 5.97m | Reward: -2.267 | Collisions: 23 | Waypoints: 7/30
2026-05-04 18:22:59,601 - carla_training - INFO - 
============================================================
2026-05-04 18:22:59,601 - carla_training - INFO - Episode 3 Summary:
2026-05-04 18:22:59,601 - carla_training - INFO -   Termination Reason: REWARD_BASED (Unknown)
2026-05-04 18:22:59,602 - carla_training - INFO -   Total Reward: 2.28
2026-05-04 18:22:59,602 - carla_training - INFO -   Steps: 92
2026-05-04 18:22:59,602 - carla_training - INFO -   Duration: 36.05 seconds
2026-05-04 18:22:59,602 - carla_training - INFO -   Average Speed: 18.94 km/h
2026-05-04 18:22:59,602 - carla_training - INFO -   Max Speed: 34.43 km/h
2026-05-04 18:22:59,602 - carla_training - INFO -   Total Distance: 24.00 meters
2026-05-04 18:22:59,602 - carla_training - INFO -   Average Lane Deviation: 1.02 meters
2026-05-04 18:22:59,602 - carla_training - INFO -   Waypoints Reached: 7
2026-05-04 18:22:59,602 - carla_training - INFO - ============================================================

2026-05-04 18:22:59,645 - carla_training - INFO - 🚗 Vehicle spawned and stabilized!
2026-05-04 18:22:59,655 - carla_training - INFO - ✅ Generated 30 waypoints for navigation
2026-05-04 18:22:59,655 - carla_training - INFO -    Complexity: 0 junctions, 0 turns (0.0% turn rate)
2026-05-04 18:23:04,097 - carla_training - INFO - Step 10 | Speed: 0.0 km/h | Pos: (234.7, 195.3, 0.0) | Dist: 0.12m | Reward: 0.000 | Collisions: 0 | Waypoints: 1/30
2026-05-04 18:23:08,793 - carla_training - INFO - Step 20 | Speed: 9.5 km/h | Pos: (234.1, 195.3, 0.0) | Dist: 0.13m | Reward: 0.485 | Collisions: 0 | Waypoints: 1/30
2026-05-04 18:23:12,286 - carla_training - INFO - Step 30 | Speed: 15.8 km/h | Pos: (232.3, 195.4, 0.0) | Dist: 0.21m | Reward: 0.840 | Collisions: 0 | Waypoints: 2/30
2026-05-04 18:23:15,862 - carla_training - INFO - Step 40 | Speed: 18.5 km/h | Pos: (229.9, 195.6, 0.0) | Dist: 0.40m | Reward: 0.522 | Collisions: 0 | Waypoints: 3/30
2026-05-04 18:23:19,606 - carla_training - INFO - Step 50 | Speed: 21.7 km/h | Pos: (227.1, 195.6, 0.0) | Dist: 0.44m | Reward: 0.408 | Collisions: 0 | Waypoints: 5/30
2026-05-04 18:23:23,422 - carla_training - INFO - Step 60 | Speed: 26.7 km/h | Pos: (223.8, 196.3, 0.0) | Dist: 1.18m | Reward: -0.100 | Collisions: 0 | Waypoints: 6/30
2026-05-04 18:23:27,299 - carla_training - INFO - Step 70 | Speed: 32.4 km/h | Pos: (219.8, 197.1, 0.0) | Dist: 1.97m | Reward: -0.160 | Collisions: 0 | Waypoints: 8/30
2026-05-04 18:23:31,326 - carla_training - INFO - Step 80 | Speed: 33.5 km/h | Pos: (215.3, 197.3, 0.0) | Dist: 1.81m | Reward: 0.000 | Collisions: 0 | Waypoints: 10/30
2026-05-04 18:23:35,384 - carla_training - INFO - Step 90 | Speed: 34.8 km/h | Pos: (211.0, 195.4, 0.0) | Dist: 0.29m | Reward: 0.000 | Collisions: 0 | Waypoints: 13/30
2026-05-04 18:23:39,912 - carla_training - INFO - Step 100 | Speed: 36.8 km/h | Pos: (207.4, 192.0, 0.1) | Dist: 3.14m | Reward: 0.000 | Collisions: 0 | Waypoints: 14/30
2026-05-04 18:23:39,926 - carla_training - INFO - ⚠️ Collision #1 detected with static.static!
2026-05-04 18:23:43,484 - carla_training - INFO - ⚠️ Collision #2 detected with static.static!
2026-05-04 18:23:43,485 - carla_training - INFO - ⚠️ Collision #3 detected with static.static!
2026-05-04 18:23:43,485 - carla_training - INFO - ⚠️ Collision #4 detected with static.static!
2026-05-04 18:23:43,950 - carla_training - INFO - ⚠️ Collision #5 detected with static.static!
2026-05-04 18:23:44,406 - carla_training - INFO - Step 110 | Speed: 0.0 km/h | Pos: (207.2, 191.7, 0.1) | Dist: 3.49m | Reward: -0.300 | Collisions: 9 | Waypoints: 14/30
2026-05-04 18:23:45,381 - carla_training - INFO - ⚠️ Collision #20 detected (continuing episode)
2026-05-04 18:23:47,510 - carla_training - INFO - 
============================================================
2026-05-04 18:23:47,510 - carla_training - INFO - Episode 4 Summary:
2026-05-04 18:23:47,511 - carla_training - INFO -   Termination Reason: REWARD_BASED (Unknown)
2026-05-04 18:23:47,511 - carla_training - INFO -   Total Reward: 5.24
2026-05-04 18:23:47,511 - carla_training - INFO -   Steps: 116
2026-05-04 18:23:47,511 - carla_training - INFO -   Duration: 47.91 seconds
2026-05-04 18:23:47,511 - carla_training - INFO -   Average Speed: 18.66 km/h
2026-05-04 18:23:47,511 - carla_training - INFO -   Max Speed: 36.84 km/h
2026-05-04 18:23:47,513 - carla_training - INFO -   Total Distance: 30.13 meters
2026-05-04 18:23:47,513 - carla_training - INFO -   Average Lane Deviation: 1.17 meters
2026-05-04 18:23:47,513 - carla_training - INFO -   Waypoints Reached: 14
2026-05-04 18:23:47,513 - carla_training - INFO - ============================================================

2026-05-04 18:23:47,607 - carla_training - INFO - 🚗 Vehicle spawned and stabilized!
2026-05-04 18:23:47,623 - carla_training - INFO - ✅ Generated 30 waypoints for navigation
2026-05-04 18:23:47,624 - carla_training - INFO -    Complexity: 0 junctions, 0 turns (0.0% turn rate)
2026-05-04 18:23:52,934 - carla_training - INFO - Step 10 | Speed: 0.0 km/h | Pos: (234.7, 195.3, 0.0) | Dist: 0.12m | Reward: 0.000 | Collisions: 0 | Waypoints: 1/30
2026-05-04 18:23:57,253 - carla_training - INFO - Step 20 | Speed: 8.6 km/h | Pos: (234.3, 195.2, 0.0) | Dist: 0.10m | Reward: 0.284 | Collisions: 0 | Waypoints: 1/30
2026-05-04 18:24:01,561 - carla_training - INFO - Step 30 | Speed: 14.8 km/h | Pos: (232.6, 195.2, 0.0) | Dist: 0.09m | Reward: 0.754 | Collisions: 0 | Waypoints: 2/30
2026-05-04 18:24:05,836 - carla_training - INFO - Step 40 | Speed: 18.3 km/h | Pos: (230.3, 195.2, 0.0) | Dist: 0.01m | Reward: 0.828 | Collisions: 0 | Waypoints: 3/30
2026-05-04 18:24:10,085 - carla_training - INFO - Step 50 | Speed: 21.7 km/h | Pos: (227.6, 195.5, 0.0) | Dist: 0.39m | Reward: 0.000 | Collisions: 0 | Waypoints: 5/30
2026-05-04 18:24:14,299 - carla_training - INFO - Step 60 | Speed: 24.5 km/h | Pos: (224.6, 196.7, 0.0) | Dist: 1.53m | Reward: 0.005 | Collisions: 0 | Waypoints: 6/30
2026-05-04 18:24:18,799 - carla_training - INFO - Step 70 | Speed: 27.8 km/h | Pos: (221.1, 197.6, 0.0) | Dist: 1.57m | Reward: 0.000 | Collisions: 0 | Waypoints: 7/30
2026-05-04 18:24:23,061 - carla_training - INFO - Step 80 | Speed: 31.2 km/h | Pos: (217.1, 198.4, 0.0) | Dist: 0.70m | Reward: 0.000 | Collisions: 0 | Waypoints: 8/30
2026-05-04 18:24:27,344 - carla_training - INFO - Step 90 | Speed: 34.3 km/h | Pos: (212.7, 199.4, 0.0) | Dist: 0.27m | Reward: 0.000 | Collisions: 0 | Waypoints: 8/30
2026-05-04 18:24:31,841 - carla_training - INFO - Step 100 | Speed: 41.1 km/h | Pos: (207.6, 200.9, 0.0) | Dist: 1.78m | Reward: 0.000 | Collisions: 0 | Waypoints: 8/30
2026-05-04 18:24:33,145 - carla_training - INFO - ⚠️ Collision #1 detected with static.prop.mesh!
2026-05-04 18:24:34,859 - carla_training - INFO - ⚠️ Collision #2 detected with static.vegetation!
2026-05-04 18:24:36,150 - carla_training - INFO - Step 110 | Speed: 4.1 km/h | Pos: (203.9, 202.5, 0.1) | Dist: 3.35m | Reward: -0.067 | Collisions: 2 | Waypoints: 8/30
2026-05-04 18:24:38,760 - carla_training - INFO - ⚠️ Collision #3 detected with static.vegetation!
2026-05-04 18:24:38,760 - carla_training - INFO - ⚠️ Collision #4 detected with static.vegetation!
2026-05-04 18:24:39,209 - carla_training - INFO - ⚠️ Collision #5 detected with static.vegetation!
2026-05-04 18:24:40,495 - carla_training - INFO - Step 120 | Speed: 0.0 km/h | Pos: (203.6, 202.6, 0.1) | Dist: 3.49m | Reward: -0.600 | Collisions: 18 | Waypoints: 8/30
2026-05-04 18:24:40,504 - carla_training - INFO - ⚠️ Collision #20 detected (continuing episode)
2026-05-04 18:24:41,841 - carla_training - INFO - 
============================================================
2026-05-04 18:24:41,841 - carla_training - INFO - Episode 5 Summary:
2026-05-04 18:24:41,841 - carla_training - INFO -   Termination Reason: REWARD_BASED (Unknown)
2026-05-04 18:24:41,841 - carla_training - INFO -   Total Reward: 7.49
2026-05-04 18:24:41,841 - carla_training - INFO -   Steps: 123
2026-05-04 18:24:41,841 - carla_training - INFO -   Duration: 54.33 seconds
2026-05-04 18:24:41,841 - carla_training - INFO -   Average Speed: 19.27 km/h
2026-05-04 18:24:41,841 - carla_training - INFO -   Max Speed: 42.39 km/h
2026-05-04 18:24:41,841 - carla_training - INFO -   Total Distance: 32.76 meters
2026-05-04 18:24:41,841 - carla_training - INFO -   Average Lane Deviation: 1.05 meters
2026-05-04 18:24:41,841 - carla_training - INFO -   Waypoints Reached: 8
2026-05-04 18:24:41,841 - carla_training - INFO - ============================================================

2026-05-04 18:24:41,895 - carla_training - INFO - 🚗 Vehicle spawned and stabilized!
2026-05-04 18:24:41,906 - carla_training - INFO - ✅ Generated 30 waypoints for navigation
2026-05-04 18:24:41,906 - carla_training - INFO -    Complexity: 0 junctions, 0 turns (0.0% turn rate)
2026-05-04 18:24:48,102 - carla_training - INFO - Step 10 | Speed: 0.0 km/h | Pos: (234.7, 195.3, 0.0) | Dist: 0.12m | Reward: 0.000 | Collisions: 0 | Waypoints: 1/30
2026-05-04 18:24:53,001 - carla_training - INFO - Step 20 | Speed: 9.9 km/h | Pos: (234.1, 195.3, 0.0) | Dist: 0.10m | Reward: 0.382 | Collisions: 0 | Waypoints: 1/30
2026-05-04 18:24:57,919 - carla_training - INFO - Step 30 | Speed: 14.8 km/h | Pos: (232.3, 195.4, 0.0) | Dist: 0.28m | Reward: 0.442 | Collisions: 0 | Waypoints: 2/30
2026-05-04 18:25:02,834 - carla_training - INFO - Step 40 | Speed: 18.3 km/h | Pos: (229.9, 195.6, 0.0) | Dist: 0.41m | Reward: 0.826 | Collisions: 0 | Waypoints: 3/30
2026-05-04 18:25:07,779 - carla_training - INFO - Step 50 | Speed: 21.6 km/h | Pos: (227.2, 195.6, 0.0) | Dist: 0.44m | Reward: 0.498 | Collisions: 0 | Waypoints: 5/30
2026-05-04 18:25:12,799 - carla_training - INFO - Step 60 | Speed: 24.8 km/h | Pos: (223.9, 195.4, 0.0) | Dist: 0.28m | Reward: 0.023 | Collisions: 0 | Waypoints: 6/30
2026-05-04 18:25:17,752 - carla_training - INFO - Step 70 | Speed: 27.3 km/h | Pos: (220.4, 195.5, 0.0) | Dist: 0.37m | Reward: -0.396 | Collisions: 0 | Waypoints: 8/30
2026-05-04 18:25:22,684 - carla_training - INFO - Step 80 | Speed: 29.6 km/h | Pos: (216.4, 195.6, 0.0) | Dist: 0.48m | Reward: -0.404 | Collisions: 0 | Waypoints: 10/30
2026-05-04 18:25:27,639 - carla_training - INFO - Step 90 | Speed: 30.9 km/h | Pos: (212.6, 197.3, 0.0) | Dist: 1.88m | Reward: 0.000 | Collisions: 0 | Waypoints: 12/30
2026-05-04 18:25:32,557 - carla_training - INFO - Step 100 | Speed: 34.5 km/h | Pos: (209.3, 200.3, 0.0) | Dist: 1.20m | Reward: 0.000 | Collisions: 0 | Waypoints: 12/30
2026-05-04 18:25:33,050 - carla_training - INFO - ⚠️ Collision #1 detected with static.prop.mesh!
2026-05-04 18:25:33,050 - carla_training - INFO - ⚠️ Collision #2 detected with static.prop.mesh!
2026-05-04 18:25:33,050 - carla_training - INFO - ⚠️ Collision #3 detected with static.prop.mesh!
2026-05-04 18:25:35,483 - carla_training - INFO - ⚠️ Collision #4 detected with static.prop.mesh!
2026-05-04 18:25:36,948 - carla_training - INFO - ⚠️ Collision #5 detected with static.prop.mesh!
2026-05-04 18:25:37,424 - carla_training - INFO - Step 110 | Speed: 36.0 km/h | Pos: (205.9, 203.8, 0.1) | Dist: 4.69m | Reward: -0.167 | Collisions: 5 | Waypoints: 12/30
2026-05-04 18:25:39,870 - carla_training - INFO - ⚠️ Collision #20 detected (continuing episode)
2026-05-04 18:25:41,335 - carla_training - INFO - 
============================================================
2026-05-04 18:25:41,335 - carla_training - INFO - Episode 6 Summary:
2026-05-04 18:25:41,335 - carla_training - INFO -   Termination Reason: REWARD_BASED (Unknown)
2026-05-04 18:25:41,335 - carla_training - INFO -   Total Reward: -9.81
2026-05-04 18:25:41,335 - carla_training - INFO -   Steps: 118
2026-05-04 18:25:41,336 - carla_training - INFO -   Duration: 59.49 seconds
2026-05-04 18:25:41,336 - carla_training - INFO -   Average Speed: 21.90 km/h
2026-05-04 18:25:41,336 - carla_training - INFO -   Max Speed: 37.35 km/h
2026-05-04 18:25:41,336 - carla_training - INFO -   Total Distance: 35.81 meters
2026-05-04 18:25:41,336 - carla_training - INFO -   Average Lane Deviation: 1.06 meters
2026-05-04 18:25:41,336 - carla_training - INFO -   Waypoints Reached: 12
2026-05-04 18:25:41,336 - carla_training - INFO - ============================================================

2026-05-04 18:25:41,385 - carla_training - INFO - 🚗 Vehicle spawned and stabilized!
2026-05-04 18:25:41,395 - carla_training - INFO - ✅ Generated 30 waypoints for navigation
2026-05-04 18:25:41,395 - carla_training - INFO -    Complexity: 0 junctions, 0 turns (0.0% turn rate)
2026-05-04 18:25:46,532 - carla_training - INFO - Step 10 | Speed: 0.0 km/h | Pos: (234.7, 195.3, 0.0) | Dist: 0.12m | Reward: 0.000 | Collisions: 0 | Waypoints: 1/30
2026-05-04 18:25:51,370 - carla_training - INFO - Step 20 | Speed: 8.6 km/h | Pos: (234.3, 195.3, 0.0) | Dist: 0.16m | Reward: 0.319 | Collisions: 0 | Waypoints: 1/30
2026-05-04 18:25:56,157 - carla_training - INFO - Step 30 | Speed: 14.5 km/h | Pos: (232.7, 195.4, 0.0) | Dist: 0.29m | Reward: 0.228 | Collisions: 0 | Waypoints: 2/30
2026-05-04 18:26:00,900 - carla_training - INFO - Step 40 | Speed: 18.2 km/h | Pos: (230.4, 195.6, 0.0) | Dist: 0.42m | Reward: 0.319 | Collisions: 0 | Waypoints: 3/30
2026-05-04 18:26:05,677 - carla_training - INFO - Step 50 | Speed: 19.6 km/h | Pos: (227.9, 196.3, 0.0) | Dist: 1.14m | Reward: 0.049 | Collisions: 0 | Waypoints: 4/30
2026-05-04 18:26:10,432 - carla_training - INFO - Step 60 | Speed: 24.7 km/h | Pos: (225.0, 197.4, 0.0) | Dist: 1.79m | Reward: 0.000 | Collisions: 0 | Waypoints: 5/30
2026-05-04 18:26:15,204 - carla_training - INFO - Step 70 | Speed: 28.0 km/h | Pos: (221.7, 198.9, 0.0) | Dist: 0.28m | Reward: 0.000 | Collisions: 0 | Waypoints: 6/30
2026-05-04 18:26:20,006 - carla_training - INFO - Step 80 | Speed: 30.2 km/h | Pos: (218.3, 201.1, 0.0) | Dist: 1.95m | Reward: 0.000 | Collisions: 0 | Waypoints: 6/30
2026-05-04 18:26:22,423 - carla_training - INFO - ⚠️ Collision #1 detected with static.vegetation!
2026-05-04 18:26:24,846 - carla_training - INFO - Step 90 | Speed: 1.1 km/h | Pos: (216.3, 202.2, 0.1) | Dist: 3.08m | Reward: -0.033 | Collisions: 1 | Waypoints: 6/30
2026-05-04 18:26:26,750 - carla_training - INFO - ⚠️ Collision #2 detected with static.vegetation!
2026-05-04 18:26:26,750 - carla_training - INFO - ⚠️ Collision #3 detected with static.vegetation!
2026-05-04 18:26:26,750 - carla_training - INFO - ⚠️ Collision #4 detected with static.vegetation!
2026-05-04 18:26:26,752 - carla_training - INFO - ⚠️ Collision #5 detected with static.vegetation!
2026-05-04 18:26:28,676 - carla_training - INFO - ⚠️ Collision #20 detected (continuing episode)
2026-05-04 18:26:29,617 - carla_training - INFO - Step 100 | Speed: 0.1 km/h | Pos: (216.1, 202.3, 0.1) | Dist: 3.17m | Reward: -0.933 | Collisions: 28 | Waypoints: 6/30
2026-05-04 18:26:30,099 - carla_training - INFO - 
============================================================
2026-05-04 18:26:30,099 - carla_training - INFO - Episode 7 Summary:
2026-05-04 18:26:30,099 - carla_training - INFO -   Termination Reason: REWARD_BASED (Unknown)
2026-05-04 18:26:30,099 - carla_training - INFO -   Total Reward: -0.47
2026-05-04 18:26:30,099 - carla_training - INFO -   Steps: 101
2026-05-04 18:26:30,099 - carla_training - INFO -   Duration: 48.76 seconds
2026-05-04 18:26:30,099 - carla_training - INFO -   Average Speed: 14.65 km/h
2026-05-04 18:26:30,099 - carla_training - INFO -   Max Speed: 31.17 km/h
2026-05-04 18:26:30,099 - carla_training - INFO -   Total Distance: 20.62 meters
2026-05-04 18:26:30,099 - carla_training - INFO -   Average Lane Deviation: 1.14 meters
2026-05-04 18:26:30,099 - carla_training - INFO -   Waypoints Reached: 6
2026-05-04 18:26:30,099 - carla_training - INFO - ============================================================

2026-05-04 18:26:30,148 - carla_training - INFO - 🚗 Vehicle spawned and stabilized!
2026-05-04 18:26:30,159 - carla_training - INFO - ✅ Generated 31 waypoints for navigation
2026-05-04 18:26:30,159 - carla_training - INFO -    Complexity: 0 junctions, 0 turns (0.0% turn rate)
2026-05-04 18:26:35,883 - carla_training - INFO - Step 10 | Speed: 0.0 km/h | Pos: (234.7, 195.3, 0.0) | Dist: 0.12m | Reward: 0.000 | Collisions: 0 | Waypoints: 1/31
2026-05-04 18:26:40,900 - carla_training - INFO - Step 20 | Speed: 8.5 km/h | Pos: (234.3, 195.3, 0.0) | Dist: 0.16m | Reward: 0.265 | Collisions: 0 | Waypoints: 1/31
2026-05-04 18:26:45,921 - carla_training - INFO - Step 30 | Speed: 13.7 km/h | Pos: (232.8, 195.5, 0.0) | Dist: 0.34m | Reward: 0.635 | Collisions: 0 | Waypoints: 2/31
2026-05-04 18:26:50,897 - carla_training - INFO - Step 40 | Speed: 17.8 km/h | Pos: (230.6, 195.9, 0.0) | Dist: 0.76m | Reward: 0.425 | Collisions: 0 | Waypoints: 3/31
2026-05-04 18:26:55,850 - carla_training - INFO - Step 50 | Speed: 19.6 km/h | Pos: (228.0, 195.8, 0.0) | Dist: 0.63m | Reward: 0.706 | Collisions: 0 | Waypoints: 4/31
2026-05-04 18:27:01,069 - carla_training - INFO - Step 60 | Speed: 22.2 km/h | Pos: (225.2, 195.3, 0.0) | Dist: 0.18m | Reward: 0.322 | Collisions: 0 | Waypoints: 6/31
2026-05-04 18:27:06,232 - carla_training - INFO - Step 70 | Speed: 24.5 km/h | Pos: (222.1, 195.7, 0.0) | Dist: 0.50m | Reward: 0.015 | Collisions: 0 | Waypoints: 7/31
2026-05-04 18:27:11,274 - carla_training - INFO - Step 80 | Speed: 27.6 km/h | Pos: (218.5, 196.2, 0.0) | Dist: 1.01m | Reward: -0.201 | Collisions: 0 | Waypoints: 9/31
2026-05-04 18:27:16,330 - carla_training - INFO - Step 90 | Speed: 32.2 km/h | Pos: (214.3, 196.4, 0.0) | Dist: 1.21m | Reward: -0.627 | Collisions: 0 | Waypoints: 11/31
2026-05-04 18:27:21,328 - carla_training - INFO - Step 100 | Speed: 35.1 km/h | Pos: (209.6, 196.2, 0.0) | Dist: 1.07m | Reward: -1.129 | Collisions: 0 | Waypoints: 13/31
2026-05-04 18:27:26,388 - carla_training - INFO - Step 110 | Speed: 37.1 km/h | Pos: (204.7, 196.4, 0.0) | Dist: 1.23m | Reward: -1.134 | Collisions: 0 | Waypoints: 16/31
2026-05-04 18:27:31,459 - carla_training - INFO - Step 120 | Speed: 40.7 km/h | Pos: (199.3, 196.6, 0.0) | Dist: 1.41m | Reward: -1.495 | Collisions: 0 | Waypoints: 19/31
2026-05-04 18:27:36,526 - carla_training - INFO - Step 130 | Speed: 40.9 km/h | Pos: (193.7, 197.2, 0.0) | Dist: 1.93m | Reward: 0.000 | Collisions: 0 | Waypoints: 21/31
2026-05-04 18:27:41,584 - carla_training - INFO - Step 140 | Speed: 42.9 km/h | Pos: (188.2, 199.0, 0.0) | Dist: 0.11m | Reward: 0.000 | Collisions: 0 | Waypoints: 22/31
2026-05-04 18:27:46,556 - carla_training - INFO - Step 150 | Speed: 42.7 km/h | Pos: (182.4, 200.0, 0.0) | Dist: 0.88m | Reward: 0.000 | Collisions: 0 | Waypoints: 22/31
2026-05-04 18:27:51,557 - carla_training - INFO - Step 160 | Speed: 45.9 km/h | Pos: (176.3, 199.2, 0.0) | Dist: 0.06m | Reward: 0.000 | Collisions: 0 | Waypoints: 22/31
2026-05-04 18:27:56,543 - carla_training - INFO - Step 170 | Speed: 48.1 km/h | Pos: (169.8, 198.4, 0.0) | Dist: 0.78m | Reward: 0.000 | Collisions: 0 | Waypoints: 22/31
2026-05-04 18:28:01,576 - carla_training - INFO - Step 180 | Speed: 48.3 km/h | Pos: (163.3, 196.7, 0.0) | Dist: 1.53m | Reward: 0.000 | Collisions: 0 | Waypoints: 22/31
2026-05-04 18:28:06,573 - carla_training - INFO - Step 190 | Speed: 49.1 km/h | Pos: (157.1, 193.9, 0.0) | Dist: 1.24m | Reward: -0.309 | Collisions: 0 | Waypoints: 22/31
2026-05-04 18:28:11,562 - carla_training - INFO - Step 200 | Speed: 48.5 km/h | Pos: (150.4, 192.5, 0.1) | Dist: 2.64m | Reward: -0.509 | Collisions: 0 | Waypoints: 22/31
2026-05-04 18:28:16,543 - carla_training - INFO - Step 210 | Speed: 45.8 km/h | Pos: (144.3, 194.1, 0.0) | Dist: 1.05m | Reward: 0.000 | Collisions: 0 | Waypoints: 22/31
2026-05-04 18:28:21,546 - carla_training - INFO - Step 220 | Speed: 47.1 km/h | Pos: (138.7, 197.6, 0.0) | Dist: 1.59m | Reward: 0.000 | Collisions: 0 | Waypoints: 22/31
2026-05-04 18:28:25,076 - carla_training - INFO - ⚠️ Collision #1 detected with static.vegetation!
2026-05-04 18:28:26,580 - carla_training - INFO - Step 230 | Speed: 10.1 km/h | Pos: (135.0, 200.3, 0.1) | Dist: 1.15m | Reward: -0.033 | Collisions: 1 | Waypoints: 22/31
2026-05-04 18:28:29,657 - carla_training - INFO - ⚠️ Collision #2 detected with static.vegetation!
2026-05-04 18:28:30,649 - carla_training - INFO - ⚠️ Collision #3 detected with static.vegetation!
2026-05-04 18:28:30,649 - carla_training - INFO - ⚠️ Collision #4 detected with static.vegetation!
2026-05-04 18:28:31,167 - carla_training - INFO - ⚠️ Collision #5 detected with static.vegetation!
2026-05-04 18:28:31,652 - carla_training - INFO - Step 240 | Speed: 0.3 km/h | Pos: (134.5, 200.6, 0.1) | Dist: 1.42m | Reward: -0.300 | Collisions: 9 | Waypoints: 22/31
2026-05-04 18:28:32,666 - carla_training - INFO - ⚠️ Collision #20 detected (continuing episode)
2026-05-04 18:28:34,142 - carla_training - INFO - 
============================================================
2026-05-04 18:28:34,143 - carla_training - INFO - Episode 8 Summary:
2026-05-04 18:28:34,143 - carla_training - INFO -   Termination Reason: REWARD_BASED (Unknown)
2026-05-04 18:28:34,143 - carla_training - INFO -   Total Reward: -52.73
2026-05-04 18:28:34,143 - carla_training - INFO -   Steps: 245
2026-05-04 18:28:34,143 - carla_training - INFO -   Duration: 124.04 seconds
2026-05-04 18:28:34,143 - carla_training - INFO -   Average Speed: 30.94 km/h
2026-05-04 18:28:34,143 - carla_training - INFO -   Max Speed: 49.56 km/h
2026-05-04 18:28:34,143 - carla_training - INFO -   Total Distance: 105.14 meters
2026-05-04 18:28:34,143 - carla_training - INFO -   Average Lane Deviation: 0.92 meters
2026-05-04 18:28:34,143 - carla_training - INFO -   Waypoints Reached: 22
2026-05-04 18:28:34,143 - carla_training - INFO - ============================================================

2026-05-04 18:28:34,194 - carla_training - INFO - 🚗 Vehicle spawned and stabilized!
2026-05-04 18:28:34,204 - carla_training - INFO - ✅ Generated 31 waypoints for navigation
2026-05-04 18:28:34,204 - carla_training - INFO -    Complexity: 0 junctions, 0 turns (0.0% turn rate)
2026-05-04 18:28:39,622 - carla_training - INFO - Step 10 | Speed: 0.0 km/h | Pos: (234.7, 195.3, 0.0) | Dist: 0.12m | Reward: 0.000 | Collisions: 0 | Waypoints: 1/31
2026-05-04 18:28:43,612 - carla_training - INFO - Step 20 | Speed: 11.5 km/h | Pos: (234.0, 195.3, 0.0) | Dist: 0.16m | Reward: 0.232 | Collisions: 0 | Waypoints: 1/31
2026-05-04 18:28:47,588 - carla_training - INFO - Step 30 | Speed: 17.7 km/h | Pos: (232.0, 195.7, 0.0) | Dist: 0.51m | Reward: 0.143 | Collisions: 0 | Waypoints: 2/31
2026-05-04 18:28:52,674 - carla_training - INFO - Step 40 | Speed: 21.5 km/h | Pos: (229.3, 196.2, 0.0) | Dist: 1.04m | Reward: 0.294 | Collisions: 0 | Waypoints: 4/31
2026-05-04 18:28:58,627 - carla_training - INFO - Step 50 | Speed: 26.0 km/h | Pos: (226.0, 196.7, 0.0) | Dist: 1.52m | Reward: -0.054 | Collisions: 0 | Waypoints: 5/31
2026-05-04 18:29:03,299 - carla_training - INFO - 
Training speed: 2 fps | Total steps: 1000
2026-05-04 18:29:03,668 - carla_training - INFO - Step 60 | Speed: 28.3 km/h | Pos: (222.3, 197.0, 0.0) | Dist: 1.89m | Reward: -0.216 | Collisions: 0 | Waypoints: 7/31
2026-05-04 18:29:08,131 - carla_training - INFO - Step 70 | Speed: 29.5 km/h | Pos: (218.3, 197.6, 0.0) | Dist: 1.58m | Reward: 0.000 | Collisions: 0 | Waypoints: 9/31
2026-05-04 18:29:12,024 - carla_training - INFO - Step 80 | Speed: 31.1 km/h | Pos: (214.5, 199.4, 0.0) | Dist: 0.29m | Reward: 0.000 | Collisions: 0 | Waypoints: 9/31
2026-05-04 18:29:13,849 - carla_training - INFO - ⚠️ Collision #1 detected with static.pole!
2026-05-04 18:29:17,114 - carla_training - INFO - Step 90 | Speed: 2.9 km/h | Pos: (212.8, 200.2, 0.0) | Dist: 1.05m | Reward: -0.033 | Collisions: 1 | Waypoints: 9/31
2026-05-04 18:29:18,186 - carla_training - INFO - ⚠️ Collision #2 detected with static.pole!
2026-05-04 18:29:18,187 - carla_training - INFO - ⚠️ Collision #3 detected with static.pole!
2026-05-04 18:29:18,187 - carla_training - INFO - ⚠️ Collision #4 detected with static.pole!
2026-05-04 18:29:18,717 - carla_training - INFO - ⚠️ Collision #5 detected with static.pole!
2026-05-04 18:29:20,324 - carla_training - INFO - ⚠️ Collision #20 detected (continuing episode)
2026-05-04 18:29:21,917 - carla_training - INFO - 
============================================================
2026-05-04 18:29:21,917 - carla_training - INFO - Episode 9 Summary:
2026-05-04 18:29:21,917 - carla_training - INFO -   Termination Reason: REWARD_BASED (Unknown)
2026-05-04 18:29:21,917 - carla_training - INFO -   Total Reward: -6.88
2026-05-04 18:29:21,917 - carla_training - INFO -   Steps: 99
2026-05-04 18:29:21,917 - carla_training - INFO -   Duration: 47.77 seconds
2026-05-04 18:29:21,917 - carla_training - INFO -   Average Speed: 16.95 km/h
2026-05-04 18:29:21,917 - carla_training - INFO -   Max Speed: 31.97 km/h
2026-05-04 18:29:21,917 - carla_training - INFO -   Total Distance: 23.38 meters
2026-05-04 18:29:21,917 - carla_training - INFO -   Average Lane Deviation: 0.90 meters
2026-05-04 18:29:21,918 - carla_training - INFO -   Waypoints Reached: 9
2026-05-04 18:29:21,918 - carla_training - INFO - ============================================================

2026-05-04 18:29:21,956 - carla_training - INFO - 🚗 Vehicle spawned and stabilized!
2026-05-04 18:29:21,965 - carla_training - INFO - ✅ Generated 31 waypoints for navigation
2026-05-04 18:29:21,965 - carla_training - INFO -    Complexity: 0 junctions, 0 turns (0.0% turn rate)
2026-05-04 18:29:27,379 - carla_training - INFO - Step 10 | Speed: 0.0 km/h | Pos: (234.7, 195.3, 0.0) | Dist: 0.12m | Reward: 0.000 | Collisions: 0 | Waypoints: 1/31
2026-05-04 18:29:31,907 - carla_training - INFO - Step 20 | Speed: 0.0 km/h | Pos: (234.7, 195.3, 0.0) | Dist: 0.12m | Reward: 0.000 | Collisions: 0 | Waypoints: 1/31
2026-05-04 18:29:36,435 - carla_training - INFO - Step 30 | Speed: 0.0 km/h | Pos: (234.7, 195.3, 0.0) | Dist: 0.12m | Reward: 0.000 | Collisions: 0 | Waypoints: 1/31
2026-05-04 18:29:41,008 - carla_training - INFO - Step 40 | Speed: 0.0 km/h | Pos: (234.7, 195.3, 0.0) | Dist: 0.12m | Reward: 0.000 | Collisions: 0 | Waypoints: 1/31
2026-05-04 18:29:45,554 - carla_training - INFO - Step 50 | Speed: 0.3 km/h | Pos: (234.6, 195.3, 0.0) | Dist: 0.11m | Reward: 0.021 | Collisions: 0 | Waypoints: 1/31
2026-05-04 18:29:50,127 - carla_training - INFO - Step 60 | Speed: 0.1 km/h | Pos: (234.6, 195.3, 0.0) | Dist: 0.11m | Reward: 0.000 | Collisions: 0 | Waypoints: 1/31
2026-05-04 18:29:54,639 - carla_training - INFO - Step 70 | Speed: 2.5 km/h | Pos: (234.5, 195.2, 0.0) | Dist: 0.10m | Reward: 0.056 | Collisions: 0 | Waypoints: 1/31
2026-05-04 18:29:59,193 - carla_training - INFO - Step 80 | Speed: 0.3 km/h | Pos: (234.5, 195.2, 0.0) | Dist: 0.10m | Reward: 0.007 | Collisions: 0 | Waypoints: 1/31
2026-05-04 18:30:03,771 - carla_training - INFO - Step 90 | Speed: 0.2 km/h | Pos: (234.5, 195.2, 0.0) | Dist: 0.10m | Reward: 0.010 | Collisions: 0 | Waypoints: 1/31
2026-05-04 18:30:08,344 - carla_training - INFO - Step 100 | Speed: 0.0 km/h | Pos: (234.5, 195.2, 0.0) | Dist: 0.10m | Reward: 0.000 | Collisions: 0 | Waypoints: 1/31
2026-05-04 18:30:12,997 - carla_training - INFO - Step 110 | Speed: 0.0 km/h | Pos: (234.4, 195.2, 0.0) | Dist: 0.10m | Reward: 0.000 | Collisions: 0 | Waypoints: 1/31
2026-05-04 18:30:17,551 - carla_training - INFO - Step 120 | Speed: 0.0 km/h | Pos: (234.4, 195.2, 0.0) | Dist: 0.10m | Reward: 0.000 | Collisions: 0 | Waypoints: 1/31
2026-05-04 18:30:22,168 - carla_training - INFO - Step 130 | Speed: 0.0 km/h | Pos: (234.4, 195.2, 0.0) | Dist: 0.10m | Reward: 0.000 | Collisions: 0 | Waypoints: 1/31
2026-05-04 18:30:26,806 - carla_training - INFO - Step 140 | Speed: 0.0 km/h | Pos: (234.4, 195.2, 0.0) | Dist: 0.10m | Reward: 0.000 | Collisions: 0 | Waypoints: 1/31
2026-05-04 18:30:31,430 - carla_training - INFO - Step 150 | Speed: 0.4 km/h | Pos: (234.4, 195.2, 0.0) | Dist: 0.10m | Reward: 0.017 | Collisions: 0 | Waypoints: 1/31
2026-05-04 18:30:36,103 - carla_training - INFO - Step 160 | Speed: 0.5 km/h | Pos: (234.3, 195.2, 0.0) | Dist: 0.09m | Reward: 0.012 | Collisions: 0 | Waypoints: 1/31
2026-05-04 18:30:41,005 - carla_training - INFO - Step 170 | Speed: 0.4 km/h | Pos: (234.3, 195.2, 0.0) | Dist: 0.09m | Reward: 0.016 | Collisions: 0 | Waypoints: 1/31
2026-05-04 18:30:45,841 - carla_training - INFO - Step 180 | Speed: 0.1 km/h | Pos: (234.3, 195.2, 0.0) | Dist: 0.09m | Reward: 0.000 | Collisions: 0 | Waypoints: 1/31
2026-05-04 18:30:50,637 - carla_training - INFO - Step 190 | Speed: 0.0 km/h | Pos: (234.2, 195.2, 0.0) | Dist: 0.09m | Reward: 0.000 | Collisions: 0 | Waypoints: 1/31
2026-05-04 18:30:55,462 - carla_training - INFO - Step 200 | Speed: 0.6 km/h | Pos: (234.2, 195.2, 0.0) | Dist: 0.09m | Reward: 0.026 | Collisions: 0 | Waypoints: 1/31
2026-05-04 18:31:00,330 - carla_training - INFO - Step 210 | Speed: 0.6 km/h | Pos: (234.2, 195.2, 0.0) | Dist: 0.09m | Reward: 0.029 | Collisions: 0 | Waypoints: 1/31
2026-05-04 18:31:05,159 - carla_training - INFO - Step 220 | Speed: 0.4 km/h | Pos: (234.1, 195.2, 0.0) | Dist: 0.09m | Reward: 0.017 | Collisions: 0 | Waypoints: 1/31
2026-05-04 18:31:09,934 - carla_training - INFO - Step 230 | Speed: 0.0 km/h | Pos: (234.1, 195.2, 0.0) | Dist: 0.09m | Reward: 0.000 | Collisions: 0 | Waypoints: 1/31
2026-05-04 18:31:14,755 - carla_training - INFO - Step 240 | Speed: 0.0 km/h | Pos: (234.1, 195.2, 0.0) | Dist: 0.09m | Reward: 0.000 | Collisions: 0 | Waypoints: 1/31
2026-05-04 18:31:19,638 - carla_training - INFO - Step 250 | Speed: 0.0 km/h | Pos: (234.1, 195.2, 0.0) | Dist: 0.09m | Reward: 0.000 | Collisions: 0 | Waypoints: 1/31
2026-05-04 18:31:24,433 - carla_training - INFO - Step 260 | Speed: 0.0 km/h | Pos: (234.0, 195.2, 0.0) | Dist: 0.09m | Reward: 0.000 | Collisions: 0 | Waypoints: 1/31
2026-05-04 18:31:29,337 - carla_training - INFO - Step 270 | Speed: 0.0 km/h | Pos: (234.0, 195.2, 0.0) | Dist: 0.09m | Reward: 0.000 | Collisions: 0 | Waypoints: 1/31
2026-05-04 18:31:34,195 - carla_training - INFO - Step 280 | Speed: 0.4 km/h | Pos: (234.0, 195.2, 0.0) | Dist: 0.09m | Reward: 0.024 | Collisions: 0 | Waypoints: 1/31
2026-05-04 18:31:39,021 - carla_training - INFO - Step 290 | Speed: 0.0 km/h | Pos: (234.0, 195.2, 0.0) | Dist: 0.08m | Reward: 0.000 | Collisions: 0 | Waypoints: 1/31
2026-05-04 18:31:43,886 - carla_training - INFO - Step 300 | Speed: 0.3 km/h | Pos: (234.0, 195.2, 0.0) | Dist: 0.08m | Reward: 0.018 | Collisions: 0 | Waypoints: 1/31
2026-05-04 18:31:48,685 - carla_training - INFO - Step 310 | Speed: 0.0 km/h | Pos: (233.9, 195.2, 0.0) | Dist: 0.08m | Reward: 0.000 | Collisions: 0 | Waypoints: 1/31
2026-05-04 18:31:53,601 - carla_training - INFO - Step 320 | Speed: 0.0 km/h | Pos: (233.9, 195.2, 0.0) | Dist: 0.08m | Reward: 0.000 | Collisions: 0 | Waypoints: 1/31
2026-05-04 18:31:58,548 - carla_training - INFO - Step 330 | Speed: 0.4 km/h | Pos: (233.9, 195.2, 0.0) | Dist: 0.08m | Reward: 0.016 | Collisions: 0 | Waypoints: 1/31
2026-05-04 18:32:03,380 - carla_training - INFO - Step 340 | Speed: 0.3 km/h | Pos: (233.9, 195.2, 0.0) | Dist: 0.08m | Reward: 0.000 | Collisions: 0 | Waypoints: 1/31
2026-05-04 18:32:08,184 - carla_training - INFO - Step 350 | Speed: 0.0 km/h | Pos: (233.9, 195.2, 0.0) | Dist: 0.08m | Reward: 0.000 | Collisions: 0 | Waypoints: 1/31
2026-05-04 18:32:13,026 - carla_training - INFO - Step 360 | Speed: 0.1 km/h | Pos: (233.9, 195.2, 0.0) | Dist: 0.08m | Reward: 0.004 | Collisions: 0 | Waypoints: 1/31
2026-05-04 18:32:17,897 - carla_training - INFO - Step 370 | Speed: 0.3 km/h | Pos: (233.9, 195.2, 0.0) | Dist: 0.08m | Reward: 0.015 | Collisions: 0 | Waypoints: 1/31
2026-05-04 18:32:22,841 - carla_training - INFO - Step 380 | Speed: 0.5 km/h | Pos: (233.8, 195.2, 0.0) | Dist: 0.08m | Reward: 0.025 | Collisions: 0 | Waypoints: 1/31
2026-05-04 18:32:27,649 - carla_training - INFO - Step 390 | Speed: 0.0 km/h | Pos: (233.8, 195.2, 0.0) | Dist: 0.07m | Reward: 0.000 | Collisions: 0 | Waypoints: 1/31
2026-05-04 18:32:32,468 - carla_training - INFO - Step 400 | Speed: 0.0 km/h | Pos: (233.8, 195.2, 0.0) | Dist: 0.07m | Reward: 0.000 | Collisions: 0 | Waypoints: 1/31
2026-05-04 18:32:37,348 - carla_training - INFO - Step 410 | Speed: 0.0 km/h | Pos: (233.8, 195.2, 0.0) | Dist: 0.07m | Reward: 0.000 | Collisions: 0 | Waypoints: 1/31
2026-05-04 18:32:42,208 - carla_training - INFO - Step 420 | Speed: 0.3 km/h | Pos: (233.8, 195.2, 0.0) | Dist: 0.07m | Reward: 0.018 | Collisions: 0 | Waypoints: 1/31
2026-05-04 18:32:47,221 - carla_training - INFO - Step 430 | Speed: 0.0 km/h | Pos: (233.8, 195.2, 0.0) | Dist: 0.07m | Reward: 0.000 | Collisions: 0 | Waypoints: 1/31
2026-05-04 18:32:52,118 - carla_training - INFO - Step 440 | Speed: 0.1 km/h | Pos: (233.8, 195.2, 0.0) | Dist: 0.07m | Reward: 0.002 | Collisions: 0 | Waypoints: 1/31
2026-05-04 18:32:57,044 - carla_training - INFO - Step 450 | Speed: 0.0 km/h | Pos: (233.8, 195.2, 0.0) | Dist: 0.07m | Reward: 0.000 | Collisions: 0 | Waypoints: 1/31
2026-05-04 18:33:01,941 - carla_training - INFO - Step 460 | Speed: 0.1 km/h | Pos: (233.7, 195.2, 0.0) | Dist: 0.07m | Reward: 0.000 | Collisions: 0 | Waypoints: 1/31
2026-05-04 18:33:06,813 - carla_training - INFO - Step 470 | Speed: 0.5 km/h | Pos: (233.7, 195.2, 0.0) | Dist: 0.07m | Reward: 0.025 | Collisions: 0 | Waypoints: 1/31
2026-05-04 18:33:11,709 - carla_training - INFO - Step 480 | Speed: 0.5 km/h | Pos: (233.7, 195.2, 0.0) | Dist: 0.07m | Reward: 0.024 | Collisions: 0 | Waypoints: 1/31
2026-05-04 18:33:16,553 - carla_training - INFO - Step 490 | Speed: 0.0 km/h | Pos: (233.7, 195.2, 0.0) | Dist: 0.07m | Reward: 0.000 | Collisions: 0 | Waypoints: 1/31
2026-05-04 18:33:21,464 - carla_training - INFO - Step 500 | Speed: 0.0 km/h | Pos: (233.7, 195.2, 0.0) | Dist: 0.07m | Reward: 0.001 | Collisions: 0 | Waypoints: 1/31
2026-05-04 18:33:26,351 - carla_training - INFO - Step 510 | Speed: 0.0 km/h | Pos: (233.7, 195.2, 0.0) | Dist: 0.07m | Reward: 0.000 | Collisions: 0 | Waypoints: 2/31
2026-05-04 18:33:31,194 - carla_training - INFO - Step 520 | Speed: 0.2 km/h | Pos: (233.7, 195.2, 0.0) | Dist: 0.07m | Reward: 0.004 | Collisions: 0 | Waypoints: 2/31
2026-05-04 18:33:36,016 - carla_training - INFO - Step 530 | Speed: 0.3 km/h | Pos: (233.7, 195.2, 0.0) | Dist: 0.07m | Reward: 0.017 | Collisions: 0 | Waypoints: 2/31
2026-05-04 18:33:40,907 - carla_training - INFO - Step 540 | Speed: 0.0 km/h | Pos: (233.7, 195.2, 0.0) | Dist: 0.07m | Reward: 0.000 | Collisions: 0 | Waypoints: 2/31
2026-05-04 18:33:45,710 - carla_training - INFO - Step 550 | Speed: 0.8 km/h | Pos: (233.7, 195.2, 0.0) | Dist: 0.07m | Reward: 0.045 | Collisions: 0 | Waypoints: 2/31
2026-05-04 18:33:50,484 - carla_training - INFO - Step 560 | Speed: 0.0 km/h | Pos: (233.6, 195.2, 0.0) | Dist: 0.06m | Reward: 0.000 | Collisions: 0 | Waypoints: 2/31
2026-05-04 18:33:55,284 - carla_training - INFO - Step 570 | Speed: 0.3 km/h | Pos: (233.6, 195.2, 0.0) | Dist: 0.06m | Reward: 0.016 | Collisions: 0 | Waypoints: 2/31
2026-05-04 18:34:00,086 - carla_training - INFO - Step 580 | Speed: 0.0 km/h | Pos: (233.6, 195.2, 0.0) | Dist: 0.06m | Reward: 0.000 | Collisions: 0 | Waypoints: 2/31
2026-05-04 18:34:04,882 - carla_training - INFO - Step 590 | Speed: 0.0 km/h | Pos: (233.5, 195.2, 0.0) | Dist: 0.06m | Reward: 0.000 | Collisions: 0 | Waypoints: 2/31
2026-05-04 18:34:09,679 - carla_training - INFO - Step 600 | Speed: 0.0 km/h | Pos: (233.5, 195.2, 0.0) | Dist: 0.06m | Reward: 0.000 | Collisions: 0 | Waypoints: 2/31
2026-05-04 18:34:14,479 - carla_training - INFO - Step 610 | Speed: 0.0 km/h | Pos: (233.5, 195.2, 0.0) | Dist: 0.06m | Reward: 0.000 | Collisions: 0 | Waypoints: 2/31
2026-05-04 18:34:19,271 - carla_training - INFO - Step 620 | Speed: 0.3 km/h | Pos: (233.5, 195.2, 0.0) | Dist: 0.06m | Reward: 0.013 | Collisions: 0 | Waypoints: 2/31
2026-05-04 18:34:24,070 - carla_training - INFO - Step 630 | Speed: 0.6 km/h | Pos: (233.5, 195.2, 0.0) | Dist: 0.06m | Reward: 0.000 | Collisions: 0 | Waypoints: 2/31
2026-05-04 18:34:28,875 - carla_training - INFO - Step 640 | Speed: 0.3 km/h | Pos: (233.4, 195.2, 0.0) | Dist: 0.05m | Reward: 0.014 | Collisions: 0 | Waypoints: 2/31
2026-05-04 18:34:33,672 - carla_training - INFO - Step 650 | Speed: 0.0 km/h | Pos: (233.4, 195.2, 0.0) | Dist: 0.05m | Reward: 0.000 | Collisions: 0 | Waypoints: 2/31
2026-05-04 18:34:38,468 - carla_training - INFO - Step 660 | Speed: 0.1 km/h | Pos: (233.4, 195.2, 0.0) | Dist: 0.05m | Reward: 0.003 | Collisions: 0 | Waypoints: 2/31
2026-05-04 18:34:43,273 - carla_training - INFO - Step 670 | Speed: 0.3 km/h | Pos: (233.4, 195.2, 0.0) | Dist: 0.05m | Reward: 0.008 | Collisions: 0 | Waypoints: 2/31
2026-05-04 18:34:48,071 - carla_training - INFO - Step 680 | Speed: 0.0 km/h | Pos: (233.4, 195.2, 0.0) | Dist: 0.05m | Reward: 0.000 | Collisions: 0 | Waypoints: 2/31
2026-05-04 18:34:52,843 - carla_training - INFO - Step 690 | Speed: 0.0 km/h | Pos: (233.3, 195.2, 0.0) | Dist: 0.05m | Reward: 0.000 | Collisions: 0 | Waypoints: 2/31
2026-05-04 18:34:57,645 - carla_training - INFO - Step 700 | Speed: 0.3 km/h | Pos: (233.3, 195.2, 0.0) | Dist: 0.05m | Reward: 0.014 | Collisions: 0 | Waypoints: 2/31
2026-05-04 18:35:02,421 - carla_training - INFO - Step 710 | Speed: 0.3 km/h | Pos: (233.3, 195.2, 0.0) | Dist: 0.04m | Reward: 0.014 | Collisions: 0 | Waypoints: 2/31
2026-05-04 18:35:07,201 - carla_training - INFO - Step 720 | Speed: 0.0 km/h | Pos: (233.3, 195.2, 0.0) | Dist: 0.04m | Reward: 0.000 | Collisions: 0 | Waypoints: 2/31
2026-05-04 18:35:11,991 - carla_training - INFO - Step 730 | Speed: 0.0 km/h | Pos: (233.3, 195.2, 0.0) | Dist: 0.04m | Reward: 0.000 | Collisions: 0 | Waypoints: 2/31
2026-05-04 18:35:16,766 - carla_training - INFO - Step 740 | Speed: 0.0 km/h | Pos: (233.3, 195.2, 0.0) | Dist: 0.04m | Reward: 0.000 | Collisions: 0 | Waypoints: 2/31
2026-05-04 18:35:21,555 - carla_training - INFO - Step 750 | Speed: 0.0 km/h | Pos: (233.3, 195.2, 0.0) | Dist: 0.05m | Reward: 0.000 | Collisions: 0 | Waypoints: 2/31
2026-05-04 18:35:26,338 - carla_training - INFO - Step 760 | Speed: 0.6 km/h | Pos: (233.3, 195.2, 0.0) | Dist: 0.05m | Reward: 0.038 | Collisions: 0 | Waypoints: 2/31
2026-05-04 18:35:31,134 - carla_training - INFO - Step 770 | Speed: 0.0 km/h | Pos: (233.3, 195.2, 0.0) | Dist: 0.05m | Reward: 0.000 | Collisions: 0 | Waypoints: 2/31
2026-05-04 18:35:35,944 - carla_training - INFO - Step 780 | Speed: 1.1 km/h | Pos: (233.2, 195.2, 0.0) | Dist: 0.05m | Reward: 0.045 | Collisions: 0 | Waypoints: 2/31
2026-05-04 18:35:40,914 - carla_training - INFO - Step 790 | Speed: 0.0 km/h | Pos: (233.2, 195.2, 0.0) | Dist: 0.05m | Reward: 0.000 | Collisions: 0 | Waypoints: 2/31
2026-05-04 18:35:45,967 - carla_training - INFO - Step 800 | Speed: 0.0 km/h | Pos: (233.2, 195.2, 0.0) | Dist: 0.05m | Reward: 0.000 | Collisions: 0 | Waypoints: 2/31
2026-05-04 18:35:50,891 - carla_training - INFO - Step 810 | Speed: 0.3 km/h | Pos: (233.1, 195.2, 0.0) | Dist: 0.05m | Reward: 0.013 | Collisions: 0 | Waypoints: 2/31
2026-05-04 18:35:55,786 - carla_training - INFO - Step 820 | Speed: 0.0 km/h | Pos: (233.1, 195.2, 0.0) | Dist: 0.05m | Reward: 0.000 | Collisions: 0 | Waypoints: 2/31
2026-05-04 18:36:00,580 - carla_training - INFO - Step 830 | Speed: 0.0 km/h | Pos: (233.1, 195.2, 0.0) | Dist: 0.05m | Reward: 0.000 | Collisions: 0 | Waypoints: 2/31
2026-05-04 18:36:05,382 - carla_training - INFO - Step 840 | Speed: 0.0 km/h | Pos: (233.1, 195.2, 0.0) | Dist: 0.05m | Reward: 0.000 | Collisions: 0 | Waypoints: 2/31
2026-05-04 18:36:10,162 - carla_training - INFO - Step 850 | Speed: 0.1 km/h | Pos: (233.1, 195.2, 0.0) | Dist: 0.05m | Reward: 0.002 | Collisions: 0 | Waypoints: 2/31
2026-05-04 18:36:14,941 - carla_training - INFO - Step 860 | Speed: 0.3 km/h | Pos: (233.1, 195.2, 0.0) | Dist: 0.05m | Reward: 0.013 | Collisions: 0 | Waypoints: 2/31
2026-05-04 18:36:19,740 - carla_training - INFO - Step 870 | Speed: 0.0 km/h | Pos: (233.1, 195.2, 0.0) | Dist: 0.05m | Reward: 0.000 | Collisions: 0 | Waypoints: 2/31
2026-05-04 18:36:24,537 - carla_training - INFO - Step 880 | Speed: 0.4 km/h | Pos: (233.1, 195.2, 0.0) | Dist: 0.05m | Reward: 0.009 | Collisions: 0 | Waypoints: 2/31
2026-05-04 18:36:29,337 - carla_training - INFO - Step 890 | Speed: 0.3 km/h | Pos: (233.0, 195.2, 0.0) | Dist: 0.05m | Reward: 0.014 | Collisions: 0 | Waypoints: 2/31
2026-05-04 18:36:34,132 - carla_training - INFO - Step 900 | Speed: 0.1 km/h | Pos: (233.0, 195.2, 0.0) | Dist: 0.05m | Reward: 0.005 | Collisions: 0 | Waypoints: 2/31
2026-05-04 18:36:38,914 - carla_training - INFO - Step 910 | Speed: 0.0 km/h | Pos: (233.0, 195.2, 0.0) | Dist: 0.05m | Reward: 0.000 | Collisions: 0 | Waypoints: 2/31
2026-05-04 18:36:43,688 - carla_training - INFO - Step 920 | Speed: 0.2 km/h | Pos: (233.0, 195.2, 0.0) | Dist: 0.05m | Reward: 0.007 | Collisions: 0 | Waypoints: 2/31
2026-05-04 18:36:48,486 - carla_training - INFO - Step 930 | Speed: 0.3 km/h | Pos: (232.9, 195.2, 0.0) | Dist: 0.05m | Reward: 0.017 | Collisions: 0 | Waypoints: 2/31
2026-05-04 18:36:53,285 - carla_training - INFO - Step 940 | Speed: 0.2 km/h | Pos: (232.9, 195.2, 0.0) | Dist: 0.05m | Reward: 0.013 | Collisions: 0 | Waypoints: 2/31
2026-05-04 18:36:58,086 - carla_training - INFO - Step 950 | Speed: 0.1 km/h | Pos: (232.9, 195.2, 0.0) | Dist: 0.05m | Reward: 0.007 | Collisions: 0 | Waypoints: 2/31
2026-05-04 18:37:02,885 - carla_training - INFO - Step 960 | Speed: 0.3 km/h | Pos: (232.9, 195.2, 0.0) | Dist: 0.05m | Reward: 0.016 | Collisions: 0 | Waypoints: 2/31
2026-05-04 18:37:02,885 - carla_training - INFO - 
Training speed: 2 fps | Total steps: 2000
2026-05-04 18:37:07,684 - carla_training - INFO - Step 970 | Speed: 0.1 km/h | Pos: (232.9, 195.2, 0.0) | Dist: 0.05m | Reward: 0.000 | Collisions: 0 | Waypoints: 2/31
2026-05-04 18:37:12,482 - carla_training - INFO - Step 980 | Speed: 0.0 km/h | Pos: (232.9, 195.2, 0.0) | Dist: 0.05m | Reward: 0.000 | Collisions: 0 | Waypoints: 2/31
2026-05-04 18:37:17,263 - carla_training - INFO - Step 990 | Speed: 0.0 km/h | Pos: (232.9, 195.2, 0.0) | Dist: 0.05m | Reward: 0.000 | Collisions: 0 | Waypoints: 2/31
2026-05-04 18:37:22,062 - carla_training - INFO - Step 1000 | Speed: 0.0 km/h | Pos: (232.9, 195.2, 0.0) | Dist: 0.05m | Reward: 0.000 | Collisions: 0 | Waypoints: 2/31
2026-05-04 18:37:27,870 - carla_training - INFO - Step 1010 | Speed: 0.0 km/h | Pos: (232.9, 195.2, 0.0) | Dist: 0.05m | Reward: 0.000 | Collisions: 0 | Waypoints: 2/31
2026-05-04 18:37:31,974 - carla_training - INFO - Step 1020 | Speed: 0.0 km/h | Pos: (232.9, 195.2, 0.0) | Dist: 0.05m | Reward: 0.000 | Collisions: 0 | Waypoints: 2/31
2026-05-04 18:37:36,260 - carla_training - INFO - Step 1030 | Speed: 0.0 km/h | Pos: (232.9, 195.2, 0.0) | Dist: 0.05m | Reward: 0.000 | Collisions: 0 | Waypoints: 2/31
2026-05-04 18:37:40,527 - carla_training - INFO - Step 1040 | Speed: 0.1 km/h | Pos: (232.8, 195.2, 0.0) | Dist: 0.04m | Reward: 0.004 | Collisions: 0 | Waypoints: 2/31
2026-05-04 18:37:45,347 - carla_training - INFO - Step 1050 | Speed: 0.0 km/h | Pos: (232.8, 195.2, 0.0) | Dist: 0.04m | Reward: 0.000 | Collisions: 0 | Waypoints: 2/31
2026-05-04 18:37:50,697 - carla_training - INFO - Step 1060 | Speed: 0.0 km/h | Pos: (232.8, 195.2, 0.0) | Dist: 0.04m | Reward: 0.000 | Collisions: 0 | Waypoints: 2/31
2026-05-04 18:37:56,023 - carla_training - INFO - Step 1070 | Speed: 0.0 km/h | Pos: (232.8, 195.2, 0.0) | Dist: 0.04m | Reward: 0.000 | Collisions: 0 | Waypoints: 2/31
2026-05-04 18:38:01,352 - carla_training - INFO - Step 1080 | Speed: 0.3 km/h | Pos: (232.8, 195.2, 0.0) | Dist: 0.04m | Reward: 0.017 | Collisions: 0 | Waypoints: 2/31
2026-05-04 18:38:06,697 - carla_training - INFO - Step 1090 | Speed: 0.0 km/h | Pos: (232.8, 195.2, 0.0) | Dist: 0.04m | Reward: 0.000 | Collisions: 0 | Waypoints: 2/31
2026-05-04 18:38:12,053 - carla_training - INFO - Step 1100 | Speed: 0.0 km/h | Pos: (232.8, 195.2, 0.0) | Dist: 0.04m | Reward: 0.000 | Collisions: 0 | Waypoints: 2/31
2026-05-04 18:38:17,354 - carla_training - INFO - Step 1110 | Speed: 0.1 km/h | Pos: (232.8, 195.2, 0.0) | Dist: 0.04m | Reward: 0.000 | Collisions: 0 | Waypoints: 2/31
2026-05-04 18:38:21,670 - carla_training - INFO - 
============================================================
2026-05-04 18:38:21,670 - carla_training - INFO - Episode 10 Summary:
2026-05-04 18:38:21,670 - carla_training - INFO -   Termination Reason: REWARD_BASED (Unknown)
2026-05-04 18:38:21,670 - carla_training - INFO -   Total Reward: -1.83
2026-05-04 18:38:21,670 - carla_training - INFO -   Steps: 1118
2026-05-04 18:38:21,670 - carla_training - INFO -   Duration: 539.75 seconds
2026-05-04 18:38:21,670 - carla_training - INFO -   Average Speed: 0.16 km/h
2026-05-04 18:38:21,670 - carla_training - INFO -   Max Speed: 2.95 km/h
2026-05-04 18:38:21,670 - carla_training - INFO -   Total Distance: 2.04 meters
2026-05-04 18:38:21,670 - carla_training - INFO -   Average Lane Deviation: 0.07 meters
2026-05-04 18:38:21,670 - carla_training - INFO -   Waypoints Reached: 2
2026-05-04 18:38:21,670 - carla_training - INFO - ============================================================

2026-05-04 18:38:21,730 - carla_training - INFO - 🚗 Vehicle spawned and stabilized!
2026-05-04 18:38:21,743 - carla_training - INFO - ✅ Generated 31 waypoints for navigation
2026-05-04 18:38:21,743 - carla_training - INFO -    Complexity: 0 junctions, 0 turns (0.0% turn rate)
2026-05-04 18:38:22,906 - carla_training - INFO - ✅ Metrics backup saved: Episode 10
2026-05-04 18:38:22,945 - carla_training - INFO - 💾 Saving checkpoint at episode 10...
2026-05-04 18:38:23,028 - carla_training - INFO - ✅ Model saved: ./checkpoints/trained_ssl_rl\model_ep10
2026-05-04 18:38:23,030 - carla_training - INFO - ✅ Env stats saved: ./checkpoints/trained_ssl_rl\env_ep10.pkl
2026-05-04 18:38:27,536 - carla_training - INFO - Step 10 | Speed: 0.0 km/h | Pos: (234.7, 195.3, 0.0) | Dist: 0.12m | Reward: 0.000 | Collisions: 0 | Waypoints: 1/31
2026-05-04 18:38:32,682 - carla_training - INFO - Step 20 | Speed: 0.0 km/h | Pos: (234.7, 195.3, 0.0) | Dist: 0.12m | Reward: 0.000 | Collisions: 0 | Waypoints: 1/31
2026-05-04 18:38:37,481 - carla_training - INFO - Step 30 | Speed: 0.0 km/h | Pos: (234.7, 195.3, 0.0) | Dist: 0.12m | Reward: 0.000 | Collisions: 0 | Waypoints: 1/31
2026-05-04 18:38:42,487 - carla_training - INFO - Step 40 | Speed: 0.0 km/h | Pos: (234.7, 195.3, 0.0) | Dist: 0.12m | Reward: 0.000 | Collisions: 0 | Waypoints: 1/31
2026-05-04 18:38:47,480 - carla_training - INFO - Step 50 | Speed: 0.0 km/h | Pos: (234.7, 195.3, 0.0) | Dist: 0.12m | Reward: 0.000 | Collisions: 0 | Waypoints: 1/31
2026-05-04 18:38:52,455 - carla_training - INFO - Step 60 | Speed: 1.2 km/h | Pos: (234.7, 195.3, 0.0) | Dist: 0.12m | Reward: 0.057 | Collisions: 0 | Waypoints: 1/31
2026-05-04 18:38:57,451 - carla_training - INFO - Step 70 | Speed: 0.1 km/h | Pos: (234.6, 195.3, 0.0) | Dist: 0.11m | Reward: 0.007 | Collisions: 0 | Waypoints: 1/31
2026-05-04 18:39:02,452 - carla_training - INFO - Step 80 | Speed: 0.4 km/h | Pos: (234.6, 195.3, 0.0) | Dist: 0.11m | Reward: 0.020 | Collisions: 0 | Waypoints: 1/31
2026-05-04 18:39:07,441 - carla_training - INFO - Step 90 | Speed: 0.1 km/h | Pos: (234.5, 195.3, 0.0) | Dist: 0.11m | Reward: 0.000 | Collisions: 0 | Waypoints: 1/31
2026-05-04 18:39:12,460 - carla_training - INFO - Step 100 | Speed: 0.0 km/h | Pos: (234.5, 195.3, 0.0) | Dist: 0.11m | Reward: 0.000 | Collisions: 0 | Waypoints: 1/31
2026-05-04 18:39:17,475 - carla_training - INFO - Step 110 | Speed: 0.0 km/h | Pos: (234.5, 195.3, 0.0) | Dist: 0.11m | Reward: 0.000 | Collisions: 0 | Waypoints: 1/31
2026-05-04 18:39:22,461 - carla_training - INFO - Step 120 | Speed: 0.0 km/h | Pos: (234.5, 195.3, 0.0) | Dist: 0.11m | Reward: 0.000 | Collisions: 0 | Waypoints: 1/31
2026-05-04 18:39:27,523 - carla_training - INFO - Step 130 | Speed: 0.0 km/h | Pos: (234.4, 195.3, 0.0) | Dist: 0.11m | Reward: 0.000 | Collisions: 0 | Waypoints: 1/31
2026-05-04 18:39:32,524 - carla_training - INFO - Step 140 | Speed: 0.0 km/h | Pos: (234.4, 195.3, 0.0) | Dist: 0.11m | Reward: 0.000 | Collisions: 0 | Waypoints: 1/31
2026-05-04 18:39:37,020 - carla_training - INFO - Step 150 | Speed: 0.6 km/h | Pos: (234.4, 195.3, 0.0) | Dist: 0.11m | Reward: 0.034 | Collisions: 0 | Waypoints: 1/31
2026-05-04 18:39:42,046 - carla_training - INFO - Step 160 | Speed: 1.3 km/h | Pos: (234.4, 195.3, 0.0) | Dist: 0.11m | Reward: 0.074 | Collisions: 0 | Waypoints: 1/31
2026-05-04 18:39:47,045 - carla_training - INFO - Step 170 | Speed: 0.1 km/h | Pos: (234.3, 195.3, 0.0) | Dist: 0.11m | Reward: 0.007 | Collisions: 0 | Waypoints: 1/31
2026-05-04 18:39:52,034 - carla_training - INFO - Step 180 | Speed: 0.3 km/h | Pos: (234.3, 195.3, 0.0) | Dist: 0.11m | Reward: 0.010 | Collisions: 0 | Waypoints: 1/31
2026-05-04 18:39:57,027 - carla_training - INFO - Step 190 | Speed: 0.1 km/h | Pos: (234.3, 195.3, 0.0) | Dist: 0.11m | Reward: 0.008 | Collisions: 0 | Waypoints: 1/31
2026-05-04 18:40:02,027 - carla_training - INFO - Step 200 | Speed: 0.2 km/h | Pos: (234.3, 195.3, 0.0) | Dist: 0.11m | Reward: 0.014 | Collisions: 0 | Waypoints: 1/31
2026-05-04 18:40:07,028 - carla_training - INFO - Step 210 | Speed: 0.0 km/h | Pos: (234.3, 195.3, 0.0) | Dist: 0.11m | Reward: 0.000 | Collisions: 0 | Waypoints: 1/31
2026-05-04 18:40:12,021 - carla_training - INFO - Step 220 | Speed: 1.0 km/h | Pos: (234.2, 195.3, 0.0) | Dist: 0.11m | Reward: 0.052 | Collisions: 0 | Waypoints: 1/31
2026-05-04 18:40:17,027 - carla_training - INFO - Step 230 | Speed: 0.0 km/h | Pos: (234.2, 195.3, 0.0) | Dist: 0.11m | Reward: 0.000 | Collisions: 0 | Waypoints: 1/31
2026-05-04 18:40:22,151 - carla_training - INFO - Step 240 | Speed: 0.0 km/h | Pos: (234.0, 195.3, 0.0) | Dist: 0.11m | Reward: 0.000 | Collisions: 0 | Waypoints: 1/31
2026-05-04 18:40:27,184 - carla_training - INFO - Step 250 | Speed: 0.0 km/h | Pos: (233.9, 195.3, 0.0) | Dist: 0.12m | Reward: 0.000 | Collisions: 0 | Waypoints: 1/31
2026-05-04 18:40:32,183 - carla_training - INFO - Step 260 | Speed: 0.0 km/h | Pos: (233.9, 195.3, 0.0) | Dist: 0.12m | Reward: 0.000 | Collisions: 0 | Waypoints: 1/31
2026-05-04 18:40:37,208 - carla_training - INFO - Step 270 | Speed: 0.3 km/h | Pos: (233.9, 195.3, 0.0) | Dist: 0.13m | Reward: 0.001 | Collisions: 0 | Waypoints: 1/31
2026-05-04 18:40:42,275 - carla_training - INFO - Step 280 | Speed: 0.0 km/h | Pos: (233.8, 195.3, 0.0) | Dist: 0.14m | Reward: 0.000 | Collisions: 0 | Waypoints: 1/31
2026-05-04 18:40:47,424 - carla_training - INFO - Step 290 | Speed: 0.0 km/h | Pos: (233.8, 195.3, 0.0) | Dist: 0.14m | Reward: 0.000 | Collisions: 0 | Waypoints: 1/31
2026-05-04 18:40:52,778 - carla_training - INFO - Step 300 | Speed: 0.0 km/h | Pos: (233.8, 195.3, 0.0) | Dist: 0.14m | Reward: 0.000 | Collisions: 0 | Waypoints: 1/31
2026-05-04 18:40:58,224 - carla_training - INFO - Step 310 | Speed: 0.0 km/h | Pos: (233.8, 195.3, 0.0) | Dist: 0.14m | Reward: 0.003 | Collisions: 0 | Waypoints: 1/31
2026-05-04 18:41:03,157 - carla_training - INFO - Step 320 | Speed: 0.0 km/h | Pos: (233.8, 195.3, 0.0) | Dist: 0.14m | Reward: 0.000 | Collisions: 0 | Waypoints: 1/31
2026-05-04 18:41:08,894 - carla_training - INFO - Step 330 | Speed: 0.3 km/h | Pos: (233.8, 195.3, 0.0) | Dist: 0.14m | Reward: 0.014 | Collisions: 0 | Waypoints: 1/31
2026-05-04 18:41:14,495 - carla_training - INFO - Step 340 | Speed: 1.2 km/h | Pos: (233.7, 195.3, 0.0) | Dist: 0.14m | Reward: 0.061 | Collisions: 0 | Waypoints: 2/31
2026-05-04 18:41:20,083 - carla_training - INFO - Step 350 | Speed: 0.0 km/h | Pos: (233.7, 195.3, 0.0) | Dist: 0.14m | Reward: 0.000 | Collisions: 0 | Waypoints: 2/31
2026-05-04 18:41:25,468 - carla_training - INFO - Step 360 | Speed: 0.0 km/h | Pos: (233.7, 195.3, 0.0) | Dist: 0.14m | Reward: 0.000 | Collisions: 0 | Waypoints: 2/31
2026-05-04 18:41:30,640 - carla_training - INFO - Step 370 | Speed: 0.6 km/h | Pos: (233.7, 195.3, 0.0) | Dist: 0.14m | Reward: 0.032 | Collisions: 0 | Waypoints: 2/31
2026-05-04 18:41:35,837 - carla_training - INFO - Step 380 | Speed: 0.3 km/h | Pos: (233.7, 195.3, 0.0) | Dist: 0.14m | Reward: 0.015 | Collisions: 0 | Waypoints: 2/31
2026-05-04 18:41:41,060 - carla_training - INFO - Step 390 | Speed: 0.0 km/h | Pos: (233.6, 195.3, 0.0) | Dist: 0.14m | Reward: 0.000 | Collisions: 0 | Waypoints: 2/31
2026-05-04 18:41:46,248 - carla_training - INFO - Step 400 | Speed: 0.0 km/h | Pos: (233.6, 195.3, 0.0) | Dist: 0.14m | Reward: 0.000 | Collisions: 0 | Waypoints: 2/31
2026-05-04 18:41:51,424 - carla_training - INFO - Step 410 | Speed: 0.0 km/h | Pos: (233.6, 195.3, 0.0) | Dist: 0.14m | Reward: 0.000 | Collisions: 0 | Waypoints: 2/31
2026-05-04 18:41:56,588 - carla_training - INFO - Step 420 | Speed: 0.0 km/h | Pos: (233.6, 195.3, 0.0) | Dist: 0.14m | Reward: 0.000 | Collisions: 0 | Waypoints: 2/31
2026-05-04 18:42:01,768 - carla_training - INFO - Step 430 | Speed: 0.0 km/h | Pos: (233.6, 195.3, 0.0) | Dist: 0.15m | Reward: 0.000 | Collisions: 0 | Waypoints: 2/31
2026-05-04 18:42:06,971 - carla_training - INFO - Step 440 | Speed: 0.0 km/h | Pos: (233.6, 195.3, 0.0) | Dist: 0.14m | Reward: 0.000 | Collisions: 0 | Waypoints: 2/31
2026-05-04 18:42:12,125 - carla_training - INFO - Step 450 | Speed: 0.0 km/h | Pos: (233.6, 195.3, 0.0) | Dist: 0.15m | Reward: 0.000 | Collisions: 0 | Waypoints: 2/31
2026-05-04 18:42:17,258 - carla_training - INFO - Step 460 | Speed: 0.0 km/h | Pos: (233.6, 195.3, 0.0) | Dist: 0.15m | Reward: 0.000 | Collisions: 0 | Waypoints: 2/31
2026-05-04 18:42:22,563 - carla_training - INFO - Step 470 | Speed: 0.0 km/h | Pos: (233.6, 195.3, 0.0) | Dist: 0.15m | Reward: 0.000 | Collisions: 0 | Waypoints: 2/31
2026-05-04 18:42:27,699 - carla_training - INFO - Step 480 | Speed: 0.0 km/h | Pos: (233.6, 195.3, 0.0) | Dist: 0.15m | Reward: 0.000 | Collisions: 0 | Waypoints: 2/31
2026-05-04 18:42:32,851 - carla_training - INFO - Step 490 | Speed: 0.3 km/h | Pos: (233.6, 195.3, 0.0) | Dist: 0.15m | Reward: 0.020 | Collisions: 0 | Waypoints: 2/31
2026-05-04 18:42:38,153 - carla_training - INFO - Step 500 | Speed: 0.0 km/h | Pos: (233.6, 195.3, 0.0) | Dist: 0.15m | Reward: 0.000 | Collisions: 0 | Waypoints: 2/31
2026-05-04 18:42:43,344 - carla_training - INFO - Step 510 | Speed: 0.4 km/h | Pos: (233.5, 195.3, 0.0) | Dist: 0.15m | Reward: 0.022 | Collisions: 0 | Waypoints: 2/31
2026-05-04 18:42:48,588 - carla_training - INFO - Step 520 | Speed: 0.3 km/h | Pos: (233.5, 195.3, 0.0) | Dist: 0.15m | Reward: 0.017 | Collisions: 0 | Waypoints: 2/31
2026-05-04 18:42:53,718 - carla_training - INFO - Step 530 | Speed: 0.0 km/h | Pos: (233.5, 195.3, 0.0) | Dist: 0.16m | Reward: 0.000 | Collisions: 0 | Waypoints: 2/31
2026-05-04 18:42:58,995 - carla_training - INFO - Step 540 | Speed: 0.0 km/h | Pos: (233.4, 195.3, 0.0) | Dist: 0.16m | Reward: 0.000 | Collisions: 0 | Waypoints: 2/31
2026-05-04 18:43:04,190 - carla_training - INFO - Step 550 | Speed: 0.4 km/h | Pos: (233.4, 195.3, 0.0) | Dist: 0.16m | Reward: 0.024 | Collisions: 0 | Waypoints: 2/31
2026-05-04 18:43:09,281 - carla_training - INFO - Step 560 | Speed: 1.8 km/h | Pos: (233.4, 195.3, 0.0) | Dist: 0.16m | Reward: 0.066 | Collisions: 0 | Waypoints: 2/31
2026-05-04 18:43:14,381 - carla_training - INFO - Step 570 | Speed: 0.0 km/h | Pos: (233.3, 195.3, 0.0) | Dist: 0.16m | Reward: 0.000 | Collisions: 0 | Waypoints: 2/31
2026-05-04 18:43:19,480 - carla_training - INFO - Step 580 | Speed: 0.0 km/h | Pos: (233.3, 195.3, 0.0) | Dist: 0.17m | Reward: 0.000 | Collisions: 0 | Waypoints: 2/31
2026-05-04 18:43:24,576 - carla_training - INFO - Step 590 | Speed: 0.1 km/h | Pos: (233.3, 195.3, 0.0) | Dist: 0.17m | Reward: 0.002 | Collisions: 0 | Waypoints: 2/31
2026-05-04 18:43:29,680 - carla_training - INFO - Step 600 | Speed: 0.1 km/h | Pos: (233.3, 195.3, 0.0) | Dist: 0.17m | Reward: 0.004 | Collisions: 0 | Waypoints: 2/31
2026-05-04 18:43:34,779 - carla_training - INFO - Step 610 | Speed: 0.0 km/h | Pos: (233.3, 195.3, 0.0) | Dist: 0.16m | Reward: 0.000 | Collisions: 0 | Waypoints: 2/31
2026-05-04 18:43:39,882 - carla_training - INFO - Step 620 | Speed: 0.2 km/h | Pos: (233.3, 195.3, 0.0) | Dist: 0.16m | Reward: 0.010 | Collisions: 0 | Waypoints: 2/31
2026-05-04 18:43:44,985 - carla_training - INFO - Step 630 | Speed: 0.1 km/h | Pos: (233.2, 195.3, 0.0) | Dist: 0.17m | Reward: 0.003 | Collisions: 0 | Waypoints: 2/31
2026-05-04 18:43:50,073 - carla_training - INFO - Step 640 | Speed: 0.5 km/h | Pos: (233.2, 195.3, 0.0) | Dist: 0.17m | Reward: 0.024 | Collisions: 0 | Waypoints: 2/31
2026-05-04 18:43:55,207 - carla_training - INFO - Step 650 | Speed: 0.0 km/h | Pos: (233.0, 195.3, 0.0) | Dist: 0.17m | Reward: 0.000 | Collisions: 0 | Waypoints: 2/31
2026-05-04 18:44:00,303 - carla_training - INFO - Step 660 | Speed: 0.3 km/h | Pos: (233.0, 195.3, 0.0) | Dist: 0.17m | Reward: 0.012 | Collisions: 0 | Waypoints: 2/31
2026-05-04 18:44:05,388 - carla_training - INFO - Step 670 | Speed: 0.0 km/h | Pos: (233.0, 195.3, 0.0) | Dist: 0.17m | Reward: 0.000 | Collisions: 0 | Waypoints: 2/31
2026-05-04 18:44:10,484 - carla_training - INFO - Step 680 | Speed: 0.6 km/h | Pos: (233.0, 195.3, 0.0) | Dist: 0.17m | Reward: 0.033 | Collisions: 0 | Waypoints: 2/31
2026-05-04 18:44:15,716 - carla_training - INFO - Step 690 | Speed: 0.0 km/h | Pos: (232.9, 195.3, 0.0) | Dist: 0.17m | Reward: 0.000 | Collisions: 0 | Waypoints: 2/31
2026-05-04 18:44:20,920 - carla_training - INFO - Step 700 | Speed: 0.7 km/h | Pos: (232.9, 195.3, 0.0) | Dist: 0.17m | Reward: 0.038 | Collisions: 0 | Waypoints: 2/31
2026-05-04 18:44:26,193 - carla_training - INFO - Step 710 | Speed: 1.5 km/h | Pos: (232.9, 195.3, 0.0) | Dist: 0.18m | Reward: 0.033 | Collisions: 0 | Waypoints: 2/31
2026-05-04 18:44:31,375 - carla_training - INFO - Step 720 | Speed: 0.0 km/h | Pos: (232.8, 195.3, 0.0) | Dist: 0.18m | Reward: 0.000 | Collisions: 0 | Waypoints: 2/31
2026-05-04 18:44:36,482 - carla_training - INFO - Step 730 | Speed: 0.0 km/h | Pos: (232.8, 195.3, 0.0) | Dist: 0.18m | Reward: 0.000 | Collisions: 0 | Waypoints: 2/31
2026-05-04 18:44:41,580 - carla_training - INFO - Step 740 | Speed: 0.0 km/h | Pos: (232.8, 195.3, 0.0) | Dist: 0.18m | Reward: 0.000 | Collisions: 0 | Waypoints: 2/31
2026-05-04 18:44:46,730 - carla_training - INFO - Step 750 | Speed: 0.0 km/h | Pos: (232.8, 195.3, 0.0) | Dist: 0.18m | Reward: 0.000 | Collisions: 0 | Waypoints: 2/31
2026-05-04 18:44:51,856 - carla_training - INFO - Step 760 | Speed: 0.3 km/h | Pos: (232.8, 195.3, 0.0) | Dist: 0.18m | Reward: 0.015 | Collisions: 0 | Waypoints: 2/31
2026-05-04 18:44:57,012 - carla_training - INFO - Step 770 | Speed: 0.1 km/h | Pos: (232.8, 195.3, 0.0) | Dist: 0.18m | Reward: 0.005 | Collisions: 0 | Waypoints: 2/31
2026-05-04 18:45:02,140 - carla_training - INFO - Step 780 | Speed: 0.0 km/h | Pos: (232.8, 195.3, 0.0) | Dist: 0.18m | Reward: 0.000 | Collisions: 0 | Waypoints: 2/31
2026-05-04 18:45:07,281 - carla_training - INFO - Step 790 | Speed: 0.0 km/h | Pos: (232.8, 195.3, 0.0) | Dist: 0.18m | Reward: 0.000 | Collisions: 0 | Waypoints: 2/31
2026-05-04 18:45:12,454 - carla_training - INFO - Step 800 | Speed: 0.0 km/h | Pos: (232.8, 195.3, 0.0) | Dist: 0.18m | Reward: 0.000 | Collisions: 0 | Waypoints: 2/31
2026-05-04 18:45:17,572 - carla_training - INFO - Step 810 | Speed: 0.0 km/h | Pos: (232.8, 195.3, 0.0) | Dist: 0.18m | Reward: 0.000 | Collisions: 0 | Waypoints: 2/31
2026-05-04 18:45:22,677 - carla_training - INFO - Step 820 | Speed: 0.0 km/h | Pos: (232.8, 195.3, 0.0) | Dist: 0.18m | Reward: 0.000 | Collisions: 0 | Waypoints: 2/31
2026-05-04 18:45:27,822 - carla_training - INFO - Step 830 | Speed: 0.0 km/h | Pos: (232.8, 195.3, 0.0) | Dist: 0.18m | Reward: 0.000 | Collisions: 0 | Waypoints: 2/31
2026-05-04 18:45:32,746 - carla_training - INFO - Step 840 | Speed: 0.0 km/h | Pos: (232.7, 195.3, 0.0) | Dist: 0.18m | Reward: 0.000 | Collisions: 0 | Waypoints: 2/31
2026-05-04 18:45:33,430 - carla_training - INFO - 
Training speed: 1 fps | Total steps: 3000
2026-05-04 18:45:36,907 - carla_training - INFO - Step 850 | Speed: 0.0 km/h | Pos: (232.7, 195.3, 0.0) | Dist: 0.18m | Reward: 0.000 | Collisions: 0 | Waypoints: 2/31
2026-05-04 18:45:41,750 - carla_training - INFO - Step 860 | Speed: 0.2 km/h | Pos: (232.7, 195.3, 0.0) | Dist: 0.18m | Reward: 0.014 | Collisions: 0 | Waypoints: 2/31
2026-05-04 18:45:47,546 - carla_training - INFO - Step 870 | Speed: 0.0 km/h | Pos: (232.7, 195.3, 0.0) | Dist: 0.18m | Reward: 0.000 | Collisions: 0 | Waypoints: 2/31
2026-05-04 18:45:51,506 - carla_training - INFO - Step 880 | Speed: 0.3 km/h | Pos: (232.7, 195.3, 0.0) | Dist: 0.18m | Reward: 0.018 | Collisions: 0 | Waypoints: 2/31
2026-05-04 18:45:56,832 - carla_training - INFO - Step 890 | Speed: 0.0 km/h | Pos: (232.7, 195.3, 0.0) | Dist: 0.18m | Reward: 0.000 | Collisions: 0 | Waypoints: 2/31
2026-05-04 18:46:02,345 - carla_training - INFO - Step 900 | Speed: 0.0 km/h | Pos: (232.7, 195.3, 0.0) | Dist: 0.18m | Reward: 0.000 | Collisions: 0 | Waypoints: 2/31
2026-05-04 18:46:07,276 - carla_training - INFO - Step 910 | Speed: 0.7 km/h | Pos: (232.7, 195.3, 0.0) | Dist: 0.17m | Reward: 0.040 | Collisions: 0 | Waypoints: 2/31
2026-05-04 18:46:08,007 - carla_training - INFO - 
============================================================
2026-05-04 18:46:08,007 - carla_training - INFO - Episode 11 Summary:
2026-05-04 18:46:08,008 - carla_training - INFO -   Termination Reason: REWARD_BASED (Unknown)
2026-05-04 18:46:08,008 - carla_training - INFO -   Total Reward: -1.84
2026-05-04 18:46:08,008 - carla_training - INFO -   Steps: 912
2026-05-04 18:46:08,008 - carla_training - INFO -   Duration: 466.34 seconds
2026-05-04 18:46:08,008 - carla_training - INFO -   Average Speed: 0.20 km/h
2026-05-04 18:46:08,008 - carla_training - INFO -   Max Speed: 3.97 km/h
2026-05-04 18:46:08,008 - carla_training - INFO -   Total Distance: 2.14 meters
2026-05-04 18:46:08,008 - carla_training - INFO -   Average Lane Deviation: 0.15 meters
2026-05-04 18:46:08,008 - carla_training - INFO -   Waypoints Reached: 2
2026-05-04 18:46:08,008 - carla_training - INFO - ============================================================

2026-05-04 18:46:08,065 - carla_training - INFO - 🚗 Vehicle spawned and stabilized!
2026-05-04 18:46:08,075 - carla_training - INFO - ✅ Generated 31 waypoints for navigation
2026-05-04 18:46:08,075 - carla_training - INFO -    Complexity: 0 junctions, 0 turns (0.0% turn rate)
2026-05-04 18:46:13,293 - carla_training - INFO - Step 10 | Speed: 0.0 km/h | Pos: (234.7, 195.3, 0.0) | Dist: 0.12m | Reward: 0.000 | Collisions: 0 | Waypoints: 1/31
2026-05-04 18:46:17,499 - carla_training - INFO - Step 20 | Speed: 0.0 km/h | Pos: (234.7, 195.3, 0.0) | Dist: 0.12m | Reward: 0.000 | Collisions: 0 | Waypoints: 1/31
2026-05-04 18:46:21,717 - carla_training - INFO - Step 30 | Speed: 0.0 km/h | Pos: (234.7, 195.3, 0.0) | Dist: 0.12m | Reward: 0.000 | Collisions: 0 | Waypoints: 1/31
2026-05-04 18:46:27,718 - carla_training - INFO - Step 40 | Speed: 0.3 km/h | Pos: (234.7, 195.3, 0.0) | Dist: 0.12m | Reward: 0.017 | Collisions: 0 | Waypoints: 1/31
2026-05-04 18:46:33,690 - carla_training - INFO - Step 50 | Speed: 0.0 km/h | Pos: (234.7, 195.3, 0.0) | Dist: 0.12m | Reward: 0.000 | Collisions: 0 | Waypoints: 1/31
2026-05-04 18:46:38,617 - carla_training - INFO - Step 60 | Speed: 0.0 km/h | Pos: (234.7, 195.3, 0.0) | Dist: 0.12m | Reward: 0.000 | Collisions: 0 | Waypoints: 1/31
2026-05-04 18:46:44,066 - carla_training - INFO - Step 70 | Speed: 0.3 km/h | Pos: (234.6, 195.3, 0.0) | Dist: 0.12m | Reward: 0.020 | Collisions: 0 | Waypoints: 1/31
2026-05-04 18:46:48,790 - carla_training - INFO - Step 80 | Speed: 0.0 km/h | Pos: (234.6, 195.3, 0.0) | Dist: 0.12m | Reward: 0.000 | Collisions: 0 | Waypoints: 1/31
2026-05-04 18:46:53,786 - carla_training - INFO - Step 90 | Speed: 0.4 km/h | Pos: (234.6, 195.3, 0.0) | Dist: 0.12m | Reward: 0.015 | Collisions: 0 | Waypoints: 1/31
2026-05-04 18:46:58,786 - carla_training - INFO - Step 100 | Speed: 0.1 km/h | Pos: (234.6, 195.3, 0.0) | Dist: 0.12m | Reward: 0.002 | Collisions: 0 | Waypoints: 1/31
2026-05-04 18:47:03,809 - carla_training - INFO - Step 110 | Speed: 0.0 km/h | Pos: (234.6, 195.3, 0.0) | Dist: 0.12m | Reward: 0.000 | Collisions: 0 | Waypoints: 1/31
2026-05-04 18:47:08,890 - carla_training - INFO - Step 120 | Speed: 0.4 km/h | Pos: (234.5, 195.3, 0.0) | Dist: 0.12m | Reward: 0.016 | Collisions: 0 | Waypoints: 1/31
2026-05-04 18:47:13,960 - carla_training - INFO - Step 130 | Speed: 0.0 km/h | Pos: (234.5, 195.3, 0.0) | Dist: 0.12m | Reward: 0.000 | Collisions: 0 | Waypoints: 1/31
2026-05-04 18:47:19,017 - carla_training - INFO - Step 140 | Speed: 0.0 km/h | Pos: (234.5, 195.3, 0.0) | Dist: 0.12m | Reward: 0.000 | Collisions: 0 | Waypoints: 1/31
2026-05-04 18:47:24,054 - carla_training - INFO - Step 150 | Speed: 0.3 km/h | Pos: (234.5, 195.3, 0.0) | Dist: 0.12m | Reward: 0.017 | Collisions: 0 | Waypoints: 1/31
2026-05-04 18:47:29,095 - carla_training - INFO - Step 160 | Speed: 0.5 km/h | Pos: (234.3, 195.3, 0.0) | Dist: 0.13m | Reward: 0.024 | Collisions: 0 | Waypoints: 1/31
2026-05-04 18:47:34,093 - carla_training - INFO - Step 170 | Speed: 0.1 km/h | Pos: (234.3, 195.3, 0.0) | Dist: 0.13m | Reward: 0.004 | Collisions: 0 | Waypoints: 1/31
2026-05-04 18:47:39,092 - carla_training - INFO - Step 180 | Speed: 0.0 km/h | Pos: (234.3, 195.3, 0.0) | Dist: 0.13m | Reward: 0.000 | Collisions: 0 | Waypoints: 1/31
2026-05-04 18:47:44,087 - carla_training - INFO - Step 190 | Speed: 0.7 km/h | Pos: (234.2, 195.3, 0.0) | Dist: 0.13m | Reward: 0.037 | Collisions: 0 | Waypoints: 1/31
2026-05-04 18:47:49,089 - carla_training - INFO - Step 200 | Speed: 0.0 km/h | Pos: (234.2, 195.3, 0.0) | Dist: 0.13m | Reward: 0.000 | Collisions: 0 | Waypoints: 1/31
2026-05-04 18:47:54,075 - carla_training - INFO - Step 210 | Speed: 0.0 km/h | Pos: (234.2, 195.3, 0.0) | Dist: 0.13m | Reward: 0.000 | Collisions: 0 | Waypoints: 1/31
2026-05-04 18:47:59,160 - carla_training - INFO - Step 220 | Speed: 0.4 km/h | Pos: (234.2, 195.3, 0.0) | Dist: 0.13m | Reward: 0.021 | Collisions: 0 | Waypoints: 1/31
2026-05-04 18:48:04,289 - carla_training - INFO - Step 230 | Speed: 0.4 km/h | Pos: (234.2, 195.3, 0.0) | Dist: 0.13m | Reward: 0.023 | Collisions: 0 | Waypoints: 1/31
2026-05-04 18:48:09,419 - carla_training - INFO - Step 240 | Speed: 0.0 km/h | Pos: (234.2, 195.3, 0.0) | Dist: 0.13m | Reward: 0.000 | Collisions: 0 | Waypoints: 1/31
2026-05-04 18:48:14,481 - carla_training - INFO - Step 250 | Speed: 0.0 km/h | Pos: (234.1, 195.3, 0.0) | Dist: 0.13m | Reward: 0.000 | Collisions: 0 | Waypoints: 1/31
2026-05-04 18:48:19,479 - carla_training - INFO - Step 260 | Speed: 0.0 km/h | Pos: (234.1, 195.3, 0.0) | Dist: 0.14m | Reward: 0.000 | Collisions: 0 | Waypoints: 1/31
2026-05-04 18:48:24,484 - carla_training - INFO - Step 270 | Speed: 0.0 km/h | Pos: (234.1, 195.3, 0.0) | Dist: 0.13m | Reward: 0.000 | Collisions: 0 | Waypoints: 1/31
2026-05-04 18:48:29,487 - carla_training - INFO - Step 280 | Speed: 0.6 km/h | Pos: (234.1, 195.3, 0.0) | Dist: 0.14m | Reward: 0.024 | Collisions: 0 | Waypoints: 1/31
2026-05-04 18:48:34,491 - carla_training - INFO - Step 290 | Speed: 0.0 km/h | Pos: (234.1, 195.3, 0.0) | Dist: 0.14m | Reward: 0.000 | Collisions: 0 | Waypoints: 1/31
2026-05-04 18:48:39,491 - carla_training - INFO - Step 300 | Speed: 0.0 km/h | Pos: (234.1, 195.3, 0.0) | Dist: 0.14m | Reward: 0.000 | Collisions: 0 | Waypoints: 1/31
2026-05-04 18:48:44,593 - carla_training - INFO - Step 310 | Speed: 0.0 km/h | Pos: (234.0, 195.3, 0.0) | Dist: 0.14m | Reward: 0.001 | Collisions: 0 | Waypoints: 1/31
2026-05-04 18:48:49,594 - carla_training - INFO - Step 320 | Speed: 0.0 km/h | Pos: (234.0, 195.3, 0.0) | Dist: 0.14m | Reward: 0.000 | Collisions: 0 | Waypoints: 1/31
2026-05-04 18:48:54,606 - carla_training - INFO - Step 330 | Speed: 0.1 km/h | Pos: (234.0, 195.3, 0.0) | Dist: 0.14m | Reward: 0.000 | Collisions: 0 | Waypoints: 1/31
2026-05-04 18:48:59,610 - carla_training - INFO - Step 340 | Speed: 0.0 km/h | Pos: (234.0, 195.3, 0.0) | Dist: 0.14m | Reward: 0.000 | Collisions: 0 | Waypoints: 1/31
2026-05-04 18:49:04,646 - carla_training - INFO - Step 350 | Speed: 0.0 km/h | Pos: (234.0, 195.3, 0.0) | Dist: 0.14m | Reward: 0.000 | Collisions: 0 | Waypoints: 1/31
2026-05-04 18:49:09,706 - carla_training - INFO - Step 360 | Speed: 0.0 km/h | Pos: (234.0, 195.3, 0.0) | Dist: 0.14m | Reward: 0.000 | Collisions: 0 | Waypoints: 1/31
2026-05-04 18:49:14,701 - carla_training - INFO - Step 370 | Speed: 0.0 km/h | Pos: (234.0, 195.3, 0.0) | Dist: 0.14m | Reward: 0.000 | Collisions: 0 | Waypoints: 1/31
2026-05-04 18:49:19,724 - carla_training - INFO - Step 380 | Speed: 0.0 km/h | Pos: (234.0, 195.3, 0.0) | Dist: 0.14m | Reward: 0.000 | Collisions: 0 | Waypoints: 1/31
2026-05-04 18:49:24,844 - carla_training - INFO - Step 390 | Speed: 0.0 km/h | Pos: (234.0, 195.3, 0.0) | Dist: 0.14m | Reward: 0.000 | Collisions: 0 | Waypoints: 1/31
2026-05-04 18:49:29,894 - carla_training - INFO - Step 400 | Speed: 0.1 km/h | Pos: (234.0, 195.3, 0.0) | Dist: 0.14m | Reward: 0.000 | Collisions: 0 | Waypoints: 1/31
2026-05-04 18:49:34,977 - carla_training - INFO - Step 410 | Speed: 0.0 km/h | Pos: (234.0, 195.3, 0.0) | Dist: 0.14m | Reward: 0.000 | Collisions: 0 | Waypoints: 1/31
2026-05-04 18:49:40,071 - carla_training - INFO - Step 420 | Speed: 0.0 km/h | Pos: (233.9, 195.3, 0.0) | Dist: 0.14m | Reward: 0.000 | Collisions: 0 | Waypoints: 1/31
2026-05-04 18:49:45,104 - carla_training - INFO - Step 430 | Speed: 0.0 km/h | Pos: (233.9, 195.3, 0.0) | Dist: 0.14m | Reward: 0.000 | Collisions: 0 | Waypoints: 1/31
2026-05-04 18:49:50,114 - carla_training - INFO - Step 440 | Speed: 0.0 km/h | Pos: (233.9, 195.3, 0.0) | Dist: 0.14m | Reward: 0.000 | Collisions: 0 | Waypoints: 1/31
2026-05-04 18:49:55,133 - carla_training - INFO - Step 450 | Speed: 0.0 km/h | Pos: (233.8, 195.3, 0.0) | Dist: 0.15m | Reward: 0.000 | Collisions: 0 | Waypoints: 1/31
2026-05-04 18:50:00,151 - carla_training - INFO - Step 460 | Speed: 0.0 km/h | Pos: (233.8, 195.3, 0.0) | Dist: 0.15m | Reward: 0.000 | Collisions: 0 | Waypoints: 1/31
2026-05-04 18:50:05,151 - carla_training - INFO - Step 470 | Speed: 0.0 km/h | Pos: (233.8, 195.3, 0.0) | Dist: 0.15m | Reward: 0.000 | Collisions: 0 | Waypoints: 1/31
2026-05-04 18:50:10,212 - carla_training - INFO - Step 480 | Speed: 0.1 km/h | Pos: (233.8, 195.3, 0.0) | Dist: 0.15m | Reward: 0.000 | Collisions: 0 | Waypoints: 1/31
2026-05-04 18:50:14,942 - carla_training - INFO - Step 490 | Speed: 0.1 km/h | Pos: (233.8, 195.3, 0.0) | Dist: 0.15m | Reward: 0.002 | Collisions: 0 | Waypoints: 1/31
2026-05-04 18:50:19,346 - carla_training - INFO - Step 500 | Speed: 0.0 km/h | Pos: (233.8, 195.3, 0.0) | Dist: 0.15m | Reward: 0.000 | Collisions: 0 | Waypoints: 1/31
2026-05-04 18:50:24,913 - carla_training - INFO - Step 510 | Speed: 0.0 km/h | Pos: (233.7, 195.3, 0.0) | Dist: 0.15m | Reward: 0.000 | Collisions: 0 | Waypoints: 1/31
2026-05-04 18:50:29,415 - carla_training - INFO - Step 520 | Speed: 0.0 km/h | Pos: (233.7, 195.3, 0.0) | Dist: 0.15m | Reward: 0.000 | Collisions: 0 | Waypoints: 1/31
2026-05-04 18:50:34,887 - carla_training - INFO - Step 530 | Speed: 1.2 km/h | Pos: (233.7, 195.3, 0.0) | Dist: 0.16m | Reward: 0.012 | Collisions: 0 | Waypoints: 2/31
2026-05-04 18:50:39,655 - carla_training - INFO - Step 540 | Speed: 0.0 km/h | Pos: (233.7, 195.3, 0.0) | Dist: 0.16m | Reward: 0.000 | Collisions: 0 | Waypoints: 2/31
2026-05-04 18:50:45,082 - carla_training - INFO - Step 550 | Speed: 0.0 km/h | Pos: (233.7, 195.3, 0.0) | Dist: 0.16m | Reward: 0.000 | Collisions: 0 | Waypoints: 2/31
2026-05-04 18:50:50,525 - carla_training - INFO - Step 560 | Speed: 0.1 km/h | Pos: (233.7, 195.3, 0.0) | Dist: 0.16m | Reward: 0.000 | Collisions: 0 | Waypoints: 2/31
2026-05-04 18:50:55,465 - carla_training - INFO - Step 570 | Speed: 0.0 km/h | Pos: (233.7, 195.3, 0.0) | Dist: 0.16m | Reward: 0.000 | Collisions: 0 | Waypoints: 2/31
2026-05-04 18:50:59,524 - carla_training - INFO - Step 580 | Speed: 0.0 km/h | Pos: (233.6, 195.3, 0.0) | Dist: 0.16m | Reward: 0.002 | Collisions: 0 | Waypoints: 2/31
2026-05-04 18:51:05,363 - carla_training - INFO - Step 590 | Speed: 0.5 km/h | Pos: (233.6, 195.3, 0.0) | Dist: 0.16m | Reward: 0.024 | Collisions: 0 | Waypoints: 2/31
2026-05-04 18:51:09,558 - carla_training - INFO - Step 600 | Speed: 0.0 km/h | Pos: (233.6, 195.3, 0.0) | Dist: 0.16m | Reward: 0.000 | Collisions: 0 | Waypoints: 2/31
2026-05-04 18:51:15,396 - carla_training - INFO - Step 610 | Speed: 0.0 km/h | Pos: (233.6, 195.3, 0.0) | Dist: 0.16m | Reward: 0.000 | Collisions: 0 | Waypoints: 2/31
2026-05-04 18:51:19,648 - carla_training - INFO - Step 620 | Speed: 0.0 km/h | Pos: (233.6, 195.3, 0.0) | Dist: 0.16m | Reward: 0.000 | Collisions: 0 | Waypoints: 2/31
2026-05-04 18:51:25,582 - carla_training - INFO - Step 630 | Speed: 0.0 km/h | Pos: (233.6, 195.3, 0.0) | Dist: 0.16m | Reward: 0.000 | Collisions: 0 | Waypoints: 2/31
2026-05-04 18:51:29,479 - carla_training - INFO - Step 640 | Speed: 0.2 km/h | Pos: (233.6, 195.3, 0.0) | Dist: 0.16m | Reward: 0.006 | Collisions: 0 | Waypoints: 2/31
2026-05-04 18:51:33,763 - carla_training - INFO - Step 650 | Speed: 1.3 km/h | Pos: (233.5, 195.3, 0.0) | Dist: 0.16m | Reward: 0.064 | Collisions: 0 | Waypoints: 2/31
2026-05-04 18:51:38,262 - carla_training - INFO - Step 660 | Speed: 0.0 km/h | Pos: (233.5, 195.3, 0.0) | Dist: 0.16m | Reward: 0.000 | Collisions: 0 | Waypoints: 2/31
2026-05-04 18:51:42,805 - carla_training - INFO - Step 670 | Speed: 0.0 km/h | Pos: (233.5, 195.3, 0.0) | Dist: 0.16m | Reward: 0.000 | Collisions: 0 | Waypoints: 2/31
2026-05-04 18:51:47,316 - carla_training - INFO - Step 680 | Speed: 0.0 km/h | Pos: (233.5, 195.3, 0.0) | Dist: 0.17m | Reward: 0.000 | Collisions: 0 | Waypoints: 2/31
2026-05-04 18:51:53,038 - carla_training - INFO - Step 690 | Speed: 0.0 km/h | Pos: (233.5, 195.3, 0.0) | Dist: 0.17m | Reward: 0.000 | Collisions: 0 | Waypoints: 2/31
2026-05-04 18:51:59,013 - carla_training - INFO - Step 700 | Speed: 0.0 km/h | Pos: (233.5, 195.3, 0.0) | Dist: 0.17m | Reward: 0.000 | Collisions: 0 | Waypoints: 2/31
2026-05-04 18:52:05,016 - carla_training - INFO - Step 710 | Speed: 0.0 km/h | Pos: (233.5, 195.3, 0.0) | Dist: 0.17m | Reward: 0.000 | Collisions: 0 | Waypoints: 2/31
2026-05-04 18:52:10,992 - carla_training - INFO - Step 720 | Speed: 1.3 km/h | Pos: (233.5, 195.3, 0.0) | Dist: 0.17m | Reward: 0.073 | Collisions: 0 | Waypoints: 2/31
2026-05-04 18:52:15,122 - carla_training - INFO - Step 730 | Speed: 0.0 km/h | Pos: (233.4, 195.3, 0.0) | Dist: 0.17m | Reward: 0.000 | Collisions: 0 | Waypoints: 2/31
2026-05-04 18:52:20,210 - carla_training - INFO - Step 740 | Speed: 0.0 km/h | Pos: (233.4, 195.3, 0.0) | Dist: 0.17m | Reward: 0.000 | Collisions: 0 | Waypoints: 2/31
2026-05-04 18:52:24,294 - carla_training - INFO - Step 750 | Speed: 0.1 km/h | Pos: (233.4, 195.3, 0.0) | Dist: 0.18m | Reward: 0.004 | Collisions: 0 | Waypoints: 2/31
2026-05-04 18:52:28,978 - carla_training - INFO - Step 760 | Speed: 0.0 km/h | Pos: (233.4, 195.3, 0.0) | Dist: 0.18m | Reward: 0.000 | Collisions: 0 | Waypoints: 2/31
2026-05-04 18:52:33,441 - carla_training - INFO - Step 770 | Speed: 0.0 km/h | Pos: (233.4, 195.3, 0.0) | Dist: 0.18m | Reward: 0.000 | Collisions: 0 | Waypoints: 2/31
2026-05-04 18:52:37,904 - carla_training - INFO - Step 780 | Speed: 0.2 km/h | Pos: (233.4, 195.3, 0.0) | Dist: 0.18m | Reward: 0.007 | Collisions: 0 | Waypoints: 2/31
2026-05-04 18:52:42,347 - carla_training - INFO - Step 790 | Speed: 0.6 km/h | Pos: (233.4, 195.3, 0.0) | Dist: 0.18m | Reward: 0.030 | Collisions: 0 | Waypoints: 2/31
2026-05-04 18:52:46,850 - carla_training - INFO - Step 800 | Speed: 0.0 km/h | Pos: (233.3, 195.3, 0.0) | Dist: 0.18m | Reward: 0.000 | Collisions: 0 | Waypoints: 2/31
2026-05-04 18:52:51,691 - carla_training - INFO - Step 810 | Speed: 1.1 km/h | Pos: (233.3, 195.3, 0.0) | Dist: 0.18m | Reward: 0.061 | Collisions: 0 | Waypoints: 2/31
2026-05-04 18:52:56,443 - carla_training - INFO - Step 820 | Speed: 0.0 km/h | Pos: (233.3, 195.3, 0.0) | Dist: 0.18m | Reward: 0.000 | Collisions: 0 | Waypoints: 2/31
2026-05-04 18:53:01,568 - carla_training - INFO - Step 830 | Speed: 0.1 km/h | Pos: (233.3, 195.3, 0.0) | Dist: 0.18m | Reward: 0.007 | Collisions: 0 | Waypoints: 2/31
2026-05-04 18:53:06,658 - carla_training - INFO - Step 840 | Speed: 0.0 km/h | Pos: (233.3, 195.3, 0.0) | Dist: 0.18m | Reward: 0.000 | Collisions: 0 | Waypoints: 2/31
2026-05-04 18:53:13,399 - carla_training - INFO - Step 850 | Speed: 0.0 km/h | Pos: (233.3, 195.3, 0.0) | Dist: 0.18m | Reward: 0.000 | Collisions: 0 | Waypoints: 2/31
2026-05-04 18:53:19,040 - carla_training - INFO - Step 860 | Speed: 1.6 km/h | Pos: (233.2, 195.3, 0.0) | Dist: 0.19m | Reward: 0.093 | Collisions: 0 | Waypoints: 2/31
2026-05-04 18:53:24,891 - carla_training - INFO - Step 870 | Speed: 0.1 km/h | Pos: (233.2, 195.3, 0.0) | Dist: 0.19m | Reward: 0.007 | Collisions: 0 | Waypoints: 2/31
2026-05-04 18:53:30,876 - carla_training - INFO - Step 880 | Speed: 0.2 km/h | Pos: (233.1, 195.3, 0.0) | Dist: 0.19m | Reward: 0.000 | Collisions: 0 | Waypoints: 2/31
2026-05-04 18:53:36,703 - carla_training - INFO - Step 890 | Speed: 0.0 km/h | Pos: (233.1, 195.3, 0.0) | Dist: 0.18m | Reward: 0.000 | Collisions: 0 | Waypoints: 2/31
2026-05-04 18:53:42,538 - carla_training - INFO - Step 900 | Speed: 0.0 km/h | Pos: (233.1, 195.3, 0.0) | Dist: 0.19m | Reward: 0.000 | Collisions: 0 | Waypoints: 2/31
2026-05-04 18:53:47,937 - carla_training - INFO - Step 910 | Speed: 0.0 km/h | Pos: (233.1, 195.3, 0.0) | Dist: 0.18m | Reward: 0.000 | Collisions: 0 | Waypoints: 2/31
2026-05-04 18:53:52,155 - carla_training - INFO - Step 920 | Speed: 0.4 km/h | Pos: (233.1, 195.3, 0.0) | Dist: 0.19m | Reward: 0.013 | Collisions: 0 | Waypoints: 2/31
2026-05-04 18:53:56,320 - carla_training - INFO - Step 930 | Speed: 0.3 km/h | Pos: (233.1, 195.3, 0.0) | Dist: 0.19m | Reward: 0.007 | Collisions: 0 | Waypoints: 2/31
2026-05-04 18:53:56,320 - carla_training - INFO - 
Training speed: 1 fps | Total steps: 4000
2026-05-04 18:54:00,771 - carla_training - INFO - Step 940 | Speed: 0.0 km/h | Pos: (233.0, 195.3, 0.0) | Dist: 0.19m | Reward: 0.000 | Collisions: 0 | Waypoints: 2/31
2026-05-04 18:54:05,330 - carla_training - INFO - Step 950 | Speed: 0.0 km/h | Pos: (233.0, 195.3, 0.0) | Dist: 0.18m | Reward: 0.000 | Collisions: 0 | Waypoints: 2/31
2026-05-04 18:54:09,876 - carla_training - INFO - Step 960 | Speed: 0.0 km/h | Pos: (232.9, 195.3, 0.0) | Dist: 0.17m | Reward: 0.000 | Collisions: 0 | Waypoints: 2/31
2026-05-04 18:54:14,426 - carla_training - INFO - Step 970 | Speed: 0.5 km/h | Pos: (232.9, 195.3, 0.0) | Dist: 0.17m | Reward: 0.011 | Collisions: 0 | Waypoints: 2/31
2026-05-04 18:54:20,058 - carla_training - INFO - Step 980 | Speed: 0.0 km/h | Pos: (232.9, 195.3, 0.0) | Dist: 0.17m | Reward: 0.000 | Collisions: 0 | Waypoints: 2/31
2026-05-04 18:54:25,277 - carla_training - INFO - Step 990 | Speed: 0.0 km/h | Pos: (232.9, 195.3, 0.0) | Dist: 0.17m | Reward: 0.000 | Collisions: 0 | Waypoints: 2/31
2026-05-04 18:54:30,473 - carla_training - INFO - Step 1000 | Speed: 0.4 km/h | Pos: (232.9, 195.3, 0.0) | Dist: 0.17m | Reward: 0.015 | Collisions: 0 | Waypoints: 2/31
2026-05-04 18:54:35,672 - carla_training - INFO - Step 1010 | Speed: 0.1 km/h | Pos: (232.9, 195.3, 0.0) | Dist: 0.17m | Reward: 0.006 | Collisions: 0 | Waypoints: 2/31
2026-05-04 18:54:40,868 - carla_training - INFO - Step 1020 | Speed: 0.1 km/h | Pos: (232.9, 195.3, 0.0) | Dist: 0.17m | Reward: 0.005 | Collisions: 0 | Waypoints: 2/31
2026-05-04 18:54:46,679 - carla_training - INFO - Step 1030 | Speed: 0.0 km/h | Pos: (232.9, 195.3, 0.0) | Dist: 0.17m | Reward: 0.000 | Collisions: 0 | Waypoints: 2/31
2026-05-04 18:54:51,416 - carla_training - INFO - Step 1040 | Speed: 0.0 km/h | Pos: (232.9, 195.3, 0.0) | Dist: 0.17m | Reward: 0.000 | Collisions: 0 | Waypoints: 2/31
2026-05-04 18:54:56,805 - carla_training - INFO - Step 1050 | Speed: 0.8 km/h | Pos: (232.8, 195.3, 0.0) | Dist: 0.16m | Reward: 0.048 | Collisions: 0 | Waypoints: 2/31
2026-05-04 18:55:02,391 - carla_training - INFO - Step 1060 | Speed: 0.0 km/h | Pos: (232.8, 195.3, 0.0) | Dist: 0.17m | Reward: 0.000 | Collisions: 0 | Waypoints: 2/31
2026-05-04 18:55:07,987 - carla_training - INFO - Step 1070 | Speed: 0.0 km/h | Pos: (232.8, 195.3, 0.0) | Dist: 0.16m | Reward: 0.000 | Collisions: 0 | Waypoints: 2/31
2026-05-04 18:55:13,551 - carla_training - INFO - Step 1080 | Speed: 0.0 km/h | Pos: (232.8, 195.3, 0.0) | Dist: 0.16m | Reward: 0.000 | Collisions: 0 | Waypoints: 2/31
2026-05-04 18:55:18,346 - carla_training - INFO - Step 1090 | Speed: 0.3 km/h | Pos: (232.8, 195.3, 0.0) | Dist: 0.16m | Reward: 0.016 | Collisions: 0 | Waypoints: 2/31
2026-05-04 18:55:22,911 - carla_training - INFO - Step 1100 | Speed: 0.0 km/h | Pos: (232.7, 195.3, 0.0) | Dist: 0.16m | Reward: 0.000 | Collisions: 0 | Waypoints: 2/31
2026-05-04 18:55:27,775 - carla_training - INFO - Step 1110 | Speed: 0.0 km/h | Pos: (232.7, 195.3, 0.0) | Dist: 0.16m | Reward: 0.000 | Collisions: 0 | Waypoints: 2/31
2026-05-04 18:55:32,661 - carla_training - INFO - Step 1120 | Speed: 0.0 km/h | Pos: (232.7, 195.3, 0.0) | Dist: 0.16m | Reward: 0.000 | Collisions: 0 | Waypoints: 2/31
2026-05-04 18:55:37,511 - carla_training - INFO - Step 1130 | Speed: 0.3 km/h | Pos: (232.7, 195.3, 0.0) | Dist: 0.16m | Reward: 0.019 | Collisions: 0 | Waypoints: 2/31
2026-05-04 18:55:42,382 - carla_training - INFO - Step 1140 | Speed: 0.2 km/h | Pos: (232.7, 195.3, 0.0) | Dist: 0.16m | Reward: 0.011 | Collisions: 0 | Waypoints: 2/31
2026-05-04 18:55:47,240 - carla_training - INFO - Step 1150 | Speed: 0.5 km/h | Pos: (232.6, 195.3, 0.0) | Dist: 0.16m | Reward: 0.031 | Collisions: 0 | Waypoints: 2/31
2026-05-04 18:55:52,106 - carla_training - INFO - Step 1160 | Speed: 0.1 km/h | Pos: (232.6, 195.3, 0.0) | Dist: 0.16m | Reward: 0.003 | Collisions: 0 | Waypoints: 2/31
2026-05-04 18:55:56,990 - carla_training - INFO - Step 1170 | Speed: 0.0 km/h | Pos: (232.6, 195.3, 0.0) | Dist: 0.16m | Reward: 0.000 | Collisions: 0 | Waypoints: 2/31
2026-05-04 18:56:01,841 - carla_training - INFO - Step 1180 | Speed: 0.0 km/h | Pos: (232.6, 195.3, 0.0) | Dist: 0.16m | Reward: 0.000 | Collisions: 0 | Waypoints: 2/31
2026-05-04 18:56:06,695 - carla_training - INFO - Step 1190 | Speed: 0.4 km/h | Pos: (232.6, 195.3, 0.0) | Dist: 0.16m | Reward: 0.012 | Collisions: 0 | Waypoints: 2/31
2026-05-04 18:56:11,560 - carla_training - INFO - Step 1200 | Speed: 0.3 km/h | Pos: (232.6, 195.3, 0.0) | Dist: 0.16m | Reward: 0.018 | Collisions: 0 | Waypoints: 2/31
2026-05-04 18:56:16,418 - carla_training - INFO - Step 1210 | Speed: 1.3 km/h | Pos: (232.6, 195.3, 0.0) | Dist: 0.16m | Reward: 0.065 | Collisions: 0 | Waypoints: 2/31
2026-05-04 18:56:21,291 - carla_training - INFO - Step 1220 | Speed: 0.0 km/h | Pos: (232.5, 195.3, 0.0) | Dist: 0.16m | Reward: 0.000 | Collisions: 0 | Waypoints: 2/31
2026-05-04 18:56:26,147 - carla_training - INFO - Step 1230 | Speed: 0.0 km/h | Pos: (232.5, 195.3, 0.0) | Dist: 0.16m | Reward: 0.000 | Collisions: 0 | Waypoints: 2/31
2026-05-04 18:56:30,998 - carla_training - INFO - Step 1240 | Speed: 0.0 km/h | Pos: (232.5, 195.3, 0.0) | Dist: 0.16m | Reward: 0.000 | Collisions: 0 | Waypoints: 2/31
2026-05-04 18:56:35,846 - carla_training - INFO - Step 1250 | Speed: 1.2 km/h | Pos: (232.5, 195.3, 0.0) | Dist: 0.16m | Reward: 0.068 | Collisions: 0 | Waypoints: 2/31
2026-05-04 18:56:40,694 - carla_training - INFO - Step 1260 | Speed: 0.4 km/h | Pos: (232.5, 195.3, 0.0) | Dist: 0.16m | Reward: 0.019 | Collisions: 0 | Waypoints: 2/31
2026-05-04 18:56:45,544 - carla_training - INFO - Step 1270 | Speed: 0.0 km/h | Pos: (232.5, 195.3, 0.0) | Dist: 0.16m | Reward: 0.000 | Collisions: 0 | Waypoints: 2/31
2026-05-04 18:56:50,384 - carla_training - INFO - Step 1280 | Speed: 0.0 km/h | Pos: (232.5, 195.3, 0.0) | Dist: 0.16m | Reward: 0.000 | Collisions: 0 | Waypoints: 2/31
2026-05-04 18:56:55,233 - carla_training - INFO - Step 1290 | Speed: 0.0 km/h | Pos: (232.5, 195.3, 0.0) | Dist: 0.16m | Reward: 0.000 | Collisions: 0 | Waypoints: 2/31
2026-05-04 18:57:00,091 - carla_training - INFO - Step 1300 | Speed: 0.0 km/h | Pos: (232.5, 195.3, 0.0) | Dist: 0.16m | Reward: 0.000 | Collisions: 0 | Waypoints: 2/31
2026-05-04 18:57:04,961 - carla_training - INFO - Step 1310 | Speed: 0.0 km/h | Pos: (232.4, 195.3, 0.0) | Dist: 0.16m | Reward: 0.000 | Collisions: 0 | Waypoints: 2/31
2026-05-04 18:57:09,778 - carla_training - INFO - Step 1320 | Speed: 0.3 km/h | Pos: (232.4, 195.3, 0.0) | Dist: 0.16m | Reward: 0.000 | Collisions: 0 | Waypoints: 2/31
2026-05-04 18:57:14,637 - carla_training - INFO - Step 1330 | Speed: 0.0 km/h | Pos: (232.4, 195.3, 0.0) | Dist: 0.16m | Reward: 0.000 | Collisions: 0 | Waypoints: 2/31
2026-05-04 18:57:19,479 - carla_training - INFO - Step 1340 | Speed: 0.0 km/h | Pos: (232.4, 195.3, 0.0) | Dist: 0.17m | Reward: 0.000 | Collisions: 0 | Waypoints: 2/31
2026-05-04 18:57:24,335 - carla_training - INFO - Step 1350 | Speed: 0.0 km/h | Pos: (232.4, 195.3, 0.0) | Dist: 0.17m | Reward: 0.000 | Collisions: 0 | Waypoints: 2/31
2026-05-04 18:57:29,182 - carla_training - INFO - Step 1360 | Speed: 0.0 km/h | Pos: (232.4, 195.3, 0.0) | Dist: 0.16m | Reward: 0.000 | Collisions: 0 | Waypoints: 2/31
2026-05-04 18:57:34,071 - carla_training - INFO - Step 1370 | Speed: 1.3 km/h | Pos: (232.3, 195.3, 0.0) | Dist: 0.17m | Reward: 0.069 | Collisions: 0 | Waypoints: 2/31
2026-05-04 18:57:38,933 - carla_training - INFO - Step 1380 | Speed: 0.0 km/h | Pos: (232.3, 195.3, 0.0) | Dist: 0.17m | Reward: 0.000 | Collisions: 0 | Waypoints: 2/31
2026-05-04 18:57:43,792 - carla_training - INFO - Step 1390 | Speed: 0.0 km/h | Pos: (232.2, 195.3, 0.0) | Dist: 0.17m | Reward: 0.000 | Collisions: 0 | Waypoints: 2/31
2026-05-04 18:57:48,658 - carla_training - INFO - Step 1400 | Speed: 0.0 km/h | Pos: (232.2, 195.3, 0.0) | Dist: 0.17m | Reward: 0.000 | Collisions: 0 | Waypoints: 2/31
2026-05-04 18:57:53,500 - carla_training - INFO - Step 1410 | Speed: 0.6 km/h | Pos: (232.2, 195.3, 0.0) | Dist: 0.17m | Reward: 0.026 | Collisions: 0 | Waypoints: 2/31
2026-05-04 18:57:58,340 - carla_training - INFO - Step 1420 | Speed: 0.0 km/h | Pos: (232.2, 195.3, 0.0) | Dist: 0.17m | Reward: 0.000 | Collisions: 0 | Waypoints: 2/31
2026-05-04 18:58:03,176 - carla_training - INFO - Step 1430 | Speed: 0.0 km/h | Pos: (232.2, 195.3, 0.0) | Dist: 0.17m | Reward: 0.000 | Collisions: 0 | Waypoints: 2/31
2026-05-04 18:58:08,025 - carla_training - INFO - Step 1440 | Speed: 0.0 km/h | Pos: (232.2, 195.3, 0.0) | Dist: 0.17m | Reward: 0.000 | Collisions: 0 | Waypoints: 2/31
2026-05-04 18:58:12,866 - carla_training - INFO - Step 1450 | Speed: 0.0 km/h | Pos: (232.2, 195.3, 0.0) | Dist: 0.17m | Reward: 0.000 | Collisions: 0 | Waypoints: 2/31
2026-05-04 18:58:17,724 - carla_training - INFO - Step 1460 | Speed: 0.1 km/h | Pos: (232.2, 195.3, 0.0) | Dist: 0.17m | Reward: 0.004 | Collisions: 0 | Waypoints: 2/31
2026-05-04 18:58:22,594 - carla_training - INFO - Step 1470 | Speed: 0.0 km/h | Pos: (232.2, 195.3, 0.0) | Dist: 0.17m | Reward: 0.000 | Collisions: 0 | Waypoints: 2/31
2026-05-04 18:58:27,451 - carla_training - INFO - Step 1480 | Speed: 0.0 km/h | Pos: (232.1, 195.3, 0.0) | Dist: 0.17m | Reward: 0.000 | Collisions: 0 | Waypoints: 2/31
2026-05-04 18:58:32,314 - carla_training - INFO - Step 1490 | Speed: 0.0 km/h | Pos: (232.1, 195.3, 0.0) | Dist: 0.17m | Reward: 0.000 | Collisions: 0 | Waypoints: 2/31
2026-05-04 18:58:37,157 - carla_training - INFO - Step 1500 | Speed: 0.5 km/h | Pos: (232.1, 195.3, 0.0) | Dist: 0.17m | Reward: 0.022 | Collisions: 0 | Waypoints: 2/31
2026-05-04 18:58:42,015 - carla_training - INFO - Step 1510 | Speed: 0.0 km/h | Pos: (232.1, 195.3, 0.0) | Dist: 0.17m | Reward: 0.000 | Collisions: 0 | Waypoints: 2/31
2026-05-04 18:58:46,865 - carla_training - INFO - Step 1520 | Speed: 0.4 km/h | Pos: (232.1, 195.3, 0.0) | Dist: 0.17m | Reward: 0.020 | Collisions: 0 | Waypoints: 2/31
2026-05-04 18:58:51,743 - carla_training - INFO - Step 1530 | Speed: 0.0 km/h | Pos: (232.1, 195.3, 0.0) | Dist: 0.17m | Reward: 0.000 | Collisions: 0 | Waypoints: 2/31
2026-05-04 18:58:56,621 - carla_training - INFO - Step 1540 | Speed: 0.0 km/h | Pos: (232.1, 195.3, 0.0) | Dist: 0.17m | Reward: 0.000 | Collisions: 0 | Waypoints: 2/31
2026-05-04 18:59:01,507 - carla_training - INFO - Step 1550 | Speed: 0.0 km/h | Pos: (232.1, 195.3, 0.0) | Dist: 0.17m | Reward: 0.000 | Collisions: 0 | Waypoints: 2/31
2026-05-04 18:59:06,353 - carla_training - INFO - Step 1560 | Speed: 0.0 km/h | Pos: (232.1, 195.3, 0.0) | Dist: 0.17m | Reward: 0.000 | Collisions: 0 | Waypoints: 2/31
2026-05-04 18:59:11,230 - carla_training - INFO - Step 1570 | Speed: 0.0 km/h | Pos: (232.1, 195.3, 0.0) | Dist: 0.17m | Reward: 0.000 | Collisions: 0 | Waypoints: 2/31
2026-05-04 18:59:16,082 - carla_training - INFO - Step 1580 | Speed: 0.0 km/h | Pos: (232.1, 195.3, 0.0) | Dist: 0.17m | Reward: 0.000 | Collisions: 0 | Waypoints: 2/31
2026-05-04 18:59:20,950 - carla_training - INFO - Step 1590 | Speed: 0.0 km/h | Pos: (232.1, 195.3, 0.0) | Dist: 0.17m | Reward: 0.000 | Collisions: 0 | Waypoints: 2/31
2026-05-04 18:59:25,820 - carla_training - INFO - Step 1600 | Speed: 0.0 km/h | Pos: (232.1, 195.3, 0.0) | Dist: 0.17m | Reward: 0.000 | Collisions: 0 | Waypoints: 2/31
2026-05-04 18:59:30,669 - carla_training - INFO - Step 1610 | Speed: 1.7 km/h | Pos: (232.0, 195.3, 0.0) | Dist: 0.18m | Reward: 0.072 | Collisions: 0 | Waypoints: 2/31
2026-05-04 18:59:35,529 - carla_training - INFO - Step 1620 | Speed: 0.0 km/h | Pos: (232.0, 195.3, 0.0) | Dist: 0.18m | Reward: 0.000 | Collisions: 0 | Waypoints: 2/31
2026-05-04 18:59:40,373 - carla_training - INFO - Step 1630 | Speed: 0.0 km/h | Pos: (232.0, 195.3, 0.0) | Dist: 0.18m | Reward: 0.000 | Collisions: 0 | Waypoints: 2/31
2026-05-04 18:59:45,229 - carla_training - INFO - Step 1640 | Speed: 0.1 km/h | Pos: (232.0, 195.3, 0.0) | Dist: 0.18m | Reward: 0.000 | Collisions: 0 | Waypoints: 2/31
2026-05-04 18:59:50,085 - carla_training - INFO - Step 1650 | Speed: 0.5 km/h | Pos: (232.0, 195.3, 0.0) | Dist: 0.18m | Reward: 0.032 | Collisions: 0 | Waypoints: 2/31
2026-05-04 18:59:54,965 - carla_training - INFO - Step 1660 | Speed: 0.2 km/h | Pos: (231.9, 195.3, 0.0) | Dist: 0.18m | Reward: 0.011 | Collisions: 0 | Waypoints: 2/31
2026-05-04 18:59:59,830 - carla_training - INFO - Step 1670 | Speed: 0.0 km/h | Pos: (231.9, 195.3, 0.0) | Dist: 0.18m | Reward: 0.000 | Collisions: 0 | Waypoints: 2/31
2026-05-04 19:00:04,683 - carla_training - INFO - Step 1680 | Speed: 0.0 km/h | Pos: (231.9, 195.3, 0.0) | Dist: 0.18m | Reward: 0.000 | Collisions: 0 | Waypoints: 2/31
2026-05-04 19:00:09,548 - carla_training - INFO - Step 1690 | Speed: 0.8 km/h | Pos: (231.9, 195.3, 0.0) | Dist: 0.18m | Reward: 0.017 | Collisions: 0 | Waypoints: 2/31
2026-05-04 19:00:14,435 - carla_training - INFO - Step 1700 | Speed: 0.5 km/h | Pos: (231.9, 195.3, 0.0) | Dist: 0.17m | Reward: 0.014 | Collisions: 0 | Waypoints: 2/31
2026-05-04 19:00:19,322 - carla_training - INFO - Step 1710 | Speed: 0.3 km/h | Pos: (231.9, 195.3, 0.0) | Dist: 0.17m | Reward: 0.005 | Collisions: 0 | Waypoints: 2/31
2026-05-04 19:00:24,157 - carla_training - INFO - Step 1720 | Speed: 0.0 km/h | Pos: (231.9, 195.3, 0.0) | Dist: 0.17m | Reward: 0.000 | Collisions: 0 | Waypoints: 2/31
2026-05-04 19:00:29,009 - carla_training - INFO - Step 1730 | Speed: 0.7 km/h | Pos: (231.9, 195.3, 0.0) | Dist: 0.17m | Reward: 0.022 | Collisions: 0 | Waypoints: 2/31
2026-05-04 19:00:33,875 - carla_training - INFO - Step 1740 | Speed: 0.0 km/h | Pos: (231.8, 195.3, 0.0) | Dist: 0.18m | Reward: 0.000 | Collisions: 0 | Waypoints: 2/31
2026-05-04 19:00:38,748 - carla_training - INFO - Step 1750 | Speed: 0.0 km/h | Pos: (231.8, 195.3, 0.0) | Dist: 0.18m | Reward: 0.000 | Collisions: 0 | Waypoints: 2/31
2026-05-04 19:00:43,636 - carla_training - INFO - Step 1760 | Speed: 0.0 km/h | Pos: (231.8, 195.3, 0.0) | Dist: 0.18m | Reward: 0.000 | Collisions: 0 | Waypoints: 2/31
2026-05-04 19:00:48,542 - carla_training - INFO - Step 1770 | Speed: 0.0 km/h | Pos: (231.8, 195.3, 0.0) | Dist: 0.18m | Reward: 0.000 | Collisions: 0 | Waypoints: 2/31
2026-05-04 19:00:53,476 - carla_training - INFO - Step 1780 | Speed: 1.1 km/h | Pos: (231.8, 195.3, 0.0) | Dist: 0.19m | Reward: 0.041 | Collisions: 0 | Waypoints: 2/31
2026-05-04 19:00:58,353 - carla_training - INFO - Step 1790 | Speed: 0.0 km/h | Pos: (231.6, 195.3, 0.0) | Dist: 0.19m | Reward: 0.000 | Collisions: 0 | Waypoints: 3/31
2026-05-04 19:01:03,226 - carla_training - INFO - Step 1800 | Speed: 0.0 km/h | Pos: (231.6, 195.3, 0.0) | Dist: 0.19m | Reward: 0.000 | Collisions: 0 | Waypoints: 3/31
2026-05-04 19:01:08,119 - carla_training - INFO - Step 1810 | Speed: 0.0 km/h | Pos: (231.6, 195.3, 0.0) | Dist: 0.19m | Reward: 0.000 | Collisions: 0 | Waypoints: 3/31
2026-05-04 19:01:13,009 - carla_training - INFO - Step 1820 | Speed: 0.0 km/h | Pos: (231.6, 195.3, 0.0) | Dist: 0.20m | Reward: 0.000 | Collisions: 0 | Waypoints: 3/31
2026-05-04 19:01:17,865 - carla_training - INFO - Step 1830 | Speed: 0.0 km/h | Pos: (231.6, 195.3, 0.0) | Dist: 0.20m | Reward: 0.000 | Collisions: 0 | Waypoints: 3/31
2026-05-04 19:01:22,705 - carla_training - INFO - Step 1840 | Speed: 0.0 km/h | Pos: (231.6, 195.3, 0.0) | Dist: 0.20m | Reward: 0.000 | Collisions: 0 | Waypoints: 3/31
2026-05-04 19:01:27,557 - carla_training - INFO - Step 1850 | Speed: 0.5 km/h | Pos: (231.5, 195.3, 0.0) | Dist: 0.20m | Reward: 0.030 | Collisions: 0 | Waypoints: 3/31
2026-05-04 19:01:32,417 - carla_training - INFO - Step 1860 | Speed: 0.0 km/h | Pos: (231.5, 195.3, 0.0) | Dist: 0.20m | Reward: 0.000 | Collisions: 0 | Waypoints: 3/31
2026-05-04 19:01:37,286 - carla_training - INFO - Step 1870 | Speed: 1.2 km/h | Pos: (231.5, 195.3, 0.0) | Dist: 0.20m | Reward: 0.063 | Collisions: 0 | Waypoints: 3/31
2026-05-04 19:01:42,131 - carla_training - INFO - Step 1880 | Speed: 0.0 km/h | Pos: (231.5, 195.3, 0.0) | Dist: 0.20m | Reward: 0.002 | Collisions: 0 | Waypoints: 3/31
2026-05-04 19:01:46,976 - carla_training - INFO - Step 1890 | Speed: 0.0 km/h | Pos: (231.5, 195.3, 0.0) | Dist: 0.20m | Reward: 0.000 | Collisions: 0 | Waypoints: 3/31
2026-05-04 19:01:51,809 - carla_training - INFO - Step 1900 | Speed: 1.7 km/h | Pos: (231.4, 195.4, 0.0) | Dist: 0.20m | Reward: 0.054 | Collisions: 0 | Waypoints: 3/31
2026-05-04 19:01:56,687 - carla_training - INFO - Step 1910 | Speed: 0.0 km/h | Pos: (231.4, 195.4, 0.0) | Dist: 0.20m | Reward: 0.000 | Collisions: 0 | Waypoints: 3/31
2026-05-04 19:02:01,546 - carla_training - INFO - Step 1920 | Speed: 0.0 km/h | Pos: (231.4, 195.4, 0.0) | Dist: 0.20m | Reward: 0.000 | Collisions: 0 | Waypoints: 3/31
2026-05-04 19:02:06,386 - carla_training - INFO - Step 1930 | Speed: 0.5 km/h | Pos: (231.3, 195.4, 0.0) | Dist: 0.20m | Reward: 0.016 | Collisions: 0 | Waypoints: 3/31
2026-05-04 19:02:06,387 - carla_training - INFO - 
Training speed: 2 fps | Total steps: 5000
2026-05-04 19:02:11,230 - carla_training - INFO - Step 1940 | Speed: 0.0 km/h | Pos: (231.3, 195.4, 0.0) | Dist: 0.21m | Reward: 0.000 | Collisions: 0 | Waypoints: 3/31
2026-05-04 19:02:16,086 - carla_training - INFO - Step 1950 | Speed: 0.0 km/h | Pos: (231.3, 195.4, 0.0) | Dist: 0.21m | Reward: 0.000 | Collisions: 0 | Waypoints: 3/31
2026-05-04 19:02:20,947 - carla_training - INFO - Step 1960 | Speed: 1.4 km/h | Pos: (231.3, 195.4, 0.0) | Dist: 0.21m | Reward: 0.050 | Collisions: 0 | Waypoints: 3/31
2026-05-04 19:02:25,778 - carla_training - INFO - Step 1970 | Speed: 0.0 km/h | Pos: (231.2, 195.4, 0.0) | Dist: 0.21m | Reward: 0.000 | Collisions: 0 | Waypoints: 3/31
2026-05-04 19:02:30,618 - carla_training - INFO - Step 1980 | Speed: 0.1 km/h | Pos: (231.2, 195.4, 0.0) | Dist: 0.21m | Reward: 0.006 | Collisions: 0 | Waypoints: 3/31
2026-05-04 19:02:35,464 - carla_training - INFO - Step 1990 | Speed: 0.3 km/h | Pos: (231.2, 195.4, 0.0) | Dist: 0.22m | Reward: 0.012 | Collisions: 0 | Waypoints: 3/31
2026-05-04 19:02:40,308 - carla_training - INFO - Step 2000 | Speed: 0.6 km/h | Pos: (231.2, 195.4, 0.0) | Dist: 0.22m | Reward: 0.034 | Collisions: 0 | Waypoints: 3/31
2026-05-04 19:02:40,309 - carla_training - INFO - 
============================================================
2026-05-04 19:02:40,310 - carla_training - INFO - Episode 12 Summary:
2026-05-04 19:02:40,310 - carla_training - INFO -   Termination Reason: TIMEOUT (Steps: 2000/2000)
2026-05-04 19:02:40,310 - carla_training - INFO -   Total Reward: 14.16
2026-05-04 19:02:40,310 - carla_training - INFO -   Steps: 2000
2026-05-04 19:02:40,310 - carla_training - INFO -   Duration: 992.30 seconds
2026-05-04 19:02:40,310 - carla_training - INFO -   Average Speed: 0.16 km/h
2026-05-04 19:02:40,310 - carla_training - INFO -   Max Speed: 3.27 km/h
2026-05-04 19:02:40,310 - carla_training - INFO -   Total Distance: 3.64 meters
2026-05-04 19:02:40,311 - carla_training - INFO -   Average Lane Deviation: 0.16 meters
2026-05-04 19:02:40,311 - carla_training - INFO -   Waypoints Reached: 3
2026-05-04 19:02:40,311 - carla_training - INFO - ============================================================

2026-05-04 19:02:40,362 - carla_training - INFO - 🚗 Vehicle spawned and stabilized!
2026-05-04 19:02:40,376 - carla_training - INFO - ✅ Generated 31 waypoints for navigation
2026-05-04 19:02:40,376 - carla_training - INFO -    Complexity: 0 junctions, 0 turns (0.0% turn rate)
2026-05-04 19:02:47,090 - carla_training - INFO - Step 10 | Speed: 0.0 km/h | Pos: (234.7, 195.3, 0.0) | Dist: 0.12m | Reward: 0.000 | Collisions: 0 | Waypoints: 1/31
2026-05-04 19:02:52,107 - carla_training - INFO - Step 20 | Speed: 0.0 km/h | Pos: (234.7, 195.3, 0.0) | Dist: 0.12m | Reward: 0.000 | Collisions: 0 | Waypoints: 1/31
2026-05-04 19:02:56,920 - carla_training - INFO - Step 30 | Speed: 0.0 km/h | Pos: (234.7, 195.3, 0.0) | Dist: 0.12m | Reward: 0.000 | Collisions: 0 | Waypoints: 1/31
2026-05-04 19:03:01,197 - carla_training - INFO - Step 40 | Speed: 2.9 km/h | Pos: (234.6, 195.3, 0.0) | Dist: 0.12m | Reward: 0.182 | Collisions: 0 | Waypoints: 1/31
2026-05-04 19:03:05,830 - carla_training - INFO - Step 50 | Speed: 0.0 km/h | Pos: (234.5, 195.3, 0.0) | Dist: 0.12m | Reward: 0.000 | Collisions: 0 | Waypoints: 1/31
2026-05-04 19:03:10,501 - carla_training - INFO - Step 60 | Speed: 0.3 km/h | Pos: (234.5, 195.3, 0.0) | Dist: 0.12m | Reward: 0.015 | Collisions: 0 | Waypoints: 1/31
2026-05-04 19:03:15,143 - carla_training - INFO - Step 70 | Speed: 0.0 km/h | Pos: (234.5, 195.3, 0.0) | Dist: 0.12m | Reward: 0.000 | Collisions: 0 | Waypoints: 1/31
2026-05-04 19:03:19,786 - carla_training - INFO - Step 80 | Speed: 1.9 km/h | Pos: (234.4, 195.3, 0.0) | Dist: 0.12m | Reward: 0.110 | Collisions: 0 | Waypoints: 1/31
2026-05-04 19:03:24,566 - carla_training - INFO - Step 90 | Speed: 0.0 km/h | Pos: (234.4, 195.3, 0.0) | Dist: 0.12m | Reward: 0.000 | Collisions: 0 | Waypoints: 1/31
2026-05-04 19:03:29,230 - carla_training - INFO - Step 100 | Speed: 0.0 km/h | Pos: (234.4, 195.3, 0.0) | Dist: 0.12m | Reward: 0.000 | Collisions: 0 | Waypoints: 1/31
2026-05-04 19:03:33,933 - carla_training - INFO - Step 110 | Speed: 0.1 km/h | Pos: (234.3, 195.3, 0.0) | Dist: 0.12m | Reward: 0.000 | Collisions: 0 | Waypoints: 1/31
2026-05-04 19:03:38,772 - carla_training - INFO - Step 120 | Speed: 0.0 km/h | Pos: (234.3, 195.3, 0.0) | Dist: 0.12m | Reward: 0.002 | Collisions: 0 | Waypoints: 1/31
2026-05-04 19:03:43,804 - carla_training - INFO - Step 130 | Speed: 0.0 km/h | Pos: (234.3, 195.3, 0.0) | Dist: 0.12m | Reward: 0.000 | Collisions: 0 | Waypoints: 1/31
2026-05-04 19:03:48,842 - carla_training - INFO - Step 140 | Speed: 0.0 km/h | Pos: (234.3, 195.3, 0.0) | Dist: 0.12m | Reward: 0.000 | Collisions: 0 | Waypoints: 1/31
2026-05-04 19:03:53,655 - carla_training - INFO - Step 150 | Speed: 0.5 km/h | Pos: (234.3, 195.3, 0.0) | Dist: 0.12m | Reward: 0.027 | Collisions: 0 | Waypoints: 1/31
2026-05-04 19:03:58,451 - carla_training - INFO - Step 160 | Speed: 0.0 km/h | Pos: (234.3, 195.3, 0.0) | Dist: 0.11m | Reward: 0.000 | Collisions: 0 | Waypoints: 1/31
2026-05-04 19:04:03,253 - carla_training - INFO - Step 170 | Speed: 0.0 km/h | Pos: (234.3, 195.3, 0.0) | Dist: 0.11m | Reward: 0.000 | Collisions: 0 | Waypoints: 1/31
2026-05-04 19:04:08,052 - carla_training - INFO - Step 180 | Speed: 0.3 km/h | Pos: (234.3, 195.3, 0.0) | Dist: 0.11m | Reward: 0.009 | Collisions: 0 | Waypoints: 1/31
2026-05-04 19:04:14,015 - carla_training - INFO - Step 190 | Speed: 0.0 km/h | Pos: (234.3, 195.3, 0.0) | Dist: 0.11m | Reward: 0.000 | Collisions: 0 | Waypoints: 1/31
2026-05-04 19:04:20,111 - carla_training - INFO - Step 200 | Speed: 0.3 km/h | Pos: (234.2, 195.3, 0.0) | Dist: 0.12m | Reward: 0.015 | Collisions: 0 | Waypoints: 1/31
2026-05-04 19:04:26,180 - carla_training - INFO - Step 210 | Speed: 0.0 km/h | Pos: (234.2, 195.3, 0.0) | Dist: 0.12m | Reward: 0.000 | Collisions: 0 | Waypoints: 1/31
2026-05-04 19:04:32,256 - carla_training - INFO - Step 220 | Speed: 0.0 km/h | Pos: (234.2, 195.3, 0.0) | Dist: 0.12m | Reward: 0.000 | Collisions: 0 | Waypoints: 1/31
2026-05-04 19:04:38,276 - carla_training - INFO - Step 230 | Speed: 0.4 km/h | Pos: (234.2, 195.3, 0.0) | Dist: 0.12m | Reward: 0.007 | Collisions: 0 | Waypoints: 1/31
2026-05-04 19:04:44,302 - carla_training - INFO - Step 240 | Speed: 0.3 km/h | Pos: (234.2, 195.3, 0.0) | Dist: 0.12m | Reward: 0.008 | Collisions: 0 | Waypoints: 1/31
2026-05-04 19:04:50,314 - carla_training - INFO - Step 250 | Speed: 0.9 km/h | Pos: (234.1, 195.3, 0.0) | Dist: 0.12m | Reward: 0.033 | Collisions: 0 | Waypoints: 1/31
2026-05-04 19:04:56,285 - carla_training - INFO - Step 260 | Speed: 0.0 km/h | Pos: (234.1, 195.3, 0.0) | Dist: 0.12m | Reward: 0.000 | Collisions: 0 | Waypoints: 1/31
2026-05-04 19:05:00,950 - carla_training - INFO - Step 270 | Speed: 0.0 km/h | Pos: (234.1, 195.3, 0.0) | Dist: 0.12m | Reward: 0.001 | Collisions: 0 | Waypoints: 1/31
2026-05-04 19:05:06,945 - carla_training - INFO - Step 280 | Speed: 0.0 km/h | Pos: (234.1, 195.3, 0.0) | Dist: 0.12m | Reward: 0.000 | Collisions: 0 | Waypoints: 1/31
2026-05-04 19:05:12,216 - carla_training - INFO - Step 290 | Speed: 0.3 km/h | Pos: (234.1, 195.3, 0.0) | Dist: 0.12m | Reward: 0.018 | Collisions: 0 | Waypoints: 1/31
2026-05-04 19:05:16,561 - carla_training - INFO - Step 300 | Speed: 0.0 km/h | Pos: (234.1, 195.3, 0.0) | Dist: 0.12m | Reward: 0.000 | Collisions: 0 | Waypoints: 1/31
2026-05-04 19:05:20,897 - carla_training - INFO - Step 310 | Speed: 0.3 km/h | Pos: (234.1, 195.3, 0.0) | Dist: 0.12m | Reward: 0.009 | Collisions: 0 | Waypoints: 1/31
2026-05-04 19:05:26,657 - carla_training - INFO - Step 320 | Speed: 0.0 km/h | Pos: (234.1, 195.3, 0.0) | Dist: 0.12m | Reward: 0.000 | Collisions: 0 | Waypoints: 1/31
2026-05-04 19:05:33,141 - carla_training - INFO - Step 330 | Speed: 1.0 km/h | Pos: (234.0, 195.3, 0.0) | Dist: 0.12m | Reward: 0.025 | Collisions: 0 | Waypoints: 1/31
2026-05-04 19:05:38,594 - carla_training - INFO - Step 340 | Speed: 0.1 km/h | Pos: (234.0, 195.3, 0.0) | Dist: 0.13m | Reward: 0.005 | Collisions: 0 | Waypoints: 1/31
2026-05-04 19:05:44,305 - carla_training - INFO - Step 350 | Speed: 0.0 km/h | Pos: (234.0, 195.3, 0.0) | Dist: 0.13m | Reward: 0.000 | Collisions: 0 | Waypoints: 1/31
2026-05-04 19:05:50,110 - carla_training - INFO - Step 360 | Speed: 0.3 km/h | Pos: (233.9, 195.3, 0.0) | Dist: 0.13m | Reward: 0.013 | Collisions: 0 | Waypoints: 1/31
2026-05-04 19:05:54,397 - carla_training - INFO - Step 370 | Speed: 0.3 km/h | Pos: (233.9, 195.3, 0.0) | Dist: 0.13m | Reward: 0.018 | Collisions: 0 | Waypoints: 1/31
2026-05-04 19:05:59,819 - carla_training - INFO - Step 380 | Speed: 0.3 km/h | Pos: (233.9, 195.3, 0.0) | Dist: 0.13m | Reward: 0.016 | Collisions: 0 | Waypoints: 1/31
2026-05-04 19:06:04,560 - carla_training - INFO - Step 390 | Speed: 0.0 km/h | Pos: (233.9, 195.3, 0.0) | Dist: 0.13m | Reward: 0.000 | Collisions: 0 | Waypoints: 1/31
2026-05-04 19:06:08,890 - carla_training - INFO - Step 400 | Speed: 0.7 km/h | Pos: (233.9, 195.3, 0.0) | Dist: 0.13m | Reward: 0.035 | Collisions: 0 | Waypoints: 1/31
2026-05-04 19:06:13,946 - carla_training - INFO - Step 410 | Speed: 0.0 km/h | Pos: (233.9, 195.3, 0.0) | Dist: 0.13m | Reward: 0.000 | Collisions: 0 | Waypoints: 1/31
2026-05-04 19:06:20,996 - carla_training - INFO - Step 420 | Speed: 0.0 km/h | Pos: (233.9, 195.3, 0.0) | Dist: 0.13m | Reward: 0.003 | Collisions: 0 | Waypoints: 1/31
2026-05-04 19:06:25,960 - carla_training - INFO - Step 430 | Speed: 0.0 km/h | Pos: (233.9, 195.3, 0.0) | Dist: 0.13m | Reward: 0.000 | Collisions: 0 | Waypoints: 1/31
2026-05-04 19:06:30,068 - carla_training - INFO - Step 440 | Speed: 0.0 km/h | Pos: (233.9, 195.3, 0.0) | Dist: 0.13m | Reward: 0.000 | Collisions: 0 | Waypoints: 1/31
2026-05-04 19:06:36,325 - carla_training - INFO - Step 450 | Speed: 0.0 km/h | Pos: (233.9, 195.3, 0.0) | Dist: 0.13m | Reward: 0.000 | Collisions: 0 | Waypoints: 1/31
2026-05-04 19:06:40,822 - carla_training - INFO - Step 460 | Speed: 0.3 km/h | Pos: (233.8, 195.3, 0.0) | Dist: 0.13m | Reward: 0.011 | Collisions: 0 | Waypoints: 1/31
2026-05-04 19:06:45,625 - carla_training - INFO - Step 470 | Speed: 0.0 km/h | Pos: (233.8, 195.3, 0.0) | Dist: 0.13m | Reward: 0.000 | Collisions: 0 | Waypoints: 1/31
2026-05-04 19:06:51,141 - carla_training - INFO - Step 480 | Speed: 0.9 km/h | Pos: (233.8, 195.3, 0.0) | Dist: 0.13m | Reward: 0.049 | Collisions: 0 | Waypoints: 1/31
2026-05-04 19:06:56,626 - carla_training - INFO - Step 490 | Speed: 0.2 km/h | Pos: (233.8, 195.3, 0.0) | Dist: 0.13m | Reward: 0.009 | Collisions: 0 | Waypoints: 1/31
2026-05-04 19:07:02,128 - carla_training - INFO - Step 500 | Speed: 0.0 km/h | Pos: (233.7, 195.3, 0.0) | Dist: 0.13m | Reward: 0.000 | Collisions: 0 | Waypoints: 2/31
2026-05-04 19:07:07,600 - carla_training - INFO - Step 510 | Speed: 0.0 km/h | Pos: (233.7, 195.3, 0.0) | Dist: 0.13m | Reward: 0.000 | Collisions: 0 | Waypoints: 2/31
2026-05-04 19:07:13,055 - carla_training - INFO - Step 520 | Speed: 0.0 km/h | Pos: (233.7, 195.3, 0.0) | Dist: 0.13m | Reward: 0.000 | Collisions: 0 | Waypoints: 2/31
2026-05-04 19:07:18,478 - carla_training - INFO - Step 530 | Speed: 0.0 km/h | Pos: (233.7, 195.3, 0.0) | Dist: 0.13m | Reward: 0.000 | Collisions: 0 | Waypoints: 2/31
2026-05-04 19:07:23,858 - carla_training - INFO - Step 540 | Speed: 0.4 km/h | Pos: (233.7, 195.3, 0.0) | Dist: 0.13m | Reward: 0.026 | Collisions: 0 | Waypoints: 2/31
2026-05-04 19:07:29,251 - carla_training - INFO - Step 550 | Speed: 0.0 km/h | Pos: (233.6, 195.3, 0.0) | Dist: 0.13m | Reward: 0.000 | Collisions: 0 | Waypoints: 2/31
2026-05-04 19:07:34,667 - carla_training - INFO - Step 560 | Speed: 2.1 km/h | Pos: (233.5, 195.3, 0.0) | Dist: 0.13m | Reward: 0.117 | Collisions: 0 | Waypoints: 2/31
2026-05-04 19:07:40,141 - carla_training - INFO - Step 570 | Speed: 0.0 km/h | Pos: (233.5, 195.3, 0.0) | Dist: 0.13m | Reward: 0.000 | Collisions: 0 | Waypoints: 2/31
2026-05-04 19:07:45,629 - carla_training - INFO - Step 580 | Speed: 0.5 km/h | Pos: (233.5, 195.3, 0.0) | Dist: 0.13m | Reward: 0.030 | Collisions: 0 | Waypoints: 2/31
2026-05-04 19:07:51,089 - carla_training - INFO - Step 590 | Speed: 0.0 km/h | Pos: (233.5, 195.3, 0.0) | Dist: 0.13m | Reward: 0.000 | Collisions: 0 | Waypoints: 2/31
2026-05-04 19:07:56,572 - carla_training - INFO - Step 600 | Speed: 0.0 km/h | Pos: (233.5, 195.3, 0.0) | Dist: 0.13m | Reward: 0.000 | Collisions: 0 | Waypoints: 2/31
2026-05-04 19:08:01,982 - carla_training - INFO - Step 610 | Speed: 0.7 km/h | Pos: (233.5, 195.3, 0.0) | Dist: 0.14m | Reward: 0.046 | Collisions: 0 | Waypoints: 2/31
2026-05-04 19:08:07,389 - carla_training - INFO - Step 620 | Speed: 1.1 km/h | Pos: (233.4, 195.3, 0.0) | Dist: 0.14m | Reward: 0.054 | Collisions: 0 | Waypoints: 2/31
2026-05-04 19:08:12,761 - carla_training - INFO - Step 630 | Speed: 0.0 km/h | Pos: (233.3, 195.3, 0.0) | Dist: 0.14m | Reward: 0.000 | Collisions: 0 | Waypoints: 2/31
2026-05-04 19:08:18,149 - carla_training - INFO - Step 640 | Speed: 0.0 km/h | Pos: (233.3, 195.3, 0.0) | Dist: 0.14m | Reward: 0.000 | Collisions: 0 | Waypoints: 2/31
2026-05-04 19:08:23,591 - carla_training - INFO - Step 650 | Speed: 0.0 km/h | Pos: (233.3, 195.3, 0.0) | Dist: 0.14m | Reward: 0.000 | Collisions: 0 | Waypoints: 2/31
2026-05-04 19:08:29,042 - carla_training - INFO - Step 660 | Speed: 0.0 km/h | Pos: (233.3, 195.3, 0.0) | Dist: 0.14m | Reward: 0.000 | Collisions: 0 | Waypoints: 2/31
2026-05-04 19:08:34,491 - carla_training - INFO - Step 670 | Speed: 0.1 km/h | Pos: (233.3, 195.3, 0.0) | Dist: 0.14m | Reward: 0.006 | Collisions: 0 | Waypoints: 2/31
2026-05-04 19:08:39,947 - carla_training - INFO - Step 680 | Speed: 0.1 km/h | Pos: (233.2, 195.3, 0.0) | Dist: 0.14m | Reward: 0.004 | Collisions: 0 | Waypoints: 2/31
2026-05-04 19:08:45,409 - carla_training - INFO - Step 690 | Speed: 0.0 km/h | Pos: (233.2, 195.3, 0.0) | Dist: 0.13m | Reward: 0.000 | Collisions: 0 | Waypoints: 2/31
2026-05-04 19:08:50,833 - carla_training - INFO - Step 700 | Speed: 0.0 km/h | Pos: (233.2, 195.3, 0.0) | Dist: 0.13m | Reward: 0.001 | Collisions: 0 | Waypoints: 2/31
2026-05-04 19:08:56,283 - carla_training - INFO - Step 710 | Speed: 0.3 km/h | Pos: (233.2, 195.3, 0.0) | Dist: 0.13m | Reward: 0.013 | Collisions: 0 | Waypoints: 2/31
2026-05-04 19:09:01,789 - carla_training - INFO - Step 720 | Speed: 0.0 km/h | Pos: (233.1, 195.3, 0.0) | Dist: 0.13m | Reward: 0.000 | Collisions: 0 | Waypoints: 2/31
2026-05-04 19:09:07,225 - carla_training - INFO - Step 730 | Speed: 0.0 km/h | Pos: (233.1, 195.3, 0.0) | Dist: 0.12m | Reward: 0.000 | Collisions: 0 | Waypoints: 2/31
2026-05-04 19:09:12,713 - carla_training - INFO - Step 740 | Speed: 0.0 km/h | Pos: (233.1, 195.3, 0.0) | Dist: 0.12m | Reward: 0.001 | Collisions: 0 | Waypoints: 2/31
2026-05-04 19:09:18,092 - carla_training - INFO - Step 750 | Speed: 0.0 km/h | Pos: (233.1, 195.3, 0.0) | Dist: 0.12m | Reward: 0.000 | Collisions: 0 | Waypoints: 2/31
2026-05-04 19:09:23,414 - carla_training - INFO - Step 760 | Speed: 0.0 km/h | Pos: (233.1, 195.3, 0.0) | Dist: 0.12m | Reward: 0.000 | Collisions: 0 | Waypoints: 2/31
2026-05-04 19:09:29,046 - carla_training - INFO - Step 770 | Speed: 0.4 km/h | Pos: (233.1, 195.3, 0.0) | Dist: 0.12m | Reward: 0.026 | Collisions: 0 | Waypoints: 2/31
2026-05-04 19:09:35,577 - carla_training - INFO - Step 780 | Speed: 0.3 km/h | Pos: (233.1, 195.3, 0.0) | Dist: 0.12m | Reward: 0.014 | Collisions: 0 | Waypoints: 2/31
2026-05-04 19:09:42,578 - carla_training - INFO - Step 790 | Speed: 0.6 km/h | Pos: (233.0, 195.3, 0.0) | Dist: 0.12m | Reward: 0.033 | Collisions: 0 | Waypoints: 2/31
2026-05-04 19:09:48,051 - carla_training - INFO - Step 800 | Speed: 0.0 km/h | Pos: (232.9, 195.3, 0.0) | Dist: 0.11m | Reward: 0.000 | Collisions: 0 | Waypoints: 2/31
2026-05-04 19:09:53,504 - carla_training - INFO - Step 810 | Speed: 0.0 km/h | Pos: (232.9, 195.3, 0.0) | Dist: 0.11m | Reward: 0.000 | Collisions: 0 | Waypoints: 2/31
2026-05-04 19:09:58,952 - carla_training - INFO - Step 820 | Speed: 0.9 km/h | Pos: (232.8, 195.3, 0.0) | Dist: 0.11m | Reward: 0.046 | Collisions: 0 | Waypoints: 2/31
2026-05-04 19:10:04,444 - carla_training - INFO - Step 830 | Speed: 0.0 km/h | Pos: (232.8, 195.3, 0.0) | Dist: 0.11m | Reward: 0.000 | Collisions: 0 | Waypoints: 2/31
2026-05-04 19:10:09,890 - carla_training - INFO - Step 840 | Speed: 0.0 km/h | Pos: (232.8, 195.3, 0.0) | Dist: 0.11m | Reward: 0.000 | Collisions: 0 | Waypoints: 2/31
2026-05-04 19:10:15,366 - carla_training - INFO - Step 850 | Speed: 0.0 km/h | Pos: (232.8, 195.3, 0.0) | Dist: 0.11m | Reward: 0.000 | Collisions: 0 | Waypoints: 2/31
2026-05-04 19:10:20,944 - carla_training - INFO - Step 860 | Speed: 0.8 km/h | Pos: (232.7, 195.3, 0.0) | Dist: 0.11m | Reward: 0.040 | Collisions: 0 | Waypoints: 2/31
2026-05-04 19:10:26,463 - carla_training - INFO - Step 870 | Speed: 0.0 km/h | Pos: (232.7, 195.3, 0.0) | Dist: 0.11m | Reward: 0.000 | Collisions: 0 | Waypoints: 2/31
2026-05-04 19:10:31,975 - carla_training - INFO - Step 880 | Speed: 0.8 km/h | Pos: (232.7, 195.3, 0.0) | Dist: 0.11m | Reward: 0.026 | Collisions: 0 | Waypoints: 2/31
2026-05-04 19:10:37,514 - carla_training - INFO - Step 890 | Speed: 0.0 km/h | Pos: (232.7, 195.3, 0.0) | Dist: 0.11m | Reward: 0.000 | Collisions: 0 | Waypoints: 2/31
2026-05-04 19:10:43,001 - carla_training - INFO - Step 900 | Speed: 0.3 km/h | Pos: (232.6, 195.3, 0.0) | Dist: 0.11m | Reward: 0.007 | Collisions: 0 | Waypoints: 2/31
2026-05-04 19:10:48,494 - carla_training - INFO - Step 910 | Speed: 0.3 km/h | Pos: (232.6, 195.3, 0.0) | Dist: 0.11m | Reward: 0.017 | Collisions: 0 | Waypoints: 2/31
2026-05-04 19:10:53,999 - carla_training - INFO - Step 920 | Speed: 0.6 km/h | Pos: (232.6, 195.3, 0.0) | Dist: 0.11m | Reward: 0.037 | Collisions: 0 | Waypoints: 2/31
2026-05-04 19:10:59,472 - carla_training - INFO - Step 930 | Speed: 0.0 km/h | Pos: (232.5, 195.3, 0.0) | Dist: 0.11m | Reward: 0.000 | Collisions: 0 | Waypoints: 2/31
2026-05-04 19:10:59,472 - carla_training - INFO - 
Training speed: 1 fps | Total steps: 6000
2026-05-04 19:11:04,948 - carla_training - INFO - Step 940 | Speed: 1.4 km/h | Pos: (232.5, 195.3, 0.0) | Dist: 0.11m | Reward: 0.070 | Collisions: 0 | Waypoints: 2/31
2026-05-04 19:11:10,447 - carla_training - INFO - Step 950 | Speed: 0.0 km/h | Pos: (232.5, 195.3, 0.0) | Dist: 0.11m | Reward: 0.000 | Collisions: 0 | Waypoints: 2/31
2026-05-04 19:11:15,941 - carla_training - INFO - Step 960 | Speed: 0.3 km/h | Pos: (232.5, 195.3, 0.0) | Dist: 0.11m | Reward: 0.006 | Collisions: 0 | Waypoints: 2/31
2026-05-04 19:11:21,438 - carla_training - INFO - Step 970 | Speed: 0.0 km/h | Pos: (232.4, 195.3, 0.0) | Dist: 0.11m | Reward: 0.000 | Collisions: 0 | Waypoints: 2/31
2026-05-04 19:11:26,942 - carla_training - INFO - Step 980 | Speed: 0.0 km/h | Pos: (232.4, 195.3, 0.0) | Dist: 0.11m | Reward: 0.000 | Collisions: 0 | Waypoints: 2/31
2026-05-04 19:11:32,427 - carla_training - INFO - Step 990 | Speed: 0.0 km/h | Pos: (232.4, 195.3, 0.0) | Dist: 0.11m | Reward: 0.000 | Collisions: 0 | Waypoints: 2/31
2026-05-04 19:11:37,859 - carla_training - INFO - Step 1000 | Speed: 0.0 km/h | Pos: (232.4, 195.3, 0.0) | Dist: 0.11m | Reward: 0.001 | Collisions: 0 | Waypoints: 2/31
2026-05-04 19:11:43,382 - carla_training - INFO - Step 1010 | Speed: 0.0 km/h | Pos: (232.4, 195.3, 0.0) | Dist: 0.11m | Reward: 0.000 | Collisions: 0 | Waypoints: 2/31
2026-05-04 19:11:48,873 - carla_training - INFO - Step 1020 | Speed: 0.0 km/h | Pos: (232.4, 195.3, 0.0) | Dist: 0.11m | Reward: 0.000 | Collisions: 0 | Waypoints: 2/31
2026-05-04 19:11:54,387 - carla_training - INFO - Step 1030 | Speed: 0.0 km/h | Pos: (232.4, 195.3, 0.0) | Dist: 0.11m | Reward: 0.000 | Collisions: 0 | Waypoints: 2/31
2026-05-04 19:11:59,871 - carla_training - INFO - Step 1040 | Speed: 0.3 km/h | Pos: (232.4, 195.3, 0.0) | Dist: 0.11m | Reward: 0.021 | Collisions: 0 | Waypoints: 2/31
2026-05-04 19:12:05,368 - carla_training - INFO - Step 1050 | Speed: 0.0 km/h | Pos: (232.3, 195.3, 0.0) | Dist: 0.10m | Reward: 0.000 | Collisions: 0 | Waypoints: 2/31
2026-05-04 19:12:10,843 - carla_training - INFO - Step 1060 | Speed: 0.0 km/h | Pos: (232.3, 195.3, 0.0) | Dist: 0.10m | Reward: 0.000 | Collisions: 0 | Waypoints: 2/31
2026-05-04 19:12:16,305 - carla_training - INFO - Step 1070 | Speed: 0.0 km/h | Pos: (232.3, 195.2, 0.0) | Dist: 0.10m | Reward: 0.000 | Collisions: 0 | Waypoints: 2/31
2026-05-04 19:12:22,205 - carla_training - INFO - Step 1080 | Speed: 0.4 km/h | Pos: (232.3, 195.2, 0.0) | Dist: 0.10m | Reward: 0.026 | Collisions: 0 | Waypoints: 2/31
2026-05-04 19:12:26,920 - carla_training - INFO - Step 1090 | Speed: 0.0 km/h | Pos: (232.2, 195.2, 0.0) | Dist: 0.09m | Reward: 0.000 | Collisions: 0 | Waypoints: 2/31
2026-05-04 19:12:31,642 - carla_training - INFO - Step 1100 | Speed: 0.0 km/h | Pos: (232.2, 195.2, 0.0) | Dist: 0.09m | Reward: 0.000 | Collisions: 0 | Waypoints: 2/31
2026-05-04 19:12:36,369 - carla_training - INFO - Step 1110 | Speed: 0.3 km/h | Pos: (232.1, 195.2, 0.0) | Dist: 0.09m | Reward: 0.022 | Collisions: 0 | Waypoints: 2/31
2026-05-04 19:12:41,107 - carla_training - INFO - Step 1120 | Speed: 0.0 km/h | Pos: (232.1, 195.2, 0.0) | Dist: 0.09m | Reward: 0.000 | Collisions: 0 | Waypoints: 2/31
2026-05-04 19:12:45,854 - carla_training - INFO - Step 1130 | Speed: 0.0 km/h | Pos: (232.1, 195.2, 0.0) | Dist: 0.09m | Reward: 0.000 | Collisions: 0 | Waypoints: 2/31
2026-05-04 19:12:50,612 - carla_training - INFO - Step 1140 | Speed: 0.2 km/h | Pos: (232.1, 195.2, 0.0) | Dist: 0.09m | Reward: 0.007 | Collisions: 0 | Waypoints: 2/31
2026-05-04 19:12:56,016 - carla_training - INFO - Step 1150 | Speed: 0.3 km/h | Pos: (232.1, 195.2, 0.0) | Dist: 0.09m | Reward: 0.021 | Collisions: 0 | Waypoints: 2/31
2026-05-04 19:13:01,412 - carla_training - INFO - Step 1160 | Speed: 0.0 km/h | Pos: (232.1, 195.2, 0.0) | Dist: 0.09m | Reward: 0.000 | Collisions: 0 | Waypoints: 2/31
2026-05-04 19:13:06,754 - carla_training - INFO - Step 1170 | Speed: 0.5 km/h | Pos: (231.9, 195.3, 0.0) | Dist: 0.11m | Reward: 0.017 | Collisions: 0 | Waypoints: 2/31
2026-05-04 19:13:12,109 - carla_training - INFO - Step 1180 | Speed: 0.3 km/h | Pos: (231.9, 195.3, 0.0) | Dist: 0.10m | Reward: 0.014 | Collisions: 0 | Waypoints: 2/31
2026-05-04 19:13:17,470 - carla_training - INFO - Step 1190 | Speed: 0.0 km/h | Pos: (231.9, 195.3, 0.0) | Dist: 0.10m | Reward: 0.000 | Collisions: 0 | Waypoints: 2/31
2026-05-04 19:13:22,828 - carla_training - INFO - Step 1200 | Speed: 0.1 km/h | Pos: (231.9, 195.3, 0.0) | Dist: 0.10m | Reward: 0.007 | Collisions: 0 | Waypoints: 2/31
2026-05-04 19:13:28,208 - carla_training - INFO - Step 1210 | Speed: 0.0 km/h | Pos: (231.9, 195.3, 0.0) | Dist: 0.10m | Reward: 0.000 | Collisions: 0 | Waypoints: 2/31
2026-05-04 19:13:33,586 - carla_training - INFO - Step 1220 | Speed: 0.0 km/h | Pos: (231.9, 195.3, 0.0) | Dist: 0.10m | Reward: 0.000 | Collisions: 0 | Waypoints: 2/31
2026-05-04 19:13:38,947 - carla_training - INFO - Step 1230 | Speed: 0.2 km/h | Pos: (231.9, 195.3, 0.0) | Dist: 0.11m | Reward: 0.010 | Collisions: 0 | Waypoints: 2/31
2026-05-04 19:13:44,283 - carla_training - INFO - Step 1240 | Speed: 0.0 km/h | Pos: (231.9, 195.3, 0.0) | Dist: 0.11m | Reward: 0.000 | Collisions: 0 | Waypoints: 2/31
2026-05-04 19:13:49,656 - carla_training - INFO - Step 1250 | Speed: 0.0 km/h | Pos: (231.9, 195.3, 0.0) | Dist: 0.10m | Reward: 0.000 | Collisions: 0 | Waypoints: 2/31
2026-05-04 19:13:54,979 - carla_training - INFO - Step 1260 | Speed: 0.0 km/h | Pos: (231.9, 195.3, 0.0) | Dist: 0.10m | Reward: 0.000 | Collisions: 0 | Waypoints: 2/31
2026-05-04 19:14:00,314 - carla_training - INFO - Step 1270 | Speed: 0.0 km/h | Pos: (231.9, 195.3, 0.0) | Dist: 0.10m | Reward: 0.000 | Collisions: 0 | Waypoints: 2/31
2026-05-04 19:14:05,579 - carla_training - INFO - Step 1280 | Speed: 0.0 km/h | Pos: (231.8, 195.3, 0.0) | Dist: 0.10m | Reward: 0.000 | Collisions: 0 | Waypoints: 2/31
2026-05-04 19:14:10,934 - carla_training - INFO - Step 1290 | Speed: 0.0 km/h | Pos: (231.8, 195.3, 0.0) | Dist: 0.10m | Reward: 0.000 | Collisions: 0 | Waypoints: 2/31
2026-05-04 19:14:16,260 - carla_training - INFO - Step 1300 | Speed: 0.0 km/h | Pos: (231.8, 195.3, 0.0) | Dist: 0.10m | Reward: 0.002 | Collisions: 0 | Waypoints: 2/31
2026-05-04 19:14:21,573 - carla_training - INFO - Step 1310 | Speed: 0.0 km/h | Pos: (231.8, 195.3, 0.0) | Dist: 0.10m | Reward: 0.000 | Collisions: 0 | Waypoints: 2/31
2026-05-04 19:14:26,898 - carla_training - INFO - Step 1320 | Speed: 0.1 km/h | Pos: (231.8, 195.3, 0.0) | Dist: 0.10m | Reward: 0.008 | Collisions: 0 | Waypoints: 2/31
2026-05-04 19:14:32,222 - carla_training - INFO - Step 1330 | Speed: 0.0 km/h | Pos: (231.8, 195.2, 0.0) | Dist: 0.10m | Reward: 0.000 | Collisions: 0 | Waypoints: 2/31
2026-05-04 19:14:37,539 - carla_training - INFO - Step 1340 | Speed: 0.3 km/h | Pos: (231.8, 195.2, 0.0) | Dist: 0.09m | Reward: 0.000 | Collisions: 0 | Waypoints: 2/31
2026-05-04 19:14:42,828 - carla_training - INFO - Step 1350 | Speed: 0.0 km/h | Pos: (231.8, 195.2, 0.0) | Dist: 0.09m | Reward: 0.000 | Collisions: 0 | Waypoints: 2/31
2026-05-04 19:14:48,157 - carla_training - INFO - Step 1360 | Speed: 0.3 km/h | Pos: (231.8, 195.2, 0.0) | Dist: 0.09m | Reward: 0.009 | Collisions: 0 | Waypoints: 2/31
2026-05-04 19:14:53,493 - carla_training - INFO - Step 1370 | Speed: 0.3 km/h | Pos: (231.7, 195.2, 0.0) | Dist: 0.08m | Reward: 0.013 | Collisions: 0 | Waypoints: 2/31
2026-05-04 19:14:58,785 - carla_training - INFO - Step 1380 | Speed: 0.1 km/h | Pos: (231.7, 195.2, 0.0) | Dist: 0.08m | Reward: 0.006 | Collisions: 0 | Waypoints: 2/31
2026-05-04 19:15:04,081 - carla_training - INFO - Step 1390 | Speed: 0.0 km/h | Pos: (231.7, 195.2, 0.0) | Dist: 0.08m | Reward: 0.000 | Collisions: 0 | Waypoints: 3/31
2026-05-04 19:15:09,422 - carla_training - INFO - Step 1400 | Speed: 0.0 km/h | Pos: (231.7, 195.2, 0.0) | Dist: 0.08m | Reward: 0.000 | Collisions: 0 | Waypoints: 3/31
2026-05-04 19:15:14,770 - carla_training - INFO - Step 1410 | Speed: 0.3 km/h | Pos: (231.7, 195.2, 0.0) | Dist: 0.08m | Reward: 0.012 | Collisions: 0 | Waypoints: 3/31
2026-05-04 19:15:20,142 - carla_training - INFO - Step 1420 | Speed: 0.0 km/h | Pos: (231.7, 195.2, 0.0) | Dist: 0.08m | Reward: 0.000 | Collisions: 0 | Waypoints: 3/31
2026-05-04 19:15:25,466 - carla_training - INFO - Step 1430 | Speed: 0.0 km/h | Pos: (231.7, 195.2, 0.0) | Dist: 0.08m | Reward: 0.000 | Collisions: 0 | Waypoints: 3/31
2026-05-04 19:15:30,780 - carla_training - INFO - Step 1440 | Speed: 0.0 km/h | Pos: (231.7, 195.2, 0.0) | Dist: 0.08m | Reward: 0.000 | Collisions: 0 | Waypoints: 3/31
2026-05-04 19:15:36,083 - carla_training - INFO - Step 1450 | Speed: 1.8 km/h | Pos: (231.6, 195.2, 0.0) | Dist: 0.06m | Reward: 0.012 | Collisions: 0 | Waypoints: 3/31
2026-05-04 19:15:41,424 - carla_training - INFO - Step 1460 | Speed: 0.0 km/h | Pos: (231.5, 195.2, 0.0) | Dist: 0.04m | Reward: 0.000 | Collisions: 0 | Waypoints: 3/31
2026-05-04 19:15:46,740 - carla_training - INFO - Step 1470 | Speed: 0.4 km/h | Pos: (231.5, 195.2, 0.0) | Dist: 0.04m | Reward: 0.028 | Collisions: 0 | Waypoints: 3/31
2026-05-04 19:15:52,053 - carla_training - INFO - Step 1480 | Speed: 0.7 km/h | Pos: (231.4, 195.2, 0.0) | Dist: 0.03m | Reward: 0.015 | Collisions: 0 | Waypoints: 3/31
2026-05-04 19:15:57,400 - carla_training - INFO - Step 1490 | Speed: 0.0 km/h | Pos: (231.4, 195.2, 0.0) | Dist: 0.03m | Reward: 0.000 | Collisions: 0 | Waypoints: 3/31
2026-05-04 19:16:02,728 - carla_training - INFO - Step 1500 | Speed: 0.3 km/h | Pos: (231.4, 195.2, 0.0) | Dist: 0.02m | Reward: 0.017 | Collisions: 0 | Waypoints: 3/31
2026-05-04 19:16:08,068 - carla_training - INFO - Step 1510 | Speed: 0.0 km/h | Pos: (231.3, 195.2, 0.0) | Dist: 0.03m | Reward: 0.000 | Collisions: 0 | Waypoints: 3/31
2026-05-04 19:16:13,409 - carla_training - INFO - Step 1520 | Speed: 0.0 km/h | Pos: (231.3, 195.2, 0.0) | Dist: 0.03m | Reward: 0.000 | Collisions: 0 | Waypoints: 3/31
2026-05-04 19:16:18,770 - carla_training - INFO - Step 1530 | Speed: 0.2 km/h | Pos: (231.3, 195.2, 0.0) | Dist: 0.02m | Reward: 0.006 | Collisions: 0 | Waypoints: 3/31
2026-05-04 19:16:24,112 - carla_training - INFO - Step 1540 | Speed: 0.0 km/h | Pos: (231.3, 195.2, 0.0) | Dist: 0.02m | Reward: 0.000 | Collisions: 0 | Waypoints: 3/31
2026-05-04 19:16:29,448 - carla_training - INFO - Step 1550 | Speed: 0.0 km/h | Pos: (231.2, 195.2, 0.0) | Dist: 0.02m | Reward: 0.000 | Collisions: 0 | Waypoints: 3/31
2026-05-04 19:16:34,802 - carla_training - INFO - Step 1560 | Speed: 0.0 km/h | Pos: (231.2, 195.2, 0.0) | Dist: 0.01m | Reward: 0.000 | Collisions: 0 | Waypoints: 3/31
2026-05-04 19:16:40,143 - carla_training - INFO - Step 1570 | Speed: 0.0 km/h | Pos: (231.1, 195.2, 0.0) | Dist: 0.00m | Reward: 0.000 | Collisions: 0 | Waypoints: 3/31
2026-05-04 19:16:45,487 - carla_training - INFO - Step 1580 | Speed: 0.0 km/h | Pos: (231.1, 195.2, 0.0) | Dist: 0.00m | Reward: 0.000 | Collisions: 0 | Waypoints: 3/31
2026-05-04 19:16:50,862 - carla_training - INFO - Step 1590 | Speed: 0.0 km/h | Pos: (231.1, 195.2, 0.0) | Dist: 0.00m | Reward: 0.000 | Collisions: 0 | Waypoints: 3/31
2026-05-04 19:16:56,225 - carla_training - INFO - Step 1600 | Speed: 0.0 km/h | Pos: (231.1, 195.2, 0.0) | Dist: 0.00m | Reward: 0.000 | Collisions: 0 | Waypoints: 3/31
2026-05-04 19:17:01,574 - carla_training - INFO - Step 1610 | Speed: 0.5 km/h | Pos: (231.1, 195.2, 0.0) | Dist: 0.00m | Reward: 0.029 | Collisions: 0 | Waypoints: 3/31
2026-05-04 19:17:06,877 - carla_training - INFO - Step 1620 | Speed: 0.6 km/h | Pos: (231.0, 195.1, 0.0) | Dist: 0.00m | Reward: 0.031 | Collisions: 0 | Waypoints: 3/31
2026-05-04 19:17:12,219 - carla_training - INFO - Step 1630 | Speed: 0.0 km/h | Pos: (231.0, 195.1, 0.0) | Dist: 0.00m | Reward: 0.000 | Collisions: 0 | Waypoints: 3/31
2026-05-04 19:17:17,571 - carla_training - INFO - Step 1640 | Speed: 0.3 km/h | Pos: (231.0, 195.1, 0.0) | Dist: 0.00m | Reward: 0.021 | Collisions: 0 | Waypoints: 3/31
2026-05-04 19:17:22,950 - carla_training - INFO - Step 1650 | Speed: 0.0 km/h | Pos: (231.0, 195.1, 0.0) | Dist: 0.00m | Reward: 0.000 | Collisions: 0 | Waypoints: 3/31
2026-05-04 19:17:28,282 - carla_training - INFO - Step 1660 | Speed: 0.0 km/h | Pos: (231.0, 195.1, 0.0) | Dist: 0.00m | Reward: 0.000 | Collisions: 0 | Waypoints: 3/31
2026-05-04 19:17:33,627 - carla_training - INFO - Step 1670 | Speed: 0.1 km/h | Pos: (231.0, 195.1, 0.0) | Dist: 0.00m | Reward: 0.001 | Collisions: 0 | Waypoints: 3/31
2026-05-04 19:17:38,969 - carla_training - INFO - Step 1680 | Speed: 0.1 km/h | Pos: (231.0, 195.1, 0.0) | Dist: 0.01m | Reward: 0.002 | Collisions: 0 | Waypoints: 3/31
2026-05-04 19:17:44,302 - carla_training - INFO - Step 1690 | Speed: 0.0 km/h | Pos: (230.9, 195.1, 0.0) | Dist: 0.01m | Reward: 0.000 | Collisions: 0 | Waypoints: 3/31
2026-05-04 19:17:49,605 - carla_training - INFO - Step 1700 | Speed: 0.0 km/h | Pos: (230.9, 195.1, 0.0) | Dist: 0.01m | Reward: 0.000 | Collisions: 0 | Waypoints: 3/31
2026-05-04 19:17:54,926 - carla_training - INFO - Step 1710 | Speed: 0.0 km/h | Pos: (230.9, 195.1, 0.0) | Dist: 0.01m | Reward: 0.000 | Collisions: 0 | Waypoints: 3/31
2026-05-04 19:18:00,234 - carla_training - INFO - Step 1720 | Speed: 2.8 km/h | Pos: (230.8, 195.1, 0.0) | Dist: 0.01m | Reward: 0.185 | Collisions: 0 | Waypoints: 3/31
2026-05-04 19:18:05,550 - carla_training - INFO - Step 1730 | Speed: 0.0 km/h | Pos: (230.8, 195.1, 0.0) | Dist: 0.01m | Reward: 0.000 | Collisions: 0 | Waypoints: 3/31
2026-05-04 19:18:10,885 - carla_training - INFO - Step 1740 | Speed: 0.0 km/h | Pos: (230.8, 195.1, 0.0) | Dist: 0.01m | Reward: 0.000 | Collisions: 0 | Waypoints: 3/31
2026-05-04 19:18:16,240 - carla_training - INFO - Step 1750 | Speed: 0.0 km/h | Pos: (230.8, 195.1, 0.0) | Dist: 0.01m | Reward: 0.000 | Collisions: 0 | Waypoints: 3/31
2026-05-04 19:18:21,612 - carla_training - INFO - Step 1760 | Speed: 0.0 km/h | Pos: (230.8, 195.1, 0.0) | Dist: 0.01m | Reward: 0.000 | Collisions: 0 | Waypoints: 3/31
2026-05-04 19:18:26,968 - carla_training - INFO - Step 1770 | Speed: 0.3 km/h | Pos: (230.8, 195.1, 0.0) | Dist: 0.01m | Reward: 0.012 | Collisions: 0 | Waypoints: 3/31
2026-05-04 19:18:32,269 - carla_training - INFO - Step 1780 | Speed: 1.0 km/h | Pos: (230.7, 195.1, 0.0) | Dist: 0.01m | Reward: 0.050 | Collisions: 0 | Waypoints: 3/31
2026-05-04 19:18:37,520 - carla_training - INFO - Step 1790 | Speed: 0.3 km/h | Pos: (230.7, 195.1, 0.0) | Dist: 0.02m | Reward: 0.000 | Collisions: 0 | Waypoints: 3/31
2026-05-04 19:18:42,862 - carla_training - INFO - Step 1800 | Speed: 0.4 km/h | Pos: (230.7, 195.1, 0.0) | Dist: 0.02m | Reward: 0.022 | Collisions: 0 | Waypoints: 3/31
2026-05-04 19:18:48,159 - carla_training - INFO - Step 1810 | Speed: 0.1 km/h | Pos: (230.7, 195.1, 0.0) | Dist: 0.02m | Reward: 0.000 | Collisions: 0 | Waypoints: 3/31
2026-05-04 19:18:53,520 - carla_training - INFO - Step 1820 | Speed: 0.0 km/h | Pos: (230.7, 195.1, 0.0) | Dist: 0.02m | Reward: 0.000 | Collisions: 0 | Waypoints: 3/31
2026-05-04 19:18:58,755 - carla_training - INFO - Step 1830 | Speed: 0.3 km/h | Pos: (230.7, 195.1, 0.0) | Dist: 0.02m | Reward: 0.017 | Collisions: 0 | Waypoints: 3/31
2026-05-04 19:19:04,096 - carla_training - INFO - Step 1840 | Speed: 0.3 km/h | Pos: (230.7, 195.1, 0.0) | Dist: 0.02m | Reward: 0.014 | Collisions: 0 | Waypoints: 3/31
2026-05-04 19:19:09,432 - carla_training - INFO - Step 1850 | Speed: 0.3 km/h | Pos: (230.7, 195.1, 0.0) | Dist: 0.02m | Reward: 0.017 | Collisions: 0 | Waypoints: 3/31
2026-05-04 19:19:14,768 - carla_training - INFO - Step 1860 | Speed: 0.0 km/h | Pos: (230.6, 195.1, 0.0) | Dist: 0.02m | Reward: 0.000 | Collisions: 0 | Waypoints: 3/31
2026-05-04 19:19:20,095 - carla_training - INFO - Step 1870 | Speed: 0.1 km/h | Pos: (230.6, 195.1, 0.0) | Dist: 0.03m | Reward: 0.000 | Collisions: 0 | Waypoints: 3/31
2026-05-04 19:19:25,413 - carla_training - INFO - Step 1880 | Speed: 0.0 km/h | Pos: (230.6, 195.1, 0.0) | Dist: 0.03m | Reward: 0.000 | Collisions: 0 | Waypoints: 3/31
2026-05-04 19:19:30,716 - carla_training - INFO - Step 1890 | Speed: 0.4 km/h | Pos: (230.5, 195.1, 0.0) | Dist: 0.03m | Reward: 0.017 | Collisions: 0 | Waypoints: 3/31
2026-05-04 19:19:36,051 - carla_training - INFO - Step 1900 | Speed: 0.0 km/h | Pos: (230.4, 195.1, 0.0) | Dist: 0.05m | Reward: 0.000 | Collisions: 0 | Waypoints: 3/31
2026-05-04 19:19:41,392 - carla_training - INFO - Step 1910 | Speed: 0.3 km/h | Pos: (230.4, 195.1, 0.0) | Dist: 0.05m | Reward: 0.011 | Collisions: 0 | Waypoints: 3/31
2026-05-04 19:19:46,749 - carla_training - INFO - Step 1920 | Speed: 0.0 km/h | Pos: (230.3, 195.1, 0.0) | Dist: 0.05m | Reward: 0.000 | Collisions: 0 | Waypoints: 3/31
2026-05-04 19:19:52,108 - carla_training - INFO - Step 1930 | Speed: 0.7 km/h | Pos: (230.3, 195.1, 0.0) | Dist: 0.06m | Reward: 0.025 | Collisions: 0 | Waypoints: 3/31
2026-05-04 19:19:52,109 - carla_training - INFO - 
Training speed: 1 fps | Total steps: 7000
2026-05-04 19:19:57,457 - carla_training - INFO - Step 1940 | Speed: 0.1 km/h | Pos: (230.3, 195.1, 0.0) | Dist: 0.06m | Reward: 0.004 | Collisions: 0 | Waypoints: 3/31
2026-05-04 19:20:02,638 - carla_training - INFO - Step 1950 | Speed: 0.0 km/h | Pos: (230.3, 195.1, 0.0) | Dist: 0.06m | Reward: 0.000 | Collisions: 0 | Waypoints: 3/31
2026-05-04 19:20:07,959 - carla_training - INFO - Step 1960 | Speed: 0.0 km/h | Pos: (230.2, 195.1, 0.0) | Dist: 0.06m | Reward: 0.000 | Collisions: 0 | Waypoints: 3/31
2026-05-04 19:20:13,236 - carla_training - INFO - Step 1970 | Speed: 0.0 km/h | Pos: (230.2, 195.1, 0.0) | Dist: 0.06m | Reward: 0.000 | Collisions: 0 | Waypoints: 3/31
2026-05-04 19:20:18,557 - carla_training - INFO - Step 1980 | Speed: 0.0 km/h | Pos: (230.2, 195.1, 0.0) | Dist: 0.06m | Reward: 0.000 | Collisions: 0 | Waypoints: 3/31
2026-05-04 19:20:23,876 - carla_training - INFO - Step 1990 | Speed: 0.0 km/h | Pos: (230.2, 195.1, 0.0) | Dist: 0.06m | Reward: 0.000 | Collisions: 0 | Waypoints: 3/31
2026-05-04 19:20:29,191 - carla_training - INFO - Step 2000 | Speed: 0.7 km/h | Pos: (230.2, 195.1, 0.0) | Dist: 0.06m | Reward: 0.038 | Collisions: 0 | Waypoints: 3/31
2026-05-04 19:20:29,192 - carla_training - INFO - 
============================================================
2026-05-04 19:20:29,192 - carla_training - INFO - Episode 13 Summary:
2026-05-04 19:20:29,192 - carla_training - INFO -   Termination Reason: TIMEOUT (Steps: 2000/2000)
2026-05-04 19:20:29,192 - carla_training - INFO -   Total Reward: 17.33
2026-05-04 19:20:29,192 - carla_training - INFO -   Steps: 2000
2026-05-04 19:20:29,193 - carla_training - INFO -   Duration: 1068.88 seconds
2026-05-04 19:20:29,193 - carla_training - INFO -   Average Speed: 0.20 km/h
2026-05-04 19:20:29,193 - carla_training - INFO -   Max Speed: 4.05 km/h
2026-05-04 19:20:29,193 - carla_training - INFO -   Total Distance: 4.64 meters
2026-05-04 19:20:29,193 - carla_training - INFO -   Average Lane Deviation: 0.09 meters
2026-05-04 19:20:29,193 - carla_training - INFO -   Waypoints Reached: 3
2026-05-04 19:20:29,193 - carla_training - INFO - ============================================================

2026-05-04 19:20:29,249 - carla_training - INFO - 🚗 Vehicle spawned and stabilized!
2026-05-04 19:20:29,260 - carla_training - INFO - ✅ Generated 31 waypoints for navigation
2026-05-04 19:20:29,260 - carla_training - INFO -    Complexity: 0 junctions, 0 turns (0.0% turn rate)
2026-05-04 19:20:35,643 - carla_training - INFO - Step 10 | Speed: 0.0 km/h | Pos: (234.7, 195.3, 0.0) | Dist: 0.12m | Reward: 0.000 | Collisions: 0 | Waypoints: 1/31
2026-05-04 19:20:40,457 - carla_training - INFO - Step 20 | Speed: 0.0 km/h | Pos: (234.7, 195.3, 0.0) | Dist: 0.12m | Reward: 0.000 | Collisions: 0 | Waypoints: 1/31
2026-05-04 19:20:45,281 - carla_training - INFO - Step 30 | Speed: 0.0 km/h | Pos: (234.7, 195.3, 0.0) | Dist: 0.12m | Reward: 0.000 | Collisions: 0 | Waypoints: 1/31
2026-05-04 19:20:50,142 - carla_training - INFO - Step 40 | Speed: 0.4 km/h | Pos: (234.6, 195.3, 0.0) | Dist: 0.12m | Reward: 0.020 | Collisions: 0 | Waypoints: 1/31
2026-05-04 19:20:54,998 - carla_training - INFO - Step 50 | Speed: 0.0 km/h | Pos: (234.6, 195.3, 0.0) | Dist: 0.12m | Reward: 0.000 | Collisions: 0 | Waypoints: 1/31
2026-05-04 19:20:59,819 - carla_training - INFO - Step 60 | Speed: 0.0 km/h | Pos: (234.6, 195.3, 0.0) | Dist: 0.12m | Reward: 0.000 | Collisions: 0 | Waypoints: 1/31
2026-05-04 19:21:04,727 - carla_training - INFO - Step 70 | Speed: 0.0 km/h | Pos: (234.6, 195.3, 0.0) | Dist: 0.12m | Reward: 0.000 | Collisions: 0 | Waypoints: 1/31
2026-05-04 19:21:10,508 - carla_training - INFO - Step 80 | Speed: 0.6 km/h | Pos: (234.6, 195.3, 0.0) | Dist: 0.12m | Reward: 0.028 | Collisions: 0 | Waypoints: 1/31
2026-05-04 19:21:16,245 - carla_training - INFO - Step 90 | Speed: 0.0 km/h | Pos: (234.6, 195.3, 0.0) | Dist: 0.12m | Reward: 0.000 | Collisions: 0 | Waypoints: 1/31
2026-05-04 19:21:21,994 - carla_training - INFO - Step 100 | Speed: 0.0 km/h | Pos: (234.5, 195.3, 0.0) | Dist: 0.11m | Reward: 0.000 | Collisions: 0 | Waypoints: 1/31
2026-05-04 19:21:27,767 - carla_training - INFO - Step 110 | Speed: 0.0 km/h | Pos: (234.4, 195.3, 0.0) | Dist: 0.13m | Reward: 0.000 | Collisions: 0 | Waypoints: 1/31
2026-05-04 19:21:33,470 - carla_training - INFO - Step 120 | Speed: 0.0 km/h | Pos: (234.4, 195.3, 0.0) | Dist: 0.13m | Reward: 0.000 | Collisions: 0 | Waypoints: 1/31
2026-05-04 19:21:39,156 - carla_training - INFO - Step 130 | Speed: 0.5 km/h | Pos: (234.4, 195.3, 0.0) | Dist: 0.13m | Reward: 0.017 | Collisions: 0 | Waypoints: 1/31
2026-05-04 19:21:44,859 - carla_training - INFO - Step 140 | Speed: 0.1 km/h | Pos: (234.3, 195.3, 0.0) | Dist: 0.13m | Reward: 0.000 | Collisions: 0 | Waypoints: 1/31
2026-05-04 19:21:50,552 - carla_training - INFO - Step 150 | Speed: 0.0 km/h | Pos: (234.3, 195.3, 0.0) | Dist: 0.13m | Reward: 0.000 | Collisions: 0 | Waypoints: 1/31
2026-05-04 19:21:56,305 - carla_training - INFO - Step 160 | Speed: 0.3 km/h | Pos: (234.3, 195.3, 0.0) | Dist: 0.13m | Reward: 0.010 | Collisions: 0 | Waypoints: 1/31
2026-05-04 19:22:02,005 - carla_training - INFO - Step 170 | Speed: 0.0 km/h | Pos: (234.3, 195.3, 0.0) | Dist: 0.13m | Reward: 0.000 | Collisions: 0 | Waypoints: 1/31
2026-05-04 19:22:07,701 - carla_training - INFO - Step 180 | Speed: 0.2 km/h | Pos: (234.3, 195.3, 0.0) | Dist: 0.13m | Reward: 0.008 | Collisions: 0 | Waypoints: 1/31
2026-05-04 19:22:13,431 - carla_training - INFO - Step 190 | Speed: 0.6 km/h | Pos: (234.3, 195.3, 0.0) | Dist: 0.13m | Reward: 0.016 | Collisions: 0 | Waypoints: 1/31
2026-05-04 19:22:19,164 - carla_training - INFO - Step 200 | Speed: 0.0 km/h | Pos: (234.3, 195.3, 0.0) | Dist: 0.13m | Reward: 0.000 | Collisions: 0 | Waypoints: 1/31
2026-05-04 19:22:24,878 - carla_training - INFO - Step 210 | Speed: 0.5 km/h | Pos: (234.3, 195.3, 0.0) | Dist: 0.13m | Reward: 0.005 | Collisions: 0 | Waypoints: 1/31
2026-05-04 19:22:30,599 - carla_training - INFO - Step 220 | Speed: 0.0 km/h | Pos: (234.2, 195.3, 0.0) | Dist: 0.14m | Reward: 0.000 | Collisions: 0 | Waypoints: 1/31
2026-05-04 19:22:36,376 - carla_training - INFO - Step 230 | Speed: 0.0 km/h | Pos: (234.2, 195.3, 0.0) | Dist: 0.14m | Reward: 0.000 | Collisions: 0 | Waypoints: 1/31
2026-05-04 19:22:42,119 - carla_training - INFO - Step 240 | Speed: 0.0 km/h | Pos: (234.2, 195.3, 0.0) | Dist: 0.14m | Reward: 0.000 | Collisions: 0 | Waypoints: 1/31
2026-05-04 19:22:47,818 - carla_training - INFO - Step 250 | Speed: 0.2 km/h | Pos: (234.2, 195.3, 0.0) | Dist: 0.14m | Reward: 0.006 | Collisions: 0 | Waypoints: 1/31
2026-05-04 19:22:53,564 - carla_training - INFO - Step 260 | Speed: 0.0 km/h | Pos: (234.1, 195.3, 0.0) | Dist: 0.14m | Reward: 0.000 | Collisions: 0 | Waypoints: 1/31
2026-05-04 19:22:59,308 - carla_training - INFO - Step 270 | Speed: 0.3 km/h | Pos: (234.1, 195.3, 0.0) | Dist: 0.14m | Reward: 0.013 | Collisions: 0 | Waypoints: 1/31
2026-05-04 19:23:05,040 - carla_training - INFO - Step 280 | Speed: 0.0 km/h | Pos: (234.1, 195.3, 0.0) | Dist: 0.14m | Reward: 0.000 | Collisions: 0 | Waypoints: 1/31
2026-05-04 19:23:10,806 - carla_training - INFO - Step 290 | Speed: 0.4 km/h | Pos: (234.1, 195.3, 0.0) | Dist: 0.14m | Reward: 0.023 | Collisions: 0 | Waypoints: 1/31
2026-05-04 19:23:16,529 - carla_training - INFO - Step 300 | Speed: 0.0 km/h | Pos: (234.0, 195.3, 0.0) | Dist: 0.14m | Reward: 0.000 | Collisions: 0 | Waypoints: 1/31
2026-05-04 19:23:22,302 - carla_training - INFO - Step 310 | Speed: 0.0 km/h | Pos: (234.0, 195.3, 0.0) | Dist: 0.14m | Reward: 0.000 | Collisions: 0 | Waypoints: 1/31
2026-05-04 19:23:28,045 - carla_training - INFO - Step 320 | Speed: 0.1 km/h | Pos: (234.0, 195.3, 0.0) | Dist: 0.14m | Reward: 0.000 | Collisions: 0 | Waypoints: 1/31
2026-05-04 19:23:33,797 - carla_training - INFO - Step 330 | Speed: 0.0 km/h | Pos: (234.0, 195.3, 0.0) | Dist: 0.14m | Reward: 0.000 | Collisions: 0 | Waypoints: 1/31
2026-05-04 19:23:39,518 - carla_training - INFO - Step 340 | Speed: 0.2 km/h | Pos: (234.0, 195.3, 0.0) | Dist: 0.14m | Reward: 0.011 | Collisions: 0 | Waypoints: 1/31
2026-05-04 19:23:45,253 - carla_training - INFO - Step 350 | Speed: 0.0 km/h | Pos: (233.9, 195.3, 0.0) | Dist: 0.14m | Reward: 0.000 | Collisions: 0 | Waypoints: 1/31
2026-05-04 19:23:50,951 - carla_training - INFO - Step 360 | Speed: 0.3 km/h | Pos: (233.9, 195.3, 0.0) | Dist: 0.14m | Reward: 0.011 | Collisions: 0 | Waypoints: 1/31
2026-05-04 19:23:56,645 - carla_training - INFO - Step 370 | Speed: 0.0 km/h | Pos: (233.9, 195.3, 0.0) | Dist: 0.13m | Reward: 0.000 | Collisions: 0 | Waypoints: 1/31
2026-05-04 19:24:02,303 - carla_training - INFO - Step 380 | Speed: 0.3 km/h | Pos: (233.9, 195.3, 0.0) | Dist: 0.13m | Reward: 0.018 | Collisions: 0 | Waypoints: 1/31
2026-05-04 19:24:08,029 - carla_training - INFO - Step 390 | Speed: 0.2 km/h | Pos: (233.9, 195.3, 0.0) | Dist: 0.13m | Reward: 0.005 | Collisions: 0 | Waypoints: 1/31
2026-05-04 19:24:13,770 - carla_training - INFO - Step 400 | Speed: 0.0 km/h | Pos: (233.9, 195.3, 0.0) | Dist: 0.13m | Reward: 0.000 | Collisions: 0 | Waypoints: 1/31
2026-05-04 19:24:19,529 - carla_training - INFO - Step 410 | Speed: 0.0 km/h | Pos: (233.8, 195.3, 0.0) | Dist: 0.13m | Reward: 0.000 | Collisions: 0 | Waypoints: 1/31
2026-05-04 19:24:25,326 - carla_training - INFO - Step 420 | Speed: 0.0 km/h | Pos: (233.7, 195.3, 0.0) | Dist: 0.13m | Reward: 0.000 | Collisions: 0 | Waypoints: 1/31
2026-05-04 19:24:31,080 - carla_training - INFO - Step 430 | Speed: 0.3 km/h | Pos: (233.7, 195.3, 0.0) | Dist: 0.13m | Reward: 0.017 | Collisions: 0 | Waypoints: 1/31
2026-05-04 19:24:36,822 - carla_training - INFO - Step 440 | Speed: 0.0 km/h | Pos: (233.7, 195.3, 0.0) | Dist: 0.12m | Reward: 0.000 | Collisions: 0 | Waypoints: 2/31
2026-05-04 19:24:42,523 - carla_training - INFO - Step 450 | Speed: 0.1 km/h | Pos: (233.7, 195.3, 0.0) | Dist: 0.12m | Reward: 0.000 | Collisions: 0 | Waypoints: 2/31
2026-05-04 19:24:48,252 - carla_training - INFO - Step 460 | Speed: 0.0 km/h | Pos: (233.7, 195.3, 0.0) | Dist: 0.12m | Reward: 0.000 | Collisions: 0 | Waypoints: 2/31
2026-05-04 19:24:53,955 - carla_training - INFO - Step 470 | Speed: 0.0 km/h | Pos: (233.7, 195.3, 0.0) | Dist: 0.12m | Reward: 0.000 | Collisions: 0 | Waypoints: 2/31
2026-05-04 19:24:59,671 - carla_training - INFO - Step 480 | Speed: 0.0 km/h | Pos: (233.6, 195.3, 0.0) | Dist: 0.12m | Reward: 0.000 | Collisions: 0 | Waypoints: 2/31
2026-05-04 19:25:05,359 - carla_training - INFO - Step 490 | Speed: 0.0 km/h | Pos: (233.6, 195.3, 0.0) | Dist: 0.12m | Reward: 0.000 | Collisions: 0 | Waypoints: 2/31
2026-05-04 19:25:11,082 - carla_training - INFO - Step 500 | Speed: 0.0 km/h | Pos: (233.6, 195.3, 0.0) | Dist: 0.12m | Reward: 0.000 | Collisions: 0 | Waypoints: 2/31
2026-05-04 19:25:16,849 - carla_training - INFO - Step 510 | Speed: 1.3 km/h | Pos: (233.6, 195.3, 0.0) | Dist: 0.12m | Reward: 0.058 | Collisions: 0 | Waypoints: 2/31
2026-05-04 19:25:22,611 - carla_training - INFO - Step 520 | Speed: 0.3 km/h | Pos: (233.6, 195.3, 0.0) | Dist: 0.12m | Reward: 0.017 | Collisions: 0 | Waypoints: 2/31
2026-05-04 19:25:28,349 - carla_training - INFO - Step 530 | Speed: 0.0 km/h | Pos: (233.6, 195.3, 0.0) | Dist: 0.12m | Reward: 0.000 | Collisions: 0 | Waypoints: 2/31
2026-05-04 19:25:34,060 - carla_training - INFO - Step 540 | Speed: 0.0 km/h | Pos: (233.6, 195.3, 0.0) | Dist: 0.12m | Reward: 0.000 | Collisions: 0 | Waypoints: 2/31
2026-05-04 19:25:39,774 - carla_training - INFO - Step 550 | Speed: 0.0 km/h | Pos: (233.2, 195.3, 0.0) | Dist: 0.14m | Reward: 0.000 | Collisions: 0 | Waypoints: 2/31
2026-05-04 19:25:45,480 - carla_training - INFO - Step 560 | Speed: 2.6 km/h | Pos: (233.0, 195.3, 0.0) | Dist: 0.14m | Reward: 0.147 | Collisions: 0 | Waypoints: 2/31
2026-05-04 19:25:51,228 - carla_training - INFO - Step 570 | Speed: 0.0 km/h | Pos: (232.9, 195.3, 0.0) | Dist: 0.13m | Reward: 0.000 | Collisions: 0 | Waypoints: 2/31
2026-05-04 19:25:56,998 - carla_training - INFO - Step 580 | Speed: 2.4 km/h | Pos: (232.7, 195.3, 0.0) | Dist: 0.12m | Reward: 0.135 | Collisions: 0 | Waypoints: 2/31
2026-05-04 19:26:02,750 - carla_training - INFO - Step 590 | Speed: 0.1 km/h | Pos: (232.7, 195.3, 0.0) | Dist: 0.11m | Reward: 0.000 | Collisions: 0 | Waypoints: 2/31
2026-05-04 19:26:08,457 - carla_training - INFO - Step 600 | Speed: 0.0 km/h | Pos: (232.7, 195.3, 0.0) | Dist: 0.10m | Reward: 0.000 | Collisions: 0 | Waypoints: 2/31
2026-05-04 19:26:14,203 - carla_training - INFO - Step 610 | Speed: 0.6 km/h | Pos: (232.6, 195.2, 0.0) | Dist: 0.10m | Reward: 0.028 | Collisions: 0 | Waypoints: 2/31
2026-05-04 19:26:19,516 - carla_training - INFO - Step 620 | Speed: 0.0 km/h | Pos: (232.6, 195.2, 0.0) | Dist: 0.10m | Reward: 0.000 | Collisions: 0 | Waypoints: 2/31
2026-05-04 19:26:24,715 - carla_training - INFO - Step 630 | Speed: 0.0 km/h | Pos: (232.6, 195.2, 0.0) | Dist: 0.10m | Reward: 0.000 | Collisions: 0 | Waypoints: 2/31
2026-05-04 19:26:30,177 - carla_training - INFO - Step 640 | Speed: 0.2 km/h | Pos: (232.6, 195.2, 0.0) | Dist: 0.09m | Reward: 0.007 | Collisions: 0 | Waypoints: 2/31
2026-05-04 19:26:35,661 - carla_training - INFO - Step 650 | Speed: 0.2 km/h | Pos: (232.6, 195.2, 0.0) | Dist: 0.09m | Reward: 0.011 | Collisions: 0 | Waypoints: 2/31
2026-05-04 19:26:41,144 - carla_training - INFO - Step 660 | Speed: 0.0 km/h | Pos: (232.6, 195.2, 0.0) | Dist: 0.09m | Reward: 0.000 | Collisions: 0 | Waypoints: 2/31
2026-05-04 19:26:46,642 - carla_training - INFO - Step 670 | Speed: 0.6 km/h | Pos: (232.6, 195.2, 0.0) | Dist: 0.09m | Reward: 0.029 | Collisions: 0 | Waypoints: 2/31
2026-05-04 19:26:52,116 - carla_training - INFO - Step 680 | Speed: 0.2 km/h | Pos: (232.6, 195.2, 0.0) | Dist: 0.09m | Reward: 0.010 | Collisions: 0 | Waypoints: 2/31
2026-05-04 19:26:57,597 - carla_training - INFO - Step 690 | Speed: 0.0 km/h | Pos: (232.6, 195.2, 0.0) | Dist: 0.09m | Reward: 0.000 | Collisions: 0 | Waypoints: 2/31
2026-05-04 19:27:03,082 - carla_training - INFO - Step 700 | Speed: 0.1 km/h | Pos: (232.5, 195.2, 0.0) | Dist: 0.09m | Reward: 0.005 | Collisions: 0 | Waypoints: 2/31
2026-05-04 19:27:08,530 - carla_training - INFO - Step 710 | Speed: 1.1 km/h | Pos: (232.5, 195.2, 0.0) | Dist: 0.09m | Reward: 0.042 | Collisions: 0 | Waypoints: 2/31
2026-05-04 19:27:13,973 - carla_training - INFO - Step 720 | Speed: 0.0 km/h | Pos: (232.5, 195.2, 0.0) | Dist: 0.09m | Reward: 0.000 | Collisions: 0 | Waypoints: 2/31
2026-05-04 19:27:19,421 - carla_training - INFO - Step 730 | Speed: 0.0 km/h | Pos: (232.4, 195.2, 0.0) | Dist: 0.09m | Reward: 0.000 | Collisions: 0 | Waypoints: 2/31
2026-05-04 19:27:24,877 - carla_training - INFO - Step 740 | Speed: 0.0 km/h | Pos: (232.4, 195.2, 0.0) | Dist: 0.09m | Reward: 0.000 | Collisions: 0 | Waypoints: 2/31
2026-05-04 19:27:30,367 - carla_training - INFO - Step 750 | Speed: 0.3 km/h | Pos: (232.4, 195.2, 0.0) | Dist: 0.09m | Reward: 0.011 | Collisions: 0 | Waypoints: 2/31
2026-05-04 19:27:35,801 - carla_training - INFO - Step 760 | Speed: 0.1 km/h | Pos: (232.4, 195.2, 0.0) | Dist: 0.09m | Reward: 0.001 | Collisions: 0 | Waypoints: 2/31
2026-05-04 19:27:41,236 - carla_training - INFO - Step 770 | Speed: 0.3 km/h | Pos: (232.4, 195.2, 0.0) | Dist: 0.09m | Reward: 0.018 | Collisions: 0 | Waypoints: 2/31
2026-05-04 19:27:46,722 - carla_training - INFO - Step 780 | Speed: 0.1 km/h | Pos: (232.3, 195.2, 0.0) | Dist: 0.09m | Reward: 0.003 | Collisions: 0 | Waypoints: 2/31
2026-05-04 19:27:52,192 - carla_training - INFO - Step 790 | Speed: 0.0 km/h | Pos: (232.3, 195.2, 0.0) | Dist: 0.09m | Reward: 0.000 | Collisions: 0 | Waypoints: 2/31
2026-05-04 19:27:57,676 - carla_training - INFO - Step 800 | Speed: 0.0 km/h | Pos: (232.3, 195.2, 0.0) | Dist: 0.09m | Reward: 0.000 | Collisions: 0 | Waypoints: 2/31
2026-05-04 19:28:03,136 - carla_training - INFO - Step 810 | Speed: 0.8 km/h | Pos: (232.3, 195.2, 0.0) | Dist: 0.09m | Reward: 0.034 | Collisions: 0 | Waypoints: 2/31
2026-05-04 19:28:08,637 - carla_training - INFO - Step 820 | Speed: 0.0 km/h | Pos: (232.3, 195.2, 0.0) | Dist: 0.09m | Reward: 0.000 | Collisions: 0 | Waypoints: 2/31
2026-05-04 19:28:14,153 - carla_training - INFO - Step 830 | Speed: 0.6 km/h | Pos: (232.2, 195.2, 0.0) | Dist: 0.09m | Reward: 0.030 | Collisions: 0 | Waypoints: 2/31
2026-05-04 19:28:19,658 - carla_training - INFO - Step 840 | Speed: 0.0 km/h | Pos: (232.1, 195.2, 0.0) | Dist: 0.08m | Reward: 0.000 | Collisions: 0 | Waypoints: 2/31
2026-05-04 19:28:25,171 - carla_training - INFO - Step 850 | Speed: 0.0 km/h | Pos: (232.1, 195.2, 0.0) | Dist: 0.08m | Reward: 0.000 | Collisions: 0 | Waypoints: 2/31
2026-05-04 19:28:30,682 - carla_training - INFO - Step 860 | Speed: 0.0 km/h | Pos: (232.1, 195.2, 0.0) | Dist: 0.07m | Reward: 0.000 | Collisions: 0 | Waypoints: 2/31
2026-05-04 19:28:36,188 - carla_training - INFO - Step 870 | Speed: 2.6 km/h | Pos: (231.9, 195.2, 0.0) | Dist: 0.06m | Reward: 0.022 | Collisions: 0 | Waypoints: 2/31
2026-05-04 19:28:41,716 - carla_training - INFO - Step 880 | Speed: 0.3 km/h | Pos: (231.9, 195.2, 0.0) | Dist: 0.05m | Reward: 0.021 | Collisions: 0 | Waypoints: 2/31
2026-05-04 19:28:47,238 - carla_training - INFO - Step 890 | Speed: 0.0 km/h | Pos: (231.8, 195.2, 0.0) | Dist: 0.05m | Reward: 0.000 | Collisions: 0 | Waypoints: 2/31
2026-05-04 19:28:52,802 - carla_training - INFO - Step 900 | Speed: 0.0 km/h | Pos: (231.8, 195.2, 0.0) | Dist: 0.05m | Reward: 0.000 | Collisions: 0 | Waypoints: 2/31
2026-05-04 19:28:58,361 - carla_training - INFO - Step 910 | Speed: 1.1 km/h | Pos: (231.8, 195.2, 0.0) | Dist: 0.04m | Reward: 0.071 | Collisions: 0 | Waypoints: 2/31
2026-05-04 19:29:03,917 - carla_training - INFO - Step 920 | Speed: 0.2 km/h | Pos: (231.7, 195.2, 0.0) | Dist: 0.04m | Reward: 0.006 | Collisions: 0 | Waypoints: 2/31
2026-05-04 19:29:09,433 - carla_training - INFO - Step 930 | Speed: 0.0 km/h | Pos: (231.7, 195.2, 0.0) | Dist: 0.04m | Reward: 0.000 | Collisions: 0 | Waypoints: 2/31
2026-05-04 19:29:09,433 - carla_training - INFO - 
Training speed: 1 fps | Total steps: 8000
2026-05-04 19:29:14,958 - carla_training - INFO - Step 940 | Speed: 0.4 km/h | Pos: (231.7, 195.2, 0.0) | Dist: 0.04m | Reward: 0.023 | Collisions: 0 | Waypoints: 3/31
2026-05-04 19:29:20,476 - carla_training - INFO - Step 950 | Speed: 0.0 km/h | Pos: (231.7, 195.2, 0.0) | Dist: 0.04m | Reward: 0.002 | Collisions: 0 | Waypoints: 3/31
2026-05-04 19:29:25,998 - carla_training - INFO - Step 960 | Speed: 0.0 km/h | Pos: (231.7, 195.2, 0.0) | Dist: 0.04m | Reward: 0.000 | Collisions: 0 | Waypoints: 3/31
2026-05-04 19:29:31,486 - carla_training - INFO - Step 970 | Speed: 0.0 km/h | Pos: (231.7, 195.2, 0.0) | Dist: 0.04m | Reward: 0.000 | Collisions: 0 | Waypoints: 3/31
2026-05-04 19:29:36,998 - carla_training - INFO - Step 980 | Speed: 0.0 km/h | Pos: (231.6, 195.2, 0.0) | Dist: 0.04m | Reward: 0.000 | Collisions: 0 | Waypoints: 3/31
2026-05-04 19:29:42,502 - carla_training - INFO - Step 990 | Speed: 0.5 km/h | Pos: (231.6, 195.2, 0.0) | Dist: 0.04m | Reward: 0.023 | Collisions: 0 | Waypoints: 3/31
2026-05-04 19:29:47,976 - carla_training - INFO - Step 1000 | Speed: 0.0 km/h | Pos: (231.6, 195.2, 0.0) | Dist: 0.04m | Reward: 0.000 | Collisions: 0 | Waypoints: 3/31
2026-05-04 19:29:53,423 - carla_training - INFO - Step 1010 | Speed: 0.0 km/h | Pos: (231.6, 195.2, 0.0) | Dist: 0.04m | Reward: 0.000 | Collisions: 0 | Waypoints: 3/31
2026-05-04 19:29:58,939 - carla_training - INFO - Step 1020 | Speed: 0.0 km/h | Pos: (231.6, 195.2, 0.0) | Dist: 0.03m | Reward: 0.000 | Collisions: 0 | Waypoints: 3/31
2026-05-04 19:30:04,422 - carla_training - INFO - Step 1030 | Speed: 0.0 km/h | Pos: (231.6, 195.2, 0.0) | Dist: 0.03m | Reward: 0.000 | Collisions: 0 | Waypoints: 3/31
2026-05-04 19:30:09,935 - carla_training - INFO - Step 1040 | Speed: 0.0 km/h | Pos: (231.5, 195.2, 0.0) | Dist: 0.03m | Reward: 0.000 | Collisions: 0 | Waypoints: 3/31
2026-05-04 19:30:15,451 - carla_training - INFO - Step 1050 | Speed: 0.0 km/h | Pos: (231.5, 195.2, 0.0) | Dist: 0.03m | Reward: 0.000 | Collisions: 0 | Waypoints: 3/31
2026-05-04 19:30:20,950 - carla_training - INFO - Step 1060 | Speed: 0.0 km/h | Pos: (231.5, 195.2, 0.0) | Dist: 0.03m | Reward: 0.000 | Collisions: 0 | Waypoints: 3/31
2026-05-04 19:30:26,487 - carla_training - INFO - Step 1070 | Speed: 0.0 km/h | Pos: (231.5, 195.2, 0.0) | Dist: 0.03m | Reward: 0.000 | Collisions: 0 | Waypoints: 3/31
2026-05-04 19:30:31,993 - carla_training - INFO - Step 1080 | Speed: 0.0 km/h | Pos: (231.5, 195.2, 0.0) | Dist: 0.03m | Reward: 0.000 | Collisions: 0 | Waypoints: 3/31
2026-05-04 19:30:37,503 - carla_training - INFO - Step 1090 | Speed: 0.0 km/h | Pos: (231.5, 195.2, 0.0) | Dist: 0.02m | Reward: 0.000 | Collisions: 0 | Waypoints: 3/31
2026-05-04 19:30:43,030 - carla_training - INFO - Step 1100 | Speed: 0.6 km/h | Pos: (231.5, 195.2, 0.0) | Dist: 0.02m | Reward: 0.030 | Collisions: 0 | Waypoints: 3/31
2026-05-04 19:30:48,529 - carla_training - INFO - Step 1110 | Speed: 0.0 km/h | Pos: (231.5, 195.2, 0.0) | Dist: 0.02m | Reward: 0.000 | Collisions: 0 | Waypoints: 3/31
2026-05-04 19:30:54,039 - carla_training - INFO - Step 1120 | Speed: 0.0 km/h | Pos: (231.4, 195.2, 0.0) | Dist: 0.02m | Reward: 0.000 | Collisions: 0 | Waypoints: 3/31
2026-05-04 19:31:00,326 - carla_training - INFO - Step 1130 | Speed: 0.1 km/h | Pos: (231.4, 195.2, 0.0) | Dist: 0.02m | Reward: 0.004 | Collisions: 0 | Waypoints: 3/31
2026-05-04 19:31:06,832 - carla_training - INFO - Step 1140 | Speed: 0.0 km/h | Pos: (231.4, 195.2, 0.0) | Dist: 0.02m | Reward: 0.000 | Collisions: 0 | Waypoints: 3/31
2026-05-04 19:31:13,317 - carla_training - INFO - Step 1150 | Speed: 0.0 km/h | Pos: (231.3, 195.2, 0.0) | Dist: 0.01m | Reward: 0.000 | Collisions: 0 | Waypoints: 3/31
2026-05-04 19:31:18,523 - carla_training - INFO - Step 1160 | Speed: 0.0 km/h | Pos: (231.3, 195.2, 0.0) | Dist: 0.00m | Reward: 0.000 | Collisions: 0 | Waypoints: 3/31
2026-05-04 19:31:23,337 - carla_training - INFO - Step 1170 | Speed: 0.0 km/h | Pos: (231.2, 195.1, 0.0) | Dist: 0.01m | Reward: 0.000 | Collisions: 0 | Waypoints: 3/31
2026-05-04 19:31:28,685 - carla_training - INFO - Step 1180 | Speed: 0.0 km/h | Pos: (231.2, 195.1, 0.0) | Dist: 0.02m | Reward: 0.000 | Collisions: 0 | Waypoints: 3/31
2026-05-04 19:31:35,018 - carla_training - INFO - Step 1190 | Speed: 0.4 km/h | Pos: (231.2, 195.1, 0.0) | Dist: 0.02m | Reward: 0.012 | Collisions: 0 | Waypoints: 3/31
2026-05-04 19:31:40,885 - carla_training - INFO - Step 1200 | Speed: 0.0 km/h | Pos: (231.1, 195.1, 0.0) | Dist: 0.02m | Reward: 0.000 | Collisions: 0 | Waypoints: 3/31
2026-05-04 19:31:46,421 - carla_training - INFO - Step 1210 | Speed: 0.0 km/h | Pos: (231.1, 195.1, 0.0) | Dist: 0.02m | Reward: 0.000 | Collisions: 0 | Waypoints: 3/31
2026-05-04 19:31:50,628 - carla_training - INFO - Step 1220 | Speed: 0.0 km/h | Pos: (231.1, 195.1, 0.0) | Dist: 0.02m | Reward: 0.000 | Collisions: 0 | Waypoints: 3/31
2026-05-04 19:31:55,301 - carla_training - INFO - Step 1230 | Speed: 0.0 km/h | Pos: (231.1, 195.1, 0.0) | Dist: 0.02m | Reward: 0.000 | Collisions: 0 | Waypoints: 3/31
2026-05-04 19:32:00,920 - carla_training - INFO - Step 1240 | Speed: 0.7 km/h | Pos: (231.1, 195.1, 0.0) | Dist: 0.02m | Reward: 0.026 | Collisions: 0 | Waypoints: 3/31
2026-05-04 19:32:06,153 - carla_training - INFO - Step 1250 | Speed: 0.5 km/h | Pos: (231.0, 195.1, 0.0) | Dist: 0.02m | Reward: 0.017 | Collisions: 0 | Waypoints: 3/31
2026-05-04 19:32:11,415 - carla_training - INFO - Step 1260 | Speed: 0.5 km/h | Pos: (231.0, 195.1, 0.0) | Dist: 0.03m | Reward: 0.012 | Collisions: 0 | Waypoints: 3/31
2026-05-04 19:32:16,683 - carla_training - INFO - Step 1270 | Speed: 0.0 km/h | Pos: (231.0, 195.1, 0.0) | Dist: 0.03m | Reward: 0.000 | Collisions: 0 | Waypoints: 3/31
2026-05-04 19:32:21,973 - carla_training - INFO - Step 1280 | Speed: 0.7 km/h | Pos: (230.9, 195.1, 0.0) | Dist: 0.03m | Reward: 0.037 | Collisions: 0 | Waypoints: 3/31
2026-05-04 19:32:27,192 - carla_training - INFO - Step 1290 | Speed: 1.5 km/h | Pos: (230.9, 195.1, 0.0) | Dist: 0.04m | Reward: 0.055 | Collisions: 0 | Waypoints: 3/31
2026-05-04 19:32:32,426 - carla_training - INFO - Step 1300 | Speed: 0.1 km/h | Pos: (230.8, 195.1, 0.0) | Dist: 0.04m | Reward: 0.004 | Collisions: 0 | Waypoints: 3/31
2026-05-04 19:32:37,667 - carla_training - INFO - Step 1310 | Speed: 0.1 km/h | Pos: (230.8, 195.1, 0.0) | Dist: 0.04m | Reward: 0.000 | Collisions: 0 | Waypoints: 3/31
2026-05-04 19:32:42,866 - carla_training - INFO - Step 1320 | Speed: 0.3 km/h | Pos: (230.8, 195.1, 0.0) | Dist: 0.05m | Reward: 0.000 | Collisions: 0 | Waypoints: 3/31
2026-05-04 19:32:48,101 - carla_training - INFO - Step 1330 | Speed: 0.7 km/h | Pos: (230.8, 195.1, 0.0) | Dist: 0.05m | Reward: 0.037 | Collisions: 0 | Waypoints: 3/31
2026-05-04 19:32:53,320 - carla_training - INFO - Step 1340 | Speed: 0.0 km/h | Pos: (230.8, 195.1, 0.0) | Dist: 0.05m | Reward: 0.000 | Collisions: 0 | Waypoints: 3/31
2026-05-04 19:32:58,579 - carla_training - INFO - Step 1350 | Speed: 0.0 km/h | Pos: (230.7, 195.1, 0.0) | Dist: 0.05m | Reward: 0.000 | Collisions: 0 | Waypoints: 3/31
2026-05-04 19:33:03,845 - carla_training - INFO - Step 1360 | Speed: 0.0 km/h | Pos: (230.7, 195.1, 0.0) | Dist: 0.05m | Reward: 0.000 | Collisions: 0 | Waypoints: 3/31
2026-05-04 19:33:09,127 - carla_training - INFO - Step 1370 | Speed: 0.5 km/h | Pos: (230.7, 195.1, 0.0) | Dist: 0.05m | Reward: 0.000 | Collisions: 0 | Waypoints: 3/31
2026-05-04 19:33:14,393 - carla_training - INFO - Step 1380 | Speed: 0.3 km/h | Pos: (230.7, 195.1, 0.0) | Dist: 0.06m | Reward: 0.010 | Collisions: 0 | Waypoints: 3/31
2026-05-04 19:33:19,614 - carla_training - INFO - Step 1390 | Speed: 0.1 km/h | Pos: (230.7, 195.1, 0.0) | Dist: 0.07m | Reward: 0.000 | Collisions: 0 | Waypoints: 3/31
2026-05-04 19:33:24,857 - carla_training - INFO - Step 1400 | Speed: 0.0 km/h | Pos: (230.7, 195.1, 0.0) | Dist: 0.07m | Reward: 0.000 | Collisions: 0 | Waypoints: 3/31
2026-05-04 19:33:30,094 - carla_training - INFO - Step 1410 | Speed: 1.5 km/h | Pos: (230.6, 195.1, 0.0) | Dist: 0.07m | Reward: 0.059 | Collisions: 0 | Waypoints: 3/31
2026-05-04 19:33:35,330 - carla_training - INFO - Step 1420 | Speed: 0.0 km/h | Pos: (230.6, 195.1, 0.0) | Dist: 0.07m | Reward: 0.000 | Collisions: 0 | Waypoints: 3/31
2026-05-04 19:33:40,582 - carla_training - INFO - Step 1430 | Speed: 0.0 km/h | Pos: (230.6, 195.1, 0.0) | Dist: 0.07m | Reward: 0.000 | Collisions: 0 | Waypoints: 3/31
2026-05-04 19:33:45,807 - carla_training - INFO - Step 1440 | Speed: 0.0 km/h | Pos: (230.6, 195.1, 0.0) | Dist: 0.07m | Reward: 0.000 | Collisions: 0 | Waypoints: 3/31
2026-05-04 19:33:51,067 - carla_training - INFO - Step 1450 | Speed: 0.0 km/h | Pos: (230.6, 195.1, 0.0) | Dist: 0.07m | Reward: 0.000 | Collisions: 0 | Waypoints: 3/31
2026-05-04 19:33:56,332 - carla_training - INFO - Step 1460 | Speed: 0.0 km/h | Pos: (230.5, 195.1, 0.0) | Dist: 0.07m | Reward: 0.000 | Collisions: 0 | Waypoints: 3/31
2026-05-04 19:34:01,566 - carla_training - INFO - Step 1470 | Speed: 0.0 km/h | Pos: (230.5, 195.1, 0.0) | Dist: 0.07m | Reward: 0.000 | Collisions: 0 | Waypoints: 3/31
2026-05-04 19:34:06,814 - carla_training - INFO - Step 1480 | Speed: 0.0 km/h | Pos: (230.4, 195.1, 0.0) | Dist: 0.07m | Reward: 0.000 | Collisions: 0 | Waypoints: 3/31
2026-05-04 19:34:12,074 - carla_training - INFO - Step 1490 | Speed: 0.9 km/h | Pos: (230.4, 195.1, 0.0) | Dist: 0.07m | Reward: 0.054 | Collisions: 0 | Waypoints: 3/31
2026-05-04 19:34:17,314 - carla_training - INFO - Step 1500 | Speed: 0.7 km/h | Pos: (230.4, 195.1, 0.0) | Dist: 0.07m | Reward: 0.032 | Collisions: 0 | Waypoints: 3/31
2026-05-04 19:34:22,588 - carla_training - INFO - Step 1510 | Speed: 0.0 km/h | Pos: (230.4, 195.1, 0.0) | Dist: 0.07m | Reward: 0.000 | Collisions: 0 | Waypoints: 3/31
2026-05-04 19:34:27,809 - carla_training - INFO - Step 1520 | Speed: 0.1 km/h | Pos: (230.4, 195.1, 0.0) | Dist: 0.07m | Reward: 0.004 | Collisions: 0 | Waypoints: 3/31
2026-05-04 19:34:33,009 - carla_training - INFO - Step 1530 | Speed: 1.3 km/h | Pos: (230.3, 195.1, 0.0) | Dist: 0.07m | Reward: 0.076 | Collisions: 0 | Waypoints: 3/31
2026-05-04 19:34:38,250 - carla_training - INFO - Step 1540 | Speed: 0.0 km/h | Pos: (230.3, 195.1, 0.0) | Dist: 0.08m | Reward: 0.000 | Collisions: 0 | Waypoints: 3/31
2026-05-04 19:34:43,486 - carla_training - INFO - Step 1550 | Speed: 1.9 km/h | Pos: (230.3, 195.1, 0.0) | Dist: 0.08m | Reward: 0.078 | Collisions: 0 | Waypoints: 3/31
2026-05-04 19:34:48,724 - carla_training - INFO - Step 1560 | Speed: 1.1 km/h | Pos: (230.0, 195.0, 0.0) | Dist: 0.11m | Reward: 0.057 | Collisions: 0 | Waypoints: 3/31
2026-05-04 19:34:53,965 - carla_training - INFO - Step 1570 | Speed: 0.0 km/h | Pos: (230.0, 195.0, 0.0) | Dist: 0.11m | Reward: 0.000 | Collisions: 0 | Waypoints: 3/31
2026-05-04 19:34:59,180 - carla_training - INFO - Step 1580 | Speed: 0.0 km/h | Pos: (230.0, 195.0, 0.0) | Dist: 0.11m | Reward: 0.000 | Collisions: 0 | Waypoints: 3/31
2026-05-04 19:35:04,408 - carla_training - INFO - Step 1590 | Speed: 0.0 km/h | Pos: (230.0, 195.0, 0.0) | Dist: 0.11m | Reward: 0.000 | Collisions: 0 | Waypoints: 3/31
2026-05-04 19:35:09,650 - carla_training - INFO - Step 1600 | Speed: 0.0 km/h | Pos: (230.0, 195.0, 0.0) | Dist: 0.12m | Reward: 0.000 | Collisions: 0 | Waypoints: 3/31
2026-05-04 19:35:14,900 - carla_training - INFO - Step 1610 | Speed: 0.7 km/h | Pos: (230.0, 195.0, 0.0) | Dist: 0.12m | Reward: 0.022 | Collisions: 0 | Waypoints: 3/31
2026-05-04 19:35:20,141 - carla_training - INFO - Step 1620 | Speed: 0.0 km/h | Pos: (230.0, 195.0, 0.0) | Dist: 0.12m | Reward: 0.000 | Collisions: 0 | Waypoints: 3/31
2026-05-04 19:35:25,403 - carla_training - INFO - Step 1630 | Speed: 0.0 km/h | Pos: (229.9, 195.0, 0.0) | Dist: 0.12m | Reward: 0.000 | Collisions: 0 | Waypoints: 3/31
2026-05-04 19:35:32,390 - carla_training - INFO - Step 1640 | Speed: 0.0 km/h | Pos: (229.9, 195.0, 0.0) | Dist: 0.12m | Reward: 0.000 | Collisions: 0 | Waypoints: 3/31
2026-05-04 19:35:38,521 - carla_training - INFO - Step 1650 | Speed: 0.0 km/h | Pos: (229.9, 195.0, 0.0) | Dist: 0.12m | Reward: 0.000 | Collisions: 0 | Waypoints: 3/31
2026-05-04 19:35:44,499 - carla_training - INFO - Step 1660 | Speed: 0.0 km/h | Pos: (229.9, 195.0, 0.0) | Dist: 0.12m | Reward: 0.000 | Collisions: 0 | Waypoints: 3/31
2026-05-04 19:35:51,430 - carla_training - INFO - Step 1670 | Speed: 0.0 km/h | Pos: (229.9, 195.0, 0.0) | Dist: 0.12m | Reward: 0.000 | Collisions: 0 | Waypoints: 3/31
2026-05-04 19:35:56,181 - carla_training - INFO - Step 1680 | Speed: 0.0 km/h | Pos: (229.9, 195.0, 0.0) | Dist: 0.12m | Reward: 0.000 | Collisions: 0 | Waypoints: 3/31
2026-05-04 19:36:02,305 - carla_training - INFO - Step 1690 | Speed: 0.3 km/h | Pos: (229.9, 195.0, 0.0) | Dist: 0.12m | Reward: 0.001 | Collisions: 0 | Waypoints: 3/31
2026-05-04 19:36:08,407 - carla_training - INFO - Step 1700 | Speed: 0.0 km/h | Pos: (229.9, 195.0, 0.0) | Dist: 0.13m | Reward: 0.000 | Collisions: 0 | Waypoints: 3/31
2026-05-04 19:36:14,514 - carla_training - INFO - Step 1710 | Speed: 0.1 km/h | Pos: (229.9, 195.0, 0.0) | Dist: 0.13m | Reward: 0.001 | Collisions: 0 | Waypoints: 3/31
2026-05-04 19:36:20,591 - carla_training - INFO - Step 1720 | Speed: 0.0 km/h | Pos: (229.9, 195.0, 0.0) | Dist: 0.13m | Reward: 0.000 | Collisions: 0 | Waypoints: 3/31
2026-05-04 19:36:26,674 - carla_training - INFO - Step 1730 | Speed: 0.3 km/h | Pos: (229.9, 195.0, 0.0) | Dist: 0.13m | Reward: 0.000 | Collisions: 0 | Waypoints: 3/31
2026-05-04 19:36:32,764 - carla_training - INFO - Step 1740 | Speed: 0.0 km/h | Pos: (229.9, 195.0, 0.0) | Dist: 0.13m | Reward: 0.000 | Collisions: 0 | Waypoints: 3/31
2026-05-04 19:36:38,864 - carla_training - INFO - Step 1750 | Speed: 0.0 km/h | Pos: (229.8, 195.0, 0.0) | Dist: 0.13m | Reward: 0.000 | Collisions: 0 | Waypoints: 3/31
2026-05-04 19:36:44,926 - carla_training - INFO - Step 1760 | Speed: 1.4 km/h | Pos: (229.8, 195.0, 0.0) | Dist: 0.14m | Reward: 0.079 | Collisions: 0 | Waypoints: 3/31
2026-05-04 19:36:49,727 - carla_training - INFO - Step 1770 | Speed: 0.0 km/h | Pos: (229.8, 195.0, 0.0) | Dist: 0.14m | Reward: 0.000 | Collisions: 0 | Waypoints: 3/31
2026-05-04 19:36:54,077 - carla_training - INFO - Step 1780 | Speed: 0.0 km/h | Pos: (229.8, 195.0, 0.0) | Dist: 0.14m | Reward: 0.000 | Collisions: 0 | Waypoints: 3/31
2026-05-04 19:36:59,822 - carla_training - INFO - Step 1790 | Speed: 0.4 km/h | Pos: (229.8, 195.0, 0.0) | Dist: 0.14m | Reward: 0.014 | Collisions: 0 | Waypoints: 3/31
2026-05-04 19:37:05,503 - carla_training - INFO - Step 1800 | Speed: 0.0 km/h | Pos: (229.7, 195.0, 0.0) | Dist: 0.14m | Reward: 0.000 | Collisions: 0 | Waypoints: 3/31
2026-05-04 19:37:09,619 - carla_training - INFO - Step 1810 | Speed: 0.0 km/h | Pos: (229.7, 195.0, 0.0) | Dist: 0.14m | Reward: 0.000 | Collisions: 0 | Waypoints: 3/31
2026-05-04 19:37:14,577 - carla_training - INFO - Step 1820 | Speed: 0.0 km/h | Pos: (229.7, 195.0, 0.0) | Dist: 0.14m | Reward: 0.001 | Collisions: 0 | Waypoints: 4/31
2026-05-04 19:37:19,564 - carla_training - INFO - Step 1830 | Speed: 0.7 km/h | Pos: (229.7, 195.0, 0.0) | Dist: 0.14m | Reward: 0.024 | Collisions: 0 | Waypoints: 4/31
2026-05-04 19:37:24,524 - carla_training - INFO - Step 1840 | Speed: 0.0 km/h | Pos: (229.6, 195.0, 0.0) | Dist: 0.14m | Reward: 0.000 | Collisions: 0 | Waypoints: 4/31
2026-05-04 19:37:29,509 - carla_training - INFO - Step 1850 | Speed: 0.1 km/h | Pos: (229.6, 195.0, 0.0) | Dist: 0.14m | Reward: 0.000 | Collisions: 0 | Waypoints: 4/31
2026-05-04 19:37:34,498 - carla_training - INFO - Step 1860 | Speed: 0.4 km/h | Pos: (229.6, 195.0, 0.0) | Dist: 0.15m | Reward: 0.014 | Collisions: 0 | Waypoints: 4/31
2026-05-04 19:37:39,459 - carla_training - INFO - Step 1870 | Speed: 0.3 km/h | Pos: (229.5, 195.0, 0.0) | Dist: 0.15m | Reward: 0.012 | Collisions: 0 | Waypoints: 4/31
2026-05-04 19:37:44,446 - carla_training - INFO - Step 1880 | Speed: 0.1 km/h | Pos: (229.5, 195.0, 0.0) | Dist: 0.15m | Reward: 0.000 | Collisions: 0 | Waypoints: 4/31
2026-05-04 19:37:49,808 - carla_training - INFO - Step 1890 | Speed: 0.0 km/h | Pos: (229.5, 195.0, 0.0) | Dist: 0.15m | Reward: 0.000 | Collisions: 0 | Waypoints: 4/31
2026-05-04 19:37:56,640 - carla_training - INFO - Step 1900 | Speed: 0.0 km/h | Pos: (229.5, 195.0, 0.0) | Dist: 0.15m | Reward: 0.000 | Collisions: 0 | Waypoints: 4/31
2026-05-04 19:38:01,655 - carla_training - INFO - Step 1910 | Speed: 0.0 km/h | Pos: (229.5, 195.0, 0.0) | Dist: 0.15m | Reward: 0.000 | Collisions: 0 | Waypoints: 4/31
2026-05-04 19:38:07,342 - carla_training - INFO - Step 1920 | Speed: 0.0 km/h | Pos: (229.5, 195.0, 0.0) | Dist: 0.15m | Reward: 0.000 | Collisions: 0 | Waypoints: 4/31
2026-05-04 19:38:13,074 - carla_training - INFO - Step 1930 | Speed: 0.4 km/h | Pos: (229.5, 195.0, 0.0) | Dist: 0.15m | Reward: 0.008 | Collisions: 0 | Waypoints: 4/31
2026-05-04 19:38:13,076 - carla_training - INFO - 
Training speed: 1 fps | Total steps: 9000
2026-05-04 19:38:18,817 - carla_training - INFO - Step 1940 | Speed: 0.0 km/h | Pos: (229.5, 195.0, 0.0) | Dist: 0.16m | Reward: 0.000 | Collisions: 0 | Waypoints: 4/31
2026-05-04 19:38:24,498 - carla_training - INFO - Step 1950 | Speed: 0.0 km/h | Pos: (229.5, 195.0, 0.0) | Dist: 0.16m | Reward: 0.000 | Collisions: 0 | Waypoints: 4/31
2026-05-04 19:38:30,207 - carla_training - INFO - Step 1960 | Speed: 0.3 km/h | Pos: (229.4, 195.0, 0.0) | Dist: 0.16m | Reward: 0.009 | Collisions: 0 | Waypoints: 4/31
2026-05-04 19:38:35,987 - carla_training - INFO - Step 1970 | Speed: 0.5 km/h | Pos: (229.4, 195.0, 0.0) | Dist: 0.16m | Reward: 0.013 | Collisions: 0 | Waypoints: 4/31
2026-05-04 19:38:41,757 - carla_training - INFO - Step 1980 | Speed: 0.0 km/h | Pos: (229.4, 195.0, 0.0) | Dist: 0.17m | Reward: 0.000 | Collisions: 0 | Waypoints: 4/31
2026-05-04 19:38:47,545 - carla_training - INFO - Step 1990 | Speed: 0.2 km/h | Pos: (229.4, 195.0, 0.0) | Dist: 0.17m | Reward: 0.008 | Collisions: 0 | Waypoints: 4/31
2026-05-04 19:38:53,295 - carla_training - INFO - Step 2000 | Speed: 0.0 km/h | Pos: (229.4, 195.0, 0.0) | Dist: 0.17m | Reward: 0.000 | Collisions: 0 | Waypoints: 4/31
2026-05-04 19:38:53,297 - carla_training - INFO - 
============================================================
2026-05-04 19:38:53,297 - carla_training - INFO - Episode 14 Summary:
2026-05-04 19:38:53,297 - carla_training - INFO -   Termination Reason: TIMEOUT (Steps: 2000/2000)
2026-05-04 19:38:53,297 - carla_training - INFO -   Total Reward: 19.75
2026-05-04 19:38:53,297 - carla_training - INFO -   Steps: 2000
2026-05-04 19:38:53,297 - carla_training - INFO -   Duration: 1104.10 seconds
2026-05-04 19:38:53,297 - carla_training - INFO -   Average Speed: 0.23 km/h
2026-05-04 19:38:53,297 - carla_training - INFO -   Max Speed: 5.31 km/h
2026-05-04 19:38:53,297 - carla_training - INFO -   Total Distance: 5.47 meters
2026-05-04 19:38:53,297 - carla_training - INFO -   Average Lane Deviation: 0.10 meters
2026-05-04 19:38:53,297 - carla_training - INFO -   Waypoints Reached: 4
2026-05-04 19:38:53,297 - carla_training - INFO - ============================================================

2026-05-04 19:38:53,360 - carla_training - INFO - 🚗 Vehicle spawned and stabilized!
2026-05-04 19:38:53,372 - carla_training - INFO - ✅ Generated 32 waypoints for navigation
2026-05-04 19:38:53,372 - carla_training - INFO -    Complexity: 0 junctions, 0 turns (0.0% turn rate)
2026-05-04 19:38:59,296 - carla_training - INFO - Step 10 | Speed: 0.0 km/h | Pos: (234.7, 195.3, 0.0) | Dist: 0.12m | Reward: 0.000 | Collisions: 0 | Waypoints: 1/32
2026-05-04 19:39:04,747 - carla_training - INFO - Step 20 | Speed: 0.0 km/h | Pos: (234.7, 195.3, 0.0) | Dist: 0.12m | Reward: 0.000 | Collisions: 0 | Waypoints: 1/32
2026-05-04 19:39:10,840 - carla_training - INFO - Step 30 | Speed: 5.5 km/h | Pos: (234.6, 195.3, 0.0) | Dist: 0.11m | Reward: 0.335 | Collisions: 0 | Waypoints: 1/32
2026-05-04 19:39:16,834 - carla_training - INFO - Step 40 | Speed: 7.5 km/h | Pos: (233.6, 195.2, 0.0) | Dist: 0.04m | Reward: 0.221 | Collisions: 0 | Waypoints: 2/32
2026-05-04 19:39:22,940 - carla_training - INFO - Step 50 | Speed: 0.0 km/h | Pos: (232.9, 195.1, 0.0) | Dist: 0.03m | Reward: 0.000 | Collisions: 0 | Waypoints: 2/32
2026-05-04 19:39:29,030 - carla_training - INFO - Step 60 | Speed: 0.3 km/h | Pos: (232.9, 195.1, 0.0) | Dist: 0.03m | Reward: 0.012 | Collisions: 0 | Waypoints: 2/32
2026-05-04 19:39:35,150 - carla_training - INFO - Step 70 | Speed: 0.0 km/h | Pos: (232.9, 195.1, 0.0) | Dist: 0.03m | Reward: 0.000 | Collisions: 0 | Waypoints: 2/32
2026-05-04 19:39:41,260 - carla_training - INFO - Step 80 | Speed: 0.0 km/h | Pos: (232.9, 195.1, 0.0) | Dist: 0.02m | Reward: 0.000 | Collisions: 0 | Waypoints: 2/32
2026-05-04 19:39:47,357 - carla_training - INFO - Step 90 | Speed: 0.0 km/h | Pos: (232.9, 195.1, 0.0) | Dist: 0.02m | Reward: 0.000 | Collisions: 0 | Waypoints: 2/32
2026-05-04 19:39:53,430 - carla_training - INFO - Step 100 | Speed: 0.0 km/h | Pos: (232.9, 195.1, 0.0) | Dist: 0.02m | Reward: 0.000 | Collisions: 0 | Waypoints: 2/32
2026-05-04 19:39:59,524 - carla_training - INFO - Step 110 | Speed: 0.0 km/h | Pos: (232.9, 195.1, 0.0) | Dist: 0.02m | Reward: 0.000 | Collisions: 0 | Waypoints: 2/32
2026-05-04 19:40:05,524 - carla_training - INFO - Step 120 | Speed: 1.6 km/h | Pos: (232.9, 195.1, 0.0) | Dist: 0.03m | Reward: 0.099 | Collisions: 0 | Waypoints: 2/32
2026-05-04 19:40:11,604 - carla_training - INFO - Step 130 | Speed: 0.4 km/h | Pos: (232.8, 195.1, 0.0) | Dist: 0.03m | Reward: 0.018 | Collisions: 0 | Waypoints: 2/32
2026-05-04 19:40:17,665 - carla_training - INFO - Step 140 | Speed: 0.0 km/h | Pos: (232.8, 195.1, 0.0) | Dist: 0.03m | Reward: 0.000 | Collisions: 0 | Waypoints: 2/32
2026-05-04 19:40:22,623 - carla_training - INFO - Step 150 | Speed: 0.1 km/h | Pos: (232.8, 195.1, 0.0) | Dist: 0.03m | Reward: 0.005 | Collisions: 0 | Waypoints: 2/32
2026-05-04 19:40:27,975 - carla_training - INFO - Step 160 | Speed: 0.0 km/h | Pos: (232.8, 195.1, 0.0) | Dist: 0.03m | Reward: 0.000 | Collisions: 0 | Waypoints: 2/32
2026-05-04 19:40:33,923 - carla_training - INFO - Step 170 | Speed: 0.0 km/h | Pos: (232.8, 195.1, 0.0) | Dist: 0.03m | Reward: 0.000 | Collisions: 0 | Waypoints: 2/32
2026-05-04 19:40:39,873 - carla_training - INFO - Step 180 | Speed: 0.0 km/h | Pos: (232.8, 195.1, 0.0) | Dist: 0.03m | Reward: 0.000 | Collisions: 0 | Waypoints: 2/32
2026-05-04 19:40:45,752 - carla_training - INFO - Step 190 | Speed: 0.1 km/h | Pos: (232.8, 195.1, 0.0) | Dist: 0.03m | Reward: 0.004 | Collisions: 0 | Waypoints: 2/32
2026-05-04 19:40:51,679 - carla_training - INFO - Step 200 | Speed: 0.0 km/h | Pos: (232.8, 195.1, 0.0) | Dist: 0.03m | Reward: 0.000 | Collisions: 0 | Waypoints: 2/32
2026-05-04 19:40:57,618 - carla_training - INFO - Step 210 | Speed: 0.0 km/h | Pos: (232.8, 195.1, 0.0) | Dist: 0.04m | Reward: 0.000 | Collisions: 0 | Waypoints: 2/32
2026-05-04 19:41:03,547 - carla_training - INFO - Step 220 | Speed: 0.0 km/h | Pos: (232.8, 195.1, 0.0) | Dist: 0.04m | Reward: 0.000 | Collisions: 0 | Waypoints: 2/32
2026-05-04 19:41:08,208 - carla_training - INFO - Step 230 | Speed: 0.0 km/h | Pos: (232.8, 195.1, 0.0) | Dist: 0.04m | Reward: 0.000 | Collisions: 0 | Waypoints: 2/32
2026-05-04 19:41:13,104 - carla_training - INFO - Step 240 | Speed: 0.0 km/h | Pos: (232.7, 195.1, 0.0) | Dist: 0.04m | Reward: 0.000 | Collisions: 0 | Waypoints: 2/32
2026-05-04 19:41:18,023 - carla_training - INFO - Step 250 | Speed: 1.0 km/h | Pos: (232.7, 195.1, 0.0) | Dist: 0.04m | Reward: 0.057 | Collisions: 0 | Waypoints: 2/32
2026-05-04 19:41:22,942 - carla_training - INFO - Step 260 | Speed: 1.3 km/h | Pos: (232.7, 195.1, 0.0) | Dist: 0.05m | Reward: 0.000 | Collisions: 0 | Waypoints: 2/32
2026-05-04 19:41:27,855 - carla_training - INFO - Step 270 | Speed: 0.0 km/h | Pos: (232.7, 195.1, 0.0) | Dist: 0.05m | Reward: 0.000 | Collisions: 0 | Waypoints: 2/32
2026-05-04 19:41:32,734 - carla_training - INFO - Step 280 | Speed: 0.0 km/h | Pos: (232.7, 195.1, 0.0) | Dist: 0.05m | Reward: 0.000 | Collisions: 0 | Waypoints: 2/32
2026-05-04 19:41:37,643 - carla_training - INFO - Step 290 | Speed: 0.0 km/h | Pos: (232.7, 195.1, 0.0) | Dist: 0.06m | Reward: 0.000 | Collisions: 0 | Waypoints: 2/32
2026-05-04 19:41:42,543 - carla_training - INFO - Step 300 | Speed: 0.0 km/h | Pos: (232.6, 195.1, 0.0) | Dist: 0.06m | Reward: 0.000 | Collisions: 0 | Waypoints: 2/32
2026-05-04 19:41:47,460 - carla_training - INFO - Step 310 | Speed: 0.3 km/h | Pos: (232.6, 195.1, 0.0) | Dist: 0.06m | Reward: 0.021 | Collisions: 0 | Waypoints: 2/32
2026-05-04 19:41:52,357 - carla_training - INFO - Step 320 | Speed: 0.0 km/h | Pos: (232.6, 195.1, 0.0) | Dist: 0.05m | Reward: 0.000 | Collisions: 0 | Waypoints: 2/32
2026-05-04 19:41:57,330 - carla_training - INFO - Step 330 | Speed: 0.0 km/h | Pos: (232.6, 195.1, 0.0) | Dist: 0.05m | Reward: 0.000 | Collisions: 0 | Waypoints: 2/32
2026-05-04 19:42:02,839 - carla_training - INFO - Step 340 | Speed: 0.0 km/h | Pos: (232.6, 195.1, 0.0) | Dist: 0.05m | Reward: 0.000 | Collisions: 0 | Waypoints: 2/32
2026-05-04 19:42:08,358 - carla_training - INFO - Step 350 | Speed: 0.0 km/h | Pos: (232.6, 195.1, 0.0) | Dist: 0.05m | Reward: 0.000 | Collisions: 0 | Waypoints: 2/32
2026-05-04 19:42:13,876 - carla_training - INFO - Step 360 | Speed: 0.0 km/h | Pos: (232.6, 195.1, 0.0) | Dist: 0.05m | Reward: 0.000 | Collisions: 0 | Waypoints: 2/32
2026-05-04 19:42:19,389 - carla_training - INFO - Step 370 | Speed: 1.6 km/h | Pos: (232.6, 195.1, 0.0) | Dist: 0.06m | Reward: 0.048 | Collisions: 0 | Waypoints: 2/32
2026-05-04 19:42:24,868 - carla_training - INFO - Step 380 | Speed: 0.0 km/h | Pos: (232.6, 195.1, 0.0) | Dist: 0.06m | Reward: 0.000 | Collisions: 0 | Waypoints: 2/32
2026-05-04 19:42:30,407 - carla_training - INFO - Step 390 | Speed: 0.1 km/h | Pos: (232.6, 195.1, 0.0) | Dist: 0.06m | Reward: 0.000 | Collisions: 0 | Waypoints: 2/32
2026-05-04 19:42:35,960 - carla_training - INFO - Step 400 | Speed: 0.3 km/h | Pos: (232.5, 195.1, 0.0) | Dist: 0.06m | Reward: 0.019 | Collisions: 0 | Waypoints: 2/32
2026-05-04 19:42:41,461 - carla_training - INFO - Step 410 | Speed: 0.0 km/h | Pos: (232.5, 195.1, 0.0) | Dist: 0.06m | Reward: 0.000 | Collisions: 0 | Waypoints: 2/32
2026-05-04 19:42:46,991 - carla_training - INFO - Step 420 | Speed: 0.0 km/h | Pos: (232.5, 195.1, 0.0) | Dist: 0.06m | Reward: 0.000 | Collisions: 0 | Waypoints: 2/32
2026-05-04 19:42:52,492 - carla_training - INFO - Step 430 | Speed: 0.0 km/h | Pos: (232.5, 195.1, 0.0) | Dist: 0.06m | Reward: 0.000 | Collisions: 0 | Waypoints: 2/32
2026-05-04 19:42:57,998 - carla_training - INFO - Step 440 | Speed: 0.1 km/h | Pos: (232.5, 195.1, 0.0) | Dist: 0.06m | Reward: 0.000 | Collisions: 0 | Waypoints: 2/32
2026-05-04 19:43:03,514 - carla_training - INFO - Step 450 | Speed: 0.0 km/h | Pos: (232.5, 195.1, 0.0) | Dist: 0.06m | Reward: 0.000 | Collisions: 0 | Waypoints: 2/32
2026-05-04 19:43:09,017 - carla_training - INFO - Step 460 | Speed: 0.0 km/h | Pos: (232.5, 195.1, 0.0) | Dist: 0.06m | Reward: 0.000 | Collisions: 0 | Waypoints: 2/32
2026-05-04 19:43:14,523 - carla_training - INFO - Step 470 | Speed: 0.0 km/h | Pos: (232.5, 195.1, 0.0) | Dist: 0.06m | Reward: 0.000 | Collisions: 0 | Waypoints: 2/32
2026-05-04 19:43:20,134 - carla_training - INFO - Step 480 | Speed: 1.0 km/h | Pos: (232.5, 195.1, 0.0) | Dist: 0.07m | Reward: 0.000 | Collisions: 0 | Waypoints: 2/32
2026-05-04 19:43:25,624 - carla_training - INFO - Step 490 | Speed: 0.0 km/h | Pos: (232.5, 195.1, 0.0) | Dist: 0.07m | Reward: 0.000 | Collisions: 0 | Waypoints: 2/32
2026-05-04 19:43:31,101 - carla_training - INFO - Step 500 | Speed: 0.3 km/h | Pos: (232.5, 195.1, 0.0) | Dist: 0.07m | Reward: 0.010 | Collisions: 0 | Waypoints: 2/32
2026-05-04 19:43:36,607 - carla_training - INFO - Step 510 | Speed: 0.3 km/h | Pos: (232.5, 195.1, 0.0) | Dist: 0.07m | Reward: 0.019 | Collisions: 0 | Waypoints: 2/32
2026-05-04 19:43:42,084 - carla_training - INFO - Step 520 | Speed: 0.0 km/h | Pos: (232.5, 195.1, 0.0) | Dist: 0.07m | Reward: 0.000 | Collisions: 0 | Waypoints: 2/32
2026-05-04 19:43:47,554 - carla_training - INFO - Step 530 | Speed: 0.0 km/h | Pos: (232.5, 195.1, 0.0) | Dist: 0.07m | Reward: 0.000 | Collisions: 0 | Waypoints: 2/32
2026-05-04 19:43:53,066 - carla_training - INFO - Step 540 | Speed: 0.0 km/h | Pos: (232.5, 195.1, 0.0) | Dist: 0.07m | Reward: 0.000 | Collisions: 0 | Waypoints: 2/32
2026-05-04 19:43:58,590 - carla_training - INFO - Step 550 | Speed: 0.1 km/h | Pos: (232.5, 195.1, 0.0) | Dist: 0.07m | Reward: 0.001 | Collisions: 0 | Waypoints: 2/32
2026-05-04 19:44:04,095 - carla_training - INFO - Step 560 | Speed: 0.8 km/h | Pos: (232.4, 195.1, 0.0) | Dist: 0.08m | Reward: 0.042 | Collisions: 0 | Waypoints: 2/32
2026-05-04 19:44:09,591 - carla_training - INFO - Step 570 | Speed: 0.3 km/h | Pos: (232.4, 195.1, 0.0) | Dist: 0.08m | Reward: 0.011 | Collisions: 0 | Waypoints: 2/32
2026-05-04 19:44:15,118 - carla_training - INFO - Step 580 | Speed: 0.0 km/h | Pos: (232.4, 195.1, 0.0) | Dist: 0.08m | Reward: 0.000 | Collisions: 0 | Waypoints: 2/32
2026-05-04 19:44:20,633 - carla_training - INFO - Step 590 | Speed: 0.0 km/h | Pos: (232.4, 195.1, 0.0) | Dist: 0.08m | Reward: 0.000 | Collisions: 0 | Waypoints: 2/32
2026-05-04 19:44:26,156 - carla_training - INFO - Step 600 | Speed: 0.7 km/h | Pos: (232.4, 195.1, 0.0) | Dist: 0.08m | Reward: 0.025 | Collisions: 0 | Waypoints: 2/32
2026-05-04 19:44:31,670 - carla_training - INFO - Step 610 | Speed: 0.7 km/h | Pos: (232.3, 195.1, 0.0) | Dist: 0.08m | Reward: 0.008 | Collisions: 0 | Waypoints: 2/32
2026-05-04 19:44:37,174 - carla_training - INFO - Step 620 | Speed: 0.2 km/h | Pos: (232.3, 195.1, 0.0) | Dist: 0.09m | Reward: 0.002 | Collisions: 0 | Waypoints: 2/32
2026-05-04 19:44:42,671 - carla_training - INFO - Step 630 | Speed: 0.3 km/h | Pos: (232.3, 195.1, 0.0) | Dist: 0.09m | Reward: 0.017 | Collisions: 0 | Waypoints: 2/32
2026-05-04 19:44:48,227 - carla_training - INFO - Step 640 | Speed: 0.0 km/h | Pos: (232.3, 195.1, 0.0) | Dist: 0.10m | Reward: 0.000 | Collisions: 0 | Waypoints: 2/32
2026-05-04 19:44:53,710 - carla_training - INFO - Step 650 | Speed: 0.0 km/h | Pos: (232.3, 195.1, 0.0) | Dist: 0.10m | Reward: 0.000 | Collisions: 0 | Waypoints: 2/32
2026-05-04 19:44:59,213 - carla_training - INFO - Step 660 | Speed: 0.0 km/h | Pos: (232.3, 195.1, 0.0) | Dist: 0.10m | Reward: 0.000 | Collisions: 0 | Waypoints: 2/32
2026-05-04 19:45:04,765 - carla_training - INFO - Step 670 | Speed: 0.0 km/h | Pos: (232.3, 195.1, 0.0) | Dist: 0.10m | Reward: 0.000 | Collisions: 0 | Waypoints: 2/32
2026-05-04 19:45:10,273 - carla_training - INFO - Step 680 | Speed: 0.2 km/h | Pos: (232.3, 195.1, 0.0) | Dist: 0.10m | Reward: 0.005 | Collisions: 0 | Waypoints: 2/32
2026-05-04 19:45:15,777 - carla_training - INFO - Step 690 | Speed: 0.7 km/h | Pos: (232.3, 195.0, 0.0) | Dist: 0.10m | Reward: 0.002 | Collisions: 0 | Waypoints: 2/32
2026-05-04 19:45:21,254 - carla_training - INFO - Step 700 | Speed: 0.0 km/h | Pos: (232.3, 195.0, 0.0) | Dist: 0.11m | Reward: 0.000 | Collisions: 0 | Waypoints: 2/32
2026-05-04 19:45:26,782 - carla_training - INFO - Step 710 | Speed: 0.4 km/h | Pos: (232.2, 195.0, 0.0) | Dist: 0.11m | Reward: 0.022 | Collisions: 0 | Waypoints: 2/32
2026-05-04 19:45:32,269 - carla_training - INFO - Step 720 | Speed: 0.2 km/h | Pos: (232.2, 195.0, 0.0) | Dist: 0.11m | Reward: 0.008 | Collisions: 0 | Waypoints: 2/32
2026-05-04 19:45:37,758 - carla_training - INFO - Step 730 | Speed: 0.0 km/h | Pos: (232.2, 195.0, 0.0) | Dist: 0.11m | Reward: 0.000 | Collisions: 0 | Waypoints: 2/32
2026-05-04 19:45:43,313 - carla_training - INFO - Step 740 | Speed: 0.1 km/h | Pos: (232.2, 195.0, 0.0) | Dist: 0.11m | Reward: 0.000 | Collisions: 0 | Waypoints: 2/32
2026-05-04 19:45:48,827 - carla_training - INFO - Step 750 | Speed: 0.0 km/h | Pos: (232.2, 195.0, 0.0) | Dist: 0.11m | Reward: 0.000 | Collisions: 0 | Waypoints: 2/32
2026-05-04 19:45:54,302 - carla_training - INFO - Step 760 | Speed: 1.7 km/h | Pos: (232.2, 195.0, 0.0) | Dist: 0.12m | Reward: 0.000 | Collisions: 0 | Waypoints: 2/32
2026-05-04 19:45:59,786 - carla_training - INFO - Step 770 | Speed: 2.0 km/h | Pos: (232.1, 195.0, 0.0) | Dist: 0.15m | Reward: 0.086 | Collisions: 0 | Waypoints: 2/32
2026-05-04 19:46:05,282 - carla_training - INFO - Step 780 | Speed: 0.0 km/h | Pos: (232.1, 195.0, 0.0) | Dist: 0.15m | Reward: 0.000 | Collisions: 0 | Waypoints: 2/32
2026-05-04 19:46:10,773 - carla_training - INFO - Step 790 | Speed: 0.0 km/h | Pos: (232.1, 195.0, 0.0) | Dist: 0.15m | Reward: 0.000 | Collisions: 0 | Waypoints: 2/32
2026-05-04 19:46:16,279 - carla_training - INFO - Step 800 | Speed: 0.0 km/h | Pos: (232.1, 195.0, 0.0) | Dist: 0.15m | Reward: 0.000 | Collisions: 0 | Waypoints: 2/32
2026-05-04 19:46:21,760 - carla_training - INFO - Step 810 | Speed: 0.0 km/h | Pos: (232.0, 195.0, 0.0) | Dist: 0.16m | Reward: 0.000 | Collisions: 0 | Waypoints: 2/32
2026-05-04 19:46:27,262 - carla_training - INFO - Step 820 | Speed: 0.0 km/h | Pos: (232.0, 195.0, 0.0) | Dist: 0.16m | Reward: 0.000 | Collisions: 0 | Waypoints: 2/32
2026-05-04 19:46:32,725 - carla_training - INFO - Step 830 | Speed: 0.0 km/h | Pos: (232.0, 195.0, 0.0) | Dist: 0.16m | Reward: 0.000 | Collisions: 0 | Waypoints: 2/32
2026-05-04 19:46:38,227 - carla_training - INFO - Step 840 | Speed: 0.0 km/h | Pos: (232.0, 195.0, 0.0) | Dist: 0.16m | Reward: 0.000 | Collisions: 0 | Waypoints: 2/32
2026-05-04 19:46:43,729 - carla_training - INFO - Step 850 | Speed: 0.8 km/h | Pos: (232.0, 195.0, 0.0) | Dist: 0.17m | Reward: 0.000 | Collisions: 0 | Waypoints: 2/32
2026-05-04 19:46:49,232 - carla_training - INFO - Step 860 | Speed: 0.0 km/h | Pos: (232.0, 195.0, 0.0) | Dist: 0.17m | Reward: 0.000 | Collisions: 0 | Waypoints: 2/32
2026-05-04 19:46:54,714 - carla_training - INFO - Step 870 | Speed: 0.0 km/h | Pos: (232.0, 195.0, 0.0) | Dist: 0.17m | Reward: 0.000 | Collisions: 0 | Waypoints: 2/32
2026-05-04 19:47:00,198 - carla_training - INFO - Step 880 | Speed: 0.1 km/h | Pos: (232.0, 195.0, 0.0) | Dist: 0.17m | Reward: 0.004 | Collisions: 0 | Waypoints: 2/32
2026-05-04 19:47:05,672 - carla_training - INFO - Step 890 | Speed: 0.0 km/h | Pos: (232.0, 195.0, 0.0) | Dist: 0.17m | Reward: 0.000 | Collisions: 0 | Waypoints: 2/32
2026-05-04 19:47:11,215 - carla_training - INFO - Step 900 | Speed: 0.0 km/h | Pos: (232.0, 195.0, 0.0) | Dist: 0.18m | Reward: 0.000 | Collisions: 0 | Waypoints: 2/32
2026-05-04 19:47:16,688 - carla_training - INFO - Step 910 | Speed: 0.0 km/h | Pos: (231.9, 195.0, 0.0) | Dist: 0.18m | Reward: 0.000 | Collisions: 0 | Waypoints: 2/32
2026-05-04 19:47:22,174 - carla_training - INFO - Step 920 | Speed: 0.0 km/h | Pos: (231.9, 195.0, 0.0) | Dist: 0.18m | Reward: 0.000 | Collisions: 0 | Waypoints: 2/32
2026-05-04 19:47:27,656 - carla_training - INFO - Step 930 | Speed: 0.0 km/h | Pos: (231.9, 195.0, 0.0) | Dist: 0.18m | Reward: 0.000 | Collisions: 0 | Waypoints: 2/32
2026-05-04 19:47:27,656 - carla_training - INFO - 
Training speed: 1 fps | Total steps: 10000
2026-05-04 19:47:33,133 - carla_training - INFO - Step 940 | Speed: 0.3 km/h | Pos: (231.9, 195.0, 0.0) | Dist: 0.19m | Reward: 0.001 | Collisions: 0 | Waypoints: 2/32
2026-05-04 19:47:38,658 - carla_training - INFO - Step 950 | Speed: 0.0 km/h | Pos: (231.9, 195.0, 0.0) | Dist: 0.19m | Reward: 0.000 | Collisions: 0 | Waypoints: 2/32
2026-05-04 19:47:44,132 - carla_training - INFO - Step 960 | Speed: 0.0 km/h | Pos: (231.8, 195.0, 0.0) | Dist: 0.19m | Reward: 0.000 | Collisions: 0 | Waypoints: 2/32
2026-05-04 19:47:49,639 - carla_training - INFO - Step 970 | Speed: 0.0 km/h | Pos: (231.8, 195.0, 0.0) | Dist: 0.19m | Reward: 0.000 | Collisions: 0 | Waypoints: 2/32
2026-05-04 19:47:55,115 - carla_training - INFO - Step 980 | Speed: 0.0 km/h | Pos: (231.8, 195.0, 0.0) | Dist: 0.19m | Reward: 0.000 | Collisions: 0 | Waypoints: 2/32
2026-05-04 19:48:00,589 - carla_training - INFO - Step 990 | Speed: 0.0 km/h | Pos: (231.8, 195.0, 0.0) | Dist: 0.20m | Reward: 0.000 | Collisions: 0 | Waypoints: 2/32
2026-05-04 19:48:06,026 - carla_training - INFO - Step 1000 | Speed: 0.0 km/h | Pos: (231.8, 195.0, 0.0) | Dist: 0.20m | Reward: 0.000 | Collisions: 0 | Waypoints: 2/32
2026-05-04 19:48:11,502 - carla_training - INFO - Step 1010 | Speed: 0.0 km/h | Pos: (231.8, 195.0, 0.0) | Dist: 0.20m | Reward: 0.000 | Collisions: 0 | Waypoints: 2/32
2026-05-04 19:48:16,968 - carla_training - INFO - Step 1020 | Speed: 0.0 km/h | Pos: (231.8, 195.0, 0.0) | Dist: 0.20m | Reward: 0.000 | Collisions: 0 | Waypoints: 2/32
2026-05-04 19:48:22,431 - carla_training - INFO - Step 1030 | Speed: 0.4 km/h | Pos: (231.8, 194.9, 0.0) | Dist: 0.21m | Reward: 0.010 | Collisions: 0 | Waypoints: 2/32
2026-05-04 19:48:27,912 - carla_training - INFO - Step 1040 | Speed: 0.0 km/h | Pos: (231.8, 194.9, 0.0) | Dist: 0.21m | Reward: 0.000 | Collisions: 0 | Waypoints: 2/32
2026-05-04 19:48:33,399 - carla_training - INFO - Step 1050 | Speed: 0.0 km/h | Pos: (231.7, 194.9, 0.0) | Dist: 0.21m | Reward: 0.000 | Collisions: 0 | Waypoints: 2/32
2026-05-04 19:48:38,770 - carla_training - INFO - Step 1060 | Speed: 0.0 km/h | Pos: (231.7, 194.9, 0.0) | Dist: 0.21m | Reward: 0.000 | Collisions: 0 | Waypoints: 2/32
2026-05-04 19:48:44,128 - carla_training - INFO - Step 1070 | Speed: 0.0 km/h | Pos: (231.7, 194.9, 0.0) | Dist: 0.22m | Reward: 0.000 | Collisions: 0 | Waypoints: 3/32
2026-05-04 19:48:49,584 - carla_training - INFO - Step 1080 | Speed: 0.3 km/h | Pos: (231.7, 194.9, 0.0) | Dist: 0.22m | Reward: 0.000 | Collisions: 0 | Waypoints: 3/32
2026-05-04 19:48:55,055 - carla_training - INFO - Step 1090 | Speed: 0.0 km/h | Pos: (231.6, 194.9, 0.0) | Dist: 0.25m | Reward: 0.000 | Collisions: 0 | Waypoints: 3/32
2026-05-04 19:49:00,528 - carla_training - INFO - Step 1100 | Speed: 0.5 km/h | Pos: (231.5, 194.9, 0.0) | Dist: 0.26m | Reward: 0.003 | Collisions: 0 | Waypoints: 3/32
2026-05-04 19:49:05,998 - carla_training - INFO - Step 1110 | Speed: 0.3 km/h | Pos: (231.5, 194.9, 0.0) | Dist: 0.28m | Reward: 0.000 | Collisions: 0 | Waypoints: 3/32
2026-05-04 19:49:11,502 - carla_training - INFO - Step 1120 | Speed: 0.1 km/h | Pos: (231.5, 194.9, 0.0) | Dist: 0.28m | Reward: 0.000 | Collisions: 0 | Waypoints: 3/32
2026-05-04 19:49:16,985 - carla_training - INFO - Step 1130 | Speed: 0.1 km/h | Pos: (231.5, 194.9, 0.0) | Dist: 0.29m | Reward: 0.005 | Collisions: 0 | Waypoints: 3/32
2026-05-04 19:49:22,495 - carla_training - INFO - Step 1140 | Speed: 0.0 km/h | Pos: (231.5, 194.9, 0.0) | Dist: 0.29m | Reward: 0.000 | Collisions: 0 | Waypoints: 3/32
2026-05-04 19:49:27,925 - carla_training - INFO - Step 1150 | Speed: 0.3 km/h | Pos: (231.5, 194.9, 0.0) | Dist: 0.29m | Reward: 0.000 | Collisions: 0 | Waypoints: 3/32
2026-05-04 19:49:33,403 - carla_training - INFO - Step 1160 | Speed: 0.0 km/h | Pos: (231.5, 194.9, 0.0) | Dist: 0.29m | Reward: 0.000 | Collisions: 0 | Waypoints: 3/32
2026-05-04 19:49:38,860 - carla_training - INFO - Step 1170 | Speed: 0.1 km/h | Pos: (231.5, 194.9, 0.0) | Dist: 0.29m | Reward: 0.000 | Collisions: 0 | Waypoints: 3/32
2026-05-04 19:49:44,418 - carla_training - INFO - Step 1180 | Speed: 0.0 km/h | Pos: (231.5, 194.9, 0.0) | Dist: 0.29m | Reward: 0.000 | Collisions: 0 | Waypoints: 3/32
2026-05-04 19:49:49,301 - carla_training - INFO - Step 1190 | Speed: 0.0 km/h | Pos: (231.5, 194.9, 0.0) | Dist: 0.29m | Reward: 0.000 | Collisions: 0 | Waypoints: 3/32
2026-05-04 19:49:54,219 - carla_training - INFO - Step 1200 | Speed: 0.0 km/h | Pos: (231.4, 194.9, 0.0) | Dist: 0.29m | Reward: 0.000 | Collisions: 0 | Waypoints: 3/32
2026-05-04 19:49:59,101 - carla_training - INFO - Step 1210 | Speed: 0.1 km/h | Pos: (231.4, 194.9, 0.0) | Dist: 0.30m | Reward: 0.005 | Collisions: 0 | Waypoints: 3/32
2026-05-04 19:50:03,992 - carla_training - INFO - Step 1220 | Speed: 0.0 km/h | Pos: (231.4, 194.9, 0.0) | Dist: 0.30m | Reward: 0.000 | Collisions: 0 | Waypoints: 3/32
2026-05-04 19:50:08,890 - carla_training - INFO - Step 1230 | Speed: 0.0 km/h | Pos: (231.4, 194.8, 0.0) | Dist: 0.30m | Reward: 0.000 | Collisions: 0 | Waypoints: 3/32
2026-05-04 19:50:13,780 - carla_training - INFO - Step 1240 | Speed: 0.5 km/h | Pos: (231.4, 194.8, 0.0) | Dist: 0.31m | Reward: 0.023 | Collisions: 0 | Waypoints: 3/32
2026-05-04 19:50:18,796 - carla_training - INFO - Step 1250 | Speed: 0.0 km/h | Pos: (231.4, 194.8, 0.0) | Dist: 0.31m | Reward: 0.000 | Collisions: 0 | Waypoints: 3/32
2026-05-04 19:50:23,998 - carla_training - INFO - Step 1260 | Speed: 0.0 km/h | Pos: (231.3, 194.8, 0.0) | Dist: 0.32m | Reward: 0.000 | Collisions: 0 | Waypoints: 3/32
2026-05-04 19:50:29,115 - carla_training - INFO - Step 1270 | Speed: 0.0 km/h | Pos: (231.3, 194.8, 0.0) | Dist: 0.32m | Reward: 0.000 | Collisions: 0 | Waypoints: 3/32
2026-05-04 19:50:34,355 - carla_training - INFO - Step 1280 | Speed: 0.0 km/h | Pos: (231.3, 194.8, 0.0) | Dist: 0.34m | Reward: 0.000 | Collisions: 0 | Waypoints: 3/32
2026-05-04 19:50:39,575 - carla_training - INFO - Step 1290 | Speed: 0.1 km/h | Pos: (231.3, 194.8, 0.0) | Dist: 0.34m | Reward: 0.003 | Collisions: 0 | Waypoints: 3/32
2026-05-04 19:50:44,805 - carla_training - INFO - Step 1300 | Speed: 0.0 km/h | Pos: (231.2, 194.8, 0.0) | Dist: 0.34m | Reward: 0.000 | Collisions: 0 | Waypoints: 3/32
2026-05-04 19:50:50,055 - carla_training - INFO - Step 1310 | Speed: 0.0 km/h | Pos: (231.2, 194.8, 0.0) | Dist: 0.35m | Reward: 0.000 | Collisions: 0 | Waypoints: 3/32
2026-05-04 19:50:55,266 - carla_training - INFO - Step 1320 | Speed: 0.0 km/h | Pos: (231.2, 194.8, 0.0) | Dist: 0.35m | Reward: 0.000 | Collisions: 0 | Waypoints: 3/32
2026-05-04 19:51:00,475 - carla_training - INFO - Step 1330 | Speed: 0.7 km/h | Pos: (231.2, 194.8, 0.0) | Dist: 0.36m | Reward: 0.020 | Collisions: 0 | Waypoints: 3/32
2026-05-04 19:51:07,067 - carla_training - INFO - Step 1340 | Speed: 0.0 km/h | Pos: (231.2, 194.8, 0.0) | Dist: 0.37m | Reward: 0.000 | Collisions: 0 | Waypoints: 3/32
2026-05-04 19:51:11,899 - carla_training - INFO - Step 1350 | Speed: 0.1 km/h | Pos: (231.1, 194.8, 0.0) | Dist: 0.37m | Reward: 0.000 | Collisions: 0 | Waypoints: 3/32
2026-05-04 19:51:16,789 - carla_training - INFO - Step 1360 | Speed: 0.2 km/h | Pos: (231.1, 194.8, 0.0) | Dist: 0.37m | Reward: 0.000 | Collisions: 0 | Waypoints: 3/32
2026-05-04 19:51:21,677 - carla_training - INFO - Step 1370 | Speed: 0.6 km/h | Pos: (231.1, 194.8, 0.0) | Dist: 0.39m | Reward: 0.000 | Collisions: 0 | Waypoints: 3/32
2026-05-04 19:51:27,538 - carla_training - INFO - Step 1380 | Speed: 1.7 km/h | Pos: (230.9, 194.7, 0.0) | Dist: 0.46m | Reward: 0.014 | Collisions: 0 | Waypoints: 3/32
2026-05-04 19:51:32,632 - carla_training - INFO - Step 1390 | Speed: 0.5 km/h | Pos: (230.7, 194.6, 0.0) | Dist: 0.54m | Reward: 0.000 | Collisions: 0 | Waypoints: 3/32
2026-05-04 19:51:37,723 - carla_training - INFO - Step 1400 | Speed: 0.0 km/h | Pos: (230.7, 194.6, 0.0) | Dist: 0.56m | Reward: 0.000 | Collisions: 0 | Waypoints: 3/32
2026-05-04 19:51:44,403 - carla_training - INFO - Step 1410 | Speed: 0.0 km/h | Pos: (230.7, 194.6, 0.0) | Dist: 0.56m | Reward: 0.000 | Collisions: 0 | Waypoints: 3/32
2026-05-04 19:51:50,405 - carla_training - INFO - Step 1420 | Speed: 0.0 km/h | Pos: (230.7, 194.6, 0.0) | Dist: 0.56m | Reward: 0.000 | Collisions: 0 | Waypoints: 3/32
2026-05-04 19:51:56,397 - carla_training - INFO - Step 1430 | Speed: 0.0 km/h | Pos: (230.7, 194.6, 0.0) | Dist: 0.57m | Reward: 0.000 | Collisions: 0 | Waypoints: 3/32
2026-05-04 19:52:02,441 - carla_training - INFO - Step 1440 | Speed: 1.0 km/h | Pos: (230.6, 194.6, 0.0) | Dist: 0.58m | Reward: 0.000 | Collisions: 0 | Waypoints: 3/32
2026-05-04 19:52:08,481 - carla_training - INFO - Step 1450 | Speed: 0.0 km/h | Pos: (230.6, 194.6, 0.0) | Dist: 0.58m | Reward: 0.000 | Collisions: 0 | Waypoints: 3/32
2026-05-04 19:52:14,472 - carla_training - INFO - Step 1460 | Speed: 0.6 km/h | Pos: (230.6, 194.6, 0.0) | Dist: 0.58m | Reward: 0.009 | Collisions: 0 | Waypoints: 3/32
2026-05-04 19:52:20,493 - carla_training - INFO - Step 1470 | Speed: 0.0 km/h | Pos: (230.6, 194.6, 0.0) | Dist: 0.59m | Reward: 0.000 | Collisions: 0 | Waypoints: 3/32
2026-05-04 19:52:26,495 - carla_training - INFO - Step 1480 | Speed: 0.2 km/h | Pos: (230.6, 194.6, 0.0) | Dist: 0.59m | Reward: 0.000 | Collisions: 0 | Waypoints: 3/32
2026-05-04 19:52:32,489 - carla_training - INFO - Step 1490 | Speed: 0.1 km/h | Pos: (230.6, 194.6, 0.0) | Dist: 0.59m | Reward: 0.000 | Collisions: 0 | Waypoints: 3/32
2026-05-04 19:52:38,489 - carla_training - INFO - Step 1500 | Speed: 0.0 km/h | Pos: (230.5, 194.5, 0.0) | Dist: 0.62m | Reward: 0.000 | Collisions: 0 | Waypoints: 3/32
2026-05-04 19:52:44,465 - carla_training - INFO - Step 1510 | Speed: 0.0 km/h | Pos: (230.5, 194.5, 0.0) | Dist: 0.64m | Reward: 0.000 | Collisions: 0 | Waypoints: 3/32
2026-05-04 19:52:50,470 - carla_training - INFO - Step 1520 | Speed: 0.1 km/h | Pos: (230.5, 194.5, 0.0) | Dist: 0.65m | Reward: 0.000 | Collisions: 0 | Waypoints: 3/32
2026-05-04 19:52:56,440 - carla_training - INFO - Step 1530 | Speed: 0.0 km/h | Pos: (230.4, 194.5, 0.0) | Dist: 0.65m | Reward: 0.000 | Collisions: 0 | Waypoints: 3/32
2026-05-04 19:53:02,416 - carla_training - INFO - Step 1540 | Speed: 0.0 km/h | Pos: (230.4, 194.5, 0.0) | Dist: 0.65m | Reward: 0.000 | Collisions: 0 | Waypoints: 3/32
2026-05-04 19:53:08,371 - carla_training - INFO - Step 1550 | Speed: 0.0 km/h | Pos: (230.4, 194.5, 0.0) | Dist: 0.66m | Reward: 0.000 | Collisions: 0 | Waypoints: 3/32
2026-05-04 19:53:14,380 - carla_training - INFO - Step 1560 | Speed: 0.0 km/h | Pos: (230.4, 194.5, 0.0) | Dist: 0.66m | Reward: 0.000 | Collisions: 0 | Waypoints: 3/32
2026-05-04 19:53:20,418 - carla_training - INFO - Step 1570 | Speed: 0.0 km/h | Pos: (230.4, 194.5, 0.0) | Dist: 0.66m | Reward: 0.000 | Collisions: 0 | Waypoints: 3/32
2026-05-04 19:53:26,398 - carla_training - INFO - Step 1580 | Speed: 0.0 km/h | Pos: (230.4, 194.5, 0.0) | Dist: 0.67m | Reward: 0.000 | Collisions: 0 | Waypoints: 3/32
2026-05-04 19:53:32,356 - carla_training - INFO - Step 1590 | Speed: 0.0 km/h | Pos: (230.3, 194.5, 0.0) | Dist: 0.68m | Reward: 0.000 | Collisions: 0 | Waypoints: 3/32
2026-05-04 19:53:37,746 - carla_training - INFO - Step 1600 | Speed: 0.0 km/h | Pos: (230.3, 194.5, 0.0) | Dist: 0.69m | Reward: 0.000 | Collisions: 0 | Waypoints: 3/32
2026-05-04 19:53:42,608 - carla_training - INFO - Step 1610 | Speed: 0.6 km/h | Pos: (230.3, 194.5, 0.0) | Dist: 0.69m | Reward: 0.007 | Collisions: 0 | Waypoints: 3/32
2026-05-04 19:53:48,223 - carla_training - INFO - Step 1620 | Speed: 3.5 km/h | Pos: (230.0, 194.4, 0.0) | Dist: 0.77m | Reward: 0.000 | Collisions: 0 | Waypoints: 3/32
2026-05-04 19:53:53,852 - carla_training - INFO - Step 1630 | Speed: 0.6 km/h | Pos: (229.9, 194.3, 0.0) | Dist: 0.81m | Reward: 0.000 | Collisions: 0 | Waypoints: 3/32
2026-05-04 19:53:55,526 - carla_training - INFO - ⚠️ Collision #1 detected with static.pole!
2026-05-04 19:53:56,091 - carla_training - INFO - ⚠️ Collision #2 detected with static.pole!
2026-05-04 19:53:56,091 - carla_training - INFO - ⚠️ Collision #3 detected with static.pole!
2026-05-04 19:53:56,642 - carla_training - INFO - ⚠️ Collision #4 detected with static.pole!
2026-05-04 19:53:57,202 - carla_training - INFO - ⚠️ Collision #5 detected with static.pole!
2026-05-04 19:53:59,443 - carla_training - INFO - Step 1640 | Speed: 0.2 km/h | Pos: (229.9, 194.3, 0.0) | Dist: 0.81m | Reward: -0.233 | Collisions: 7 | Waypoints: 3/32
2026-05-04 19:54:05,040 - carla_training - INFO - Step 1650 | Speed: 0.0 km/h | Pos: (229.9, 194.3, 0.0) | Dist: 0.81m | Reward: -0.433 | Collisions: 13 | Waypoints: 3/32
2026-05-04 19:54:09,986 - carla_training - INFO - ⚠️ Collision #20 detected (continuing episode)
2026-05-04 19:54:10,536 - carla_training - INFO - Step 1660 | Speed: 0.0 km/h | Pos: (229.9, 194.3, 0.0) | Dist: 0.81m | Reward: -0.667 | Collisions: 20 | Waypoints: 3/32
2026-05-04 19:54:16,109 - carla_training - INFO - Step 1670 | Speed: 0.0 km/h | Pos: (229.9, 194.3, 0.0) | Dist: 0.81m | Reward: -0.800 | Collisions: 24 | Waypoints: 3/32
2026-05-04 19:54:20,636 - carla_training - INFO - 
============================================================
2026-05-04 19:54:20,636 - carla_training - INFO - Episode 15 Summary:
2026-05-04 19:54:20,636 - carla_training - INFO -   Termination Reason: REWARD_BASED (Unknown)
2026-05-04 19:54:20,636 - carla_training - INFO -   Total Reward: -23.67
2026-05-04 19:54:20,636 - carla_training - INFO -   Steps: 1678
2026-05-04 19:54:20,637 - carla_training - INFO -   Duration: 927.34 seconds
2026-05-04 19:54:20,637 - carla_training - INFO -   Average Speed: 0.25 km/h
2026-05-04 19:54:20,637 - carla_training - INFO -   Max Speed: 7.88 km/h
2026-05-04 19:54:20,637 - carla_training - INFO -   Total Distance: 5.05 meters
2026-05-04 19:54:20,637 - carla_training - INFO -   Average Lane Deviation: 0.24 meters
2026-05-04 19:54:20,637 - carla_training - INFO -   Waypoints Reached: 3
2026-05-04 19:54:20,637 - carla_training - INFO - ============================================================

2026-05-04 19:54:20,705 - carla_training - INFO - 🚗 Vehicle spawned and stabilized!
2026-05-04 19:54:20,718 - carla_training - INFO - ✅ Generated 32 waypoints for navigation
2026-05-04 19:54:20,718 - carla_training - INFO -    Complexity: 0 junctions, 0 turns (0.0% turn rate)
2026-05-04 19:54:26,376 - carla_training - INFO - Step 10 | Speed: 0.0 km/h | Pos: (234.7, 195.3, 0.0) | Dist: 0.12m | Reward: 0.000 | Collisions: 0 | Waypoints: 1/32
2026-05-04 19:54:31,461 - carla_training - INFO - Step 20 | Speed: 0.0 km/h | Pos: (234.7, 195.3, 0.0) | Dist: 0.12m | Reward: 0.000 | Collisions: 0 | Waypoints: 1/32
2026-05-04 19:54:36,509 - carla_training - INFO - Step 30 | Speed: 0.3 km/h | Pos: (234.7, 195.3, 0.0) | Dist: 0.12m | Reward: 0.017 | Collisions: 0 | Waypoints: 1/32
2026-05-04 19:54:41,559 - carla_training - INFO - Step 40 | Speed: 0.0 km/h | Pos: (234.7, 195.3, 0.0) | Dist: 0.12m | Reward: 0.000 | Collisions: 0 | Waypoints: 1/32
2026-05-04 19:54:47,771 - carla_training - INFO - Step 50 | Speed: 0.0 km/h | Pos: (234.7, 195.3, 0.0) | Dist: 0.12m | Reward: 0.000 | Collisions: 0 | Waypoints: 1/32
2026-05-04 19:54:53,091 - carla_training - INFO - Step 60 | Speed: 0.0 km/h | Pos: (234.7, 195.3, 0.0) | Dist: 0.12m | Reward: 0.000 | Collisions: 0 | Waypoints: 1/32
2026-05-04 19:54:58,392 - carla_training - INFO - Step 70 | Speed: 0.3 km/h | Pos: (234.7, 195.3, 0.0) | Dist: 0.12m | Reward: 0.015 | Collisions: 0 | Waypoints: 1/32
2026-05-04 19:55:03,756 - carla_training - INFO - Step 80 | Speed: 0.3 km/h | Pos: (234.7, 195.3, 0.0) | Dist: 0.12m | Reward: 0.013 | Collisions: 0 | Waypoints: 1/32
2026-05-04 19:55:09,088 - carla_training - INFO - Step 90 | Speed: 0.0 km/h | Pos: (234.5, 195.3, 0.0) | Dist: 0.11m | Reward: 0.000 | Collisions: 0 | Waypoints: 1/32
2026-05-04 19:55:14,407 - carla_training - INFO - Step 100 | Speed: 0.0 km/h | Pos: (234.5, 195.3, 0.0) | Dist: 0.11m | Reward: 0.001 | Collisions: 0 | Waypoints: 1/32
2026-05-04 19:55:19,724 - carla_training - INFO - Step 110 | Speed: 0.0 km/h | Pos: (234.5, 195.3, 0.0) | Dist: 0.11m | Reward: 0.000 | Collisions: 0 | Waypoints: 1/32
2026-05-04 19:55:25,053 - carla_training - INFO - Step 120 | Speed: 0.0 km/h | Pos: (234.5, 195.3, 0.0) | Dist: 0.11m | Reward: 0.000 | Collisions: 0 | Waypoints: 1/32
2026-05-04 19:55:30,383 - carla_training - INFO - Step 130 | Speed: 0.1 km/h | Pos: (234.4, 195.3, 0.0) | Dist: 0.11m | Reward: 0.002 | Collisions: 0 | Waypoints: 1/32
2026-05-04 19:55:35,747 - carla_training - INFO - Step 140 | Speed: 0.2 km/h | Pos: (234.4, 195.3, 0.0) | Dist: 0.11m | Reward: 0.010 | Collisions: 0 | Waypoints: 1/32
2026-05-04 19:55:41,129 - carla_training - INFO - Step 150 | Speed: 0.0 km/h | Pos: (234.4, 195.3, 0.0) | Dist: 0.11m | Reward: 0.000 | Collisions: 0 | Waypoints: 1/32
2026-05-04 19:55:46,519 - carla_training - INFO - Step 160 | Speed: 1.9 km/h | Pos: (234.4, 195.2, 0.0) | Dist: 0.10m | Reward: 0.108 | Collisions: 0 | Waypoints: 1/32
2026-05-04 19:55:51,875 - carla_training - INFO - Step 170 | Speed: 0.0 km/h | Pos: (234.3, 195.2, 0.0) | Dist: 0.09m | Reward: 0.000 | Collisions: 0 | Waypoints: 1/32
2026-05-04 19:55:57,231 - carla_training - INFO - Step 180 | Speed: 0.4 km/h | Pos: (234.3, 195.2, 0.0) | Dist: 0.09m | Reward: 0.020 | Collisions: 0 | Waypoints: 1/32
2026-05-04 19:56:02,694 - carla_training - INFO - Step 190 | Speed: 0.0 km/h | Pos: (234.3, 195.2, 0.0) | Dist: 0.08m | Reward: 0.000 | Collisions: 0 | Waypoints: 1/32
2026-05-04 19:56:08,081 - carla_training - INFO - Step 200 | Speed: 0.0 km/h | Pos: (234.2, 195.2, 0.0) | Dist: 0.08m | Reward: 0.000 | Collisions: 0 | Waypoints: 1/32
2026-05-04 19:56:13,477 - carla_training - INFO - Step 210 | Speed: 0.6 km/h | Pos: (234.2, 195.2, 0.0) | Dist: 0.08m | Reward: 0.014 | Collisions: 0 | Waypoints: 1/32
2026-05-04 19:56:18,826 - carla_training - INFO - Step 220 | Speed: 0.3 km/h | Pos: (234.2, 195.2, 0.0) | Dist: 0.08m | Reward: 0.002 | Collisions: 0 | Waypoints: 1/32
2026-05-04 19:56:24,211 - carla_training - INFO - Step 230 | Speed: 0.0 km/h | Pos: (234.2, 195.2, 0.0) | Dist: 0.07m | Reward: 0.000 | Collisions: 0 | Waypoints: 1/32
2026-05-04 19:56:29,587 - carla_training - INFO - Step 240 | Speed: 0.3 km/h | Pos: (234.2, 195.2, 0.0) | Dist: 0.07m | Reward: 0.003 | Collisions: 0 | Waypoints: 1/32
2026-05-04 19:56:35,040 - carla_training - INFO - Step 250 | Speed: 0.0 km/h | Pos: (234.2, 195.2, 0.0) | Dist: 0.07m | Reward: 0.000 | Collisions: 0 | Waypoints: 1/32
2026-05-04 19:56:36,133 - carla_training - INFO - 
Training speed: 1 fps | Total steps: 11000
2026-05-04 19:56:40,482 - carla_training - INFO - Step 260 | Speed: 0.2 km/h | Pos: (234.1, 195.2, 0.0) | Dist: 0.07m | Reward: 0.004 | Collisions: 0 | Waypoints: 1/32
2026-05-04 19:56:45,886 - carla_training - INFO - Step 270 | Speed: 0.0 km/h | Pos: (234.1, 195.2, 0.0) | Dist: 0.07m | Reward: 0.000 | Collisions: 0 | Waypoints: 1/32
2026-05-04 19:56:51,225 - carla_training - INFO - Step 280 | Speed: 0.0 km/h | Pos: (234.1, 195.2, 0.0) | Dist: 0.07m | Reward: 0.000 | Collisions: 0 | Waypoints: 1/32
2026-05-04 19:56:56,586 - carla_training - INFO - Step 290 | Speed: 0.0 km/h | Pos: (234.1, 195.2, 0.0) | Dist: 0.07m | Reward: 0.000 | Collisions: 0 | Waypoints: 1/32
2026-05-04 19:57:01,957 - carla_training - INFO - Step 300 | Speed: 0.0 km/h | Pos: (234.1, 195.2, 0.0) | Dist: 0.07m | Reward: 0.000 | Collisions: 0 | Waypoints: 1/32
2026-05-04 19:57:07,301 - carla_training - INFO - Step 310 | Speed: 0.0 km/h | Pos: (234.0, 195.2, 0.0) | Dist: 0.07m | Reward: 0.000 | Collisions: 0 | Waypoints: 1/32
2026-05-04 19:57:12,680 - carla_training - INFO - Step 320 | Speed: 0.1 km/h | Pos: (234.0, 195.2, 0.0) | Dist: 0.07m | Reward: 0.003 | Collisions: 0 | Waypoints: 1/32
2026-05-04 19:57:18,050 - carla_training - INFO - Step 330 | Speed: 0.1 km/h | Pos: (234.0, 195.2, 0.0) | Dist: 0.06m | Reward: 0.004 | Collisions: 0 | Waypoints: 1/32
2026-05-04 19:57:23,438 - carla_training - INFO - Step 340 | Speed: 0.0 km/h | Pos: (234.0, 195.2, 0.0) | Dist: 0.06m | Reward: 0.000 | Collisions: 0 | Waypoints: 1/32
2026-05-04 19:57:28,844 - carla_training - INFO - Step 350 | Speed: 0.0 km/h | Pos: (234.0, 195.2, 0.0) | Dist: 0.06m | Reward: 0.000 | Collisions: 0 | Waypoints: 1/32
2026-05-04 19:57:34,275 - carla_training - INFO - Step 360 | Speed: 0.2 km/h | Pos: (233.9, 195.2, 0.0) | Dist: 0.07m | Reward: 0.000 | Collisions: 0 | Waypoints: 1/32
2026-05-04 19:57:39,653 - carla_training - INFO - Step 370 | Speed: 0.0 km/h | Pos: (233.9, 195.2, 0.0) | Dist: 0.07m | Reward: 0.000 | Collisions: 0 | Waypoints: 1/32
2026-05-04 19:57:45,024 - carla_training - INFO - Step 380 | Speed: 0.7 km/h | Pos: (233.9, 195.2, 0.0) | Dist: 0.07m | Reward: 0.023 | Collisions: 0 | Waypoints: 1/32
2026-05-04 19:57:50,384 - carla_training - INFO - Step 390 | Speed: 0.3 km/h | Pos: (233.9, 195.2, 0.0) | Dist: 0.07m | Reward: 0.006 | Collisions: 0 | Waypoints: 1/32
2026-05-04 19:57:55,774 - carla_training - INFO - Step 400 | Speed: 0.0 km/h | Pos: (233.8, 195.2, 0.0) | Dist: 0.07m | Reward: 0.000 | Collisions: 0 | Waypoints: 1/32
2026-05-04 19:58:01,207 - carla_training - INFO - Step 410 | Speed: 0.0 km/h | Pos: (233.8, 195.2, 0.0) | Dist: 0.07m | Reward: 0.000 | Collisions: 0 | Waypoints: 1/32
2026-05-04 19:58:06,626 - carla_training - INFO - Step 420 | Speed: 0.0 km/h | Pos: (233.7, 195.2, 0.0) | Dist: 0.08m | Reward: 0.000 | Collisions: 0 | Waypoints: 1/32
2026-05-04 19:58:11,876 - carla_training - INFO - Step 430 | Speed: 0.1 km/h | Pos: (233.7, 195.2, 0.0) | Dist: 0.08m | Reward: 0.006 | Collisions: 0 | Waypoints: 1/32
2026-05-04 19:58:17,278 - carla_training - INFO - Step 440 | Speed: 1.0 km/h | Pos: (233.7, 195.2, 0.0) | Dist: 0.08m | Reward: 0.027 | Collisions: 0 | Waypoints: 2/32
2026-05-04 19:58:22,680 - carla_training - INFO - Step 450 | Speed: 0.1 km/h | Pos: (233.6, 195.2, 0.0) | Dist: 0.07m | Reward: 0.005 | Collisions: 0 | Waypoints: 2/32
2026-05-04 19:58:28,085 - carla_training - INFO - Step 460 | Speed: 0.0 km/h | Pos: (233.6, 195.2, 0.0) | Dist: 0.07m | Reward: 0.000 | Collisions: 0 | Waypoints: 2/32
2026-05-04 19:58:33,430 - carla_training - INFO - Step 470 | Speed: 0.1 km/h | Pos: (233.6, 195.2, 0.0) | Dist: 0.07m | Reward: 0.001 | Collisions: 0 | Waypoints: 2/32
2026-05-04 19:58:38,781 - carla_training - INFO - Step 480 | Speed: 0.0 km/h | Pos: (233.6, 195.2, 0.0) | Dist: 0.07m | Reward: 0.000 | Collisions: 0 | Waypoints: 2/32
2026-05-04 19:58:44,148 - carla_training - INFO - Step 490 | Speed: 0.0 km/h | Pos: (233.6, 195.2, 0.0) | Dist: 0.07m | Reward: 0.000 | Collisions: 0 | Waypoints: 2/32
2026-05-04 19:58:49,566 - carla_training - INFO - Step 500 | Speed: 0.0 km/h | Pos: (233.6, 195.2, 0.0) | Dist: 0.07m | Reward: 0.000 | Collisions: 0 | Waypoints: 2/32
2026-05-04 19:58:54,977 - carla_training - INFO - Step 510 | Speed: 0.2 km/h | Pos: (233.6, 195.2, 0.0) | Dist: 0.07m | Reward: 0.011 | Collisions: 0 | Waypoints: 2/32
2026-05-04 19:59:00,363 - carla_training - INFO - Step 520 | Speed: 0.6 km/h | Pos: (233.6, 195.2, 0.0) | Dist: 0.07m | Reward: 0.011 | Collisions: 0 | Waypoints: 2/32
2026-05-04 19:59:05,696 - carla_training - INFO - Step 530 | Speed: 0.0 km/h | Pos: (233.5, 195.2, 0.0) | Dist: 0.07m | Reward: 0.000 | Collisions: 0 | Waypoints: 2/32
2026-05-04 19:59:11,015 - carla_training - INFO - Step 540 | Speed: 0.2 km/h | Pos: (233.5, 195.2, 0.0) | Dist: 0.07m | Reward: 0.015 | Collisions: 0 | Waypoints: 2/32
2026-05-04 19:59:16,312 - carla_training - INFO - Step 550 | Speed: 0.0 km/h | Pos: (233.4, 195.2, 0.0) | Dist: 0.09m | Reward: 0.000 | Collisions: 0 | Waypoints: 2/32
2026-05-04 19:59:21,726 - carla_training - INFO - Step 560 | Speed: 0.0 km/h | Pos: (233.4, 195.2, 0.0) | Dist: 0.09m | Reward: 0.000 | Collisions: 0 | Waypoints: 2/32
2026-05-04 19:59:27,052 - carla_training - INFO - Step 570 | Speed: 0.0 km/h | Pos: (233.4, 195.2, 0.0) | Dist: 0.09m | Reward: 0.000 | Collisions: 0 | Waypoints: 2/32
2026-05-04 19:59:32,420 - carla_training - INFO - Step 580 | Speed: 0.0 km/h | Pos: (233.4, 195.2, 0.0) | Dist: 0.09m | Reward: 0.000 | Collisions: 0 | Waypoints: 2/32
2026-05-04 19:59:37,772 - carla_training - INFO - Step 590 | Speed: 0.7 km/h | Pos: (233.4, 195.2, 0.0) | Dist: 0.09m | Reward: 0.000 | Collisions: 0 | Waypoints: 2/32
2026-05-04 19:59:43,172 - carla_training - INFO - Step 600 | Speed: 0.0 km/h | Pos: (233.4, 195.2, 0.0) | Dist: 0.08m | Reward: 0.000 | Collisions: 0 | Waypoints: 2/32
2026-05-04 19:59:48,531 - carla_training - INFO - Step 610 | Speed: 0.0 km/h | Pos: (233.3, 195.2, 0.0) | Dist: 0.08m | Reward: 0.000 | Collisions: 0 | Waypoints: 2/32
2026-05-04 19:59:53,928 - carla_training - INFO - Step 620 | Speed: 0.4 km/h | Pos: (233.3, 195.2, 0.0) | Dist: 0.08m | Reward: 0.027 | Collisions: 0 | Waypoints: 2/32
2026-05-04 19:59:59,327 - carla_training - INFO - Step 630 | Speed: 0.0 km/h | Pos: (233.3, 195.2, 0.0) | Dist: 0.08m | Reward: 0.000 | Collisions: 0 | Waypoints: 2/32
2026-05-04 20:00:04,727 - carla_training - INFO - Step 640 | Speed: 0.5 km/h | Pos: (233.3, 195.2, 0.0) | Dist: 0.08m | Reward: 0.027 | Collisions: 0 | Waypoints: 2/32
2026-05-04 20:00:10,108 - carla_training - INFO - Step 650 | Speed: 0.0 km/h | Pos: (233.2, 195.2, 0.0) | Dist: 0.08m | Reward: 0.000 | Collisions: 0 | Waypoints: 2/32
2026-05-04 20:00:15,452 - carla_training - INFO - Step 660 | Speed: 0.4 km/h | Pos: (233.2, 195.2, 0.0) | Dist: 0.08m | Reward: 0.017 | Collisions: 0 | Waypoints: 2/32
2026-05-04 20:00:20,799 - carla_training - INFO - Step 670 | Speed: 0.9 km/h | Pos: (233.1, 195.2, 0.0) | Dist: 0.08m | Reward: 0.046 | Collisions: 0 | Waypoints: 2/32
2026-05-04 20:00:26,192 - carla_training - INFO - Step 680 | Speed: 0.7 km/h | Pos: (233.1, 195.2, 0.0) | Dist: 0.08m | Reward: 0.029 | Collisions: 0 | Waypoints: 2/32
2026-05-04 20:00:31,580 - carla_training - INFO - Step 690 | Speed: 0.0 km/h | Pos: (233.1, 195.2, 0.0) | Dist: 0.08m | Reward: 0.000 | Collisions: 0 | Waypoints: 2/32
2026-05-04 20:00:36,978 - carla_training - INFO - Step 700 | Speed: 1.2 km/h | Pos: (233.0, 195.2, 0.0) | Dist: 0.08m | Reward: 0.057 | Collisions: 0 | Waypoints: 2/32
2026-05-04 20:00:42,365 - carla_training - INFO - Step 710 | Speed: 0.0 km/h | Pos: (233.0, 195.2, 0.0) | Dist: 0.08m | Reward: 0.000 | Collisions: 0 | Waypoints: 2/32
2026-05-04 20:00:47,726 - carla_training - INFO - Step 720 | Speed: 0.0 km/h | Pos: (232.9, 195.2, 0.0) | Dist: 0.08m | Reward: 0.000 | Collisions: 0 | Waypoints: 2/32
2026-05-04 20:00:53,111 - carla_training - INFO - Step 730 | Speed: 0.3 km/h | Pos: (232.9, 195.2, 0.0) | Dist: 0.08m | Reward: 0.016 | Collisions: 0 | Waypoints: 2/32
2026-05-04 20:00:58,509 - carla_training - INFO - Step 740 | Speed: 0.0 km/h | Pos: (232.9, 195.2, 0.0) | Dist: 0.08m | Reward: 0.000 | Collisions: 0 | Waypoints: 2/32
2026-05-04 20:01:03,924 - carla_training - INFO - Step 750 | Speed: 0.3 km/h | Pos: (232.9, 195.2, 0.0) | Dist: 0.08m | Reward: 0.015 | Collisions: 0 | Waypoints: 2/32
2026-05-04 20:01:09,221 - carla_training - INFO - Step 760 | Speed: 0.0 km/h | Pos: (232.9, 195.2, 0.0) | Dist: 0.08m | Reward: 0.000 | Collisions: 0 | Waypoints: 2/32
2026-05-04 20:01:14,577 - carla_training - INFO - Step 770 | Speed: 0.0 km/h | Pos: (232.9, 195.2, 0.0) | Dist: 0.08m | Reward: 0.000 | Collisions: 0 | Waypoints: 2/32
2026-05-04 20:01:19,916 - carla_training - INFO - Step 780 | Speed: 0.0 km/h | Pos: (232.8, 195.2, 0.0) | Dist: 0.08m | Reward: 0.000 | Collisions: 0 | Waypoints: 2/32
2026-05-04 20:01:25,283 - carla_training - INFO - Step 790 | Speed: 0.1 km/h | Pos: (232.8, 195.2, 0.0) | Dist: 0.08m | Reward: 0.000 | Collisions: 0 | Waypoints: 2/32
2026-05-04 20:01:30,680 - carla_training - INFO - Step 800 | Speed: 0.5 km/h | Pos: (232.8, 195.2, 0.0) | Dist: 0.08m | Reward: 0.033 | Collisions: 0 | Waypoints: 2/32
2026-05-04 20:01:36,050 - carla_training - INFO - Step 810 | Speed: 0.0 km/h | Pos: (232.8, 195.2, 0.0) | Dist: 0.08m | Reward: 0.000 | Collisions: 0 | Waypoints: 2/32
2026-05-04 20:01:41,426 - carla_training - INFO - Step 820 | Speed: 0.0 km/h | Pos: (232.8, 195.2, 0.0) | Dist: 0.08m | Reward: 0.000 | Collisions: 0 | Waypoints: 2/32
2026-05-04 20:01:46,795 - carla_training - INFO - Step 830 | Speed: 0.2 km/h | Pos: (232.8, 195.2, 0.0) | Dist: 0.08m | Reward: 0.008 | Collisions: 0 | Waypoints: 2/32
2026-05-04 20:01:52,169 - carla_training - INFO - Step 840 | Speed: 0.3 km/h | Pos: (232.7, 195.2, 0.0) | Dist: 0.08m | Reward: 0.008 | Collisions: 0 | Waypoints: 2/32
2026-05-04 20:01:57,569 - carla_training - INFO - Step 850 | Speed: 0.0 km/h | Pos: (232.7, 195.2, 0.0) | Dist: 0.08m | Reward: 0.000 | Collisions: 0 | Waypoints: 2/32
2026-05-04 20:02:02,927 - carla_training - INFO - Step 860 | Speed: 0.1 km/h | Pos: (232.7, 195.2, 0.0) | Dist: 0.08m | Reward: 0.003 | Collisions: 0 | Waypoints: 2/32
2026-05-04 20:02:08,269 - carla_training - INFO - Step 870 | Speed: 0.0 km/h | Pos: (232.7, 195.2, 0.0) | Dist: 0.08m | Reward: 0.000 | Collisions: 0 | Waypoints: 2/32
2026-05-04 20:02:13,693 - carla_training - INFO - Step 880 | Speed: 0.5 km/h | Pos: (232.7, 195.2, 0.0) | Dist: 0.08m | Reward: 0.021 | Collisions: 0 | Waypoints: 2/32
2026-05-04 20:02:19,097 - carla_training - INFO - Step 890 | Speed: 0.0 km/h | Pos: (232.7, 195.2, 0.0) | Dist: 0.08m | Reward: 0.000 | Collisions: 0 | Waypoints: 2/32
2026-05-04 20:02:24,463 - carla_training - INFO - Step 900 | Speed: 0.0 km/h | Pos: (232.7, 195.2, 0.0) | Dist: 0.08m | Reward: 0.000 | Collisions: 0 | Waypoints: 2/32
2026-05-04 20:02:29,861 - carla_training - INFO - Step 910 | Speed: 0.0 km/h | Pos: (232.7, 195.2, 0.0) | Dist: 0.08m | Reward: 0.000 | Collisions: 0 | Waypoints: 2/32
2026-05-04 20:02:35,259 - carla_training - INFO - Step 920 | Speed: 0.3 km/h | Pos: (232.7, 195.2, 0.0) | Dist: 0.08m | Reward: 0.010 | Collisions: 0 | Waypoints: 2/32
2026-05-04 20:02:40,661 - carla_training - INFO - Step 930 | Speed: 0.0 km/h | Pos: (232.6, 195.2, 0.0) | Dist: 0.08m | Reward: 0.000 | Collisions: 0 | Waypoints: 2/32
2026-05-04 20:02:46,039 - carla_training - INFO - Step 940 | Speed: 0.0 km/h | Pos: (232.6, 195.2, 0.0) | Dist: 0.08m | Reward: 0.000 | Collisions: 0 | Waypoints: 2/32
2026-05-04 20:02:51,413 - carla_training - INFO - Step 950 | Speed: 0.0 km/h | Pos: (232.6, 195.2, 0.0) | Dist: 0.08m | Reward: 0.000 | Collisions: 0 | Waypoints: 2/32
2026-05-04 20:02:56,772 - carla_training - INFO - Step 960 | Speed: 0.2 km/h | Pos: (232.6, 195.2, 0.0) | Dist: 0.08m | Reward: 0.012 | Collisions: 0 | Waypoints: 2/32
2026-05-04 20:03:02,173 - carla_training - INFO - Step 970 | Speed: 0.4 km/h | Pos: (232.6, 195.2, 0.0) | Dist: 0.08m | Reward: 0.021 | Collisions: 0 | Waypoints: 2/32
2026-05-04 20:03:07,569 - carla_training - INFO - Step 980 | Speed: 0.0 km/h | Pos: (232.6, 195.2, 0.0) | Dist: 0.08m | Reward: 0.000 | Collisions: 0 | Waypoints: 2/32
2026-05-04 20:03:12,969 - carla_training - INFO - Step 990 | Speed: 1.4 km/h | Pos: (232.4, 195.2, 0.0) | Dist: 0.09m | Reward: 0.064 | Collisions: 0 | Waypoints: 2/32
2026-05-04 20:03:18,358 - carla_training - INFO - Step 1000 | Speed: 0.0 km/h | Pos: (232.4, 195.2, 0.0) | Dist: 0.09m | Reward: 0.000 | Collisions: 0 | Waypoints: 2/32
2026-05-04 20:03:23,753 - carla_training - INFO - Step 1010 | Speed: 1.4 km/h | Pos: (232.4, 195.2, 0.0) | Dist: 0.09m | Reward: 0.033 | Collisions: 0 | Waypoints: 2/32
2026-05-04 20:03:29,147 - carla_training - INFO - Step 1020 | Speed: 0.0 km/h | Pos: (232.4, 195.2, 0.0) | Dist: 0.09m | Reward: 0.000 | Collisions: 0 | Waypoints: 2/32
2026-05-04 20:03:34,478 - carla_training - INFO - Step 1030 | Speed: 0.0 km/h | Pos: (232.4, 195.2, 0.0) | Dist: 0.09m | Reward: 0.000 | Collisions: 0 | Waypoints: 2/32
2026-05-04 20:03:39,889 - carla_training - INFO - Step 1040 | Speed: 0.0 km/h | Pos: (232.4, 195.2, 0.0) | Dist: 0.08m | Reward: 0.000 | Collisions: 0 | Waypoints: 2/32
2026-05-04 20:03:45,291 - carla_training - INFO - Step 1050 | Speed: 0.0 km/h | Pos: (232.4, 195.2, 0.0) | Dist: 0.08m | Reward: 0.000 | Collisions: 0 | Waypoints: 2/32
2026-05-04 20:03:50,705 - carla_training - INFO - Step 1060 | Speed: 0.3 km/h | Pos: (232.3, 195.2, 0.0) | Dist: 0.08m | Reward: 0.000 | Collisions: 0 | Waypoints: 2/32
2026-05-04 20:03:56,112 - carla_training - INFO - Step 1070 | Speed: 0.0 km/h | Pos: (232.3, 195.2, 0.0) | Dist: 0.08m | Reward: 0.000 | Collisions: 0 | Waypoints: 2/32
2026-05-04 20:04:01,517 - carla_training - INFO - Step 1080 | Speed: 0.3 km/h | Pos: (232.3, 195.2, 0.0) | Dist: 0.08m | Reward: 0.007 | Collisions: 0 | Waypoints: 2/32
2026-05-04 20:04:06,933 - carla_training - INFO - Step 1090 | Speed: 0.6 km/h | Pos: (232.3, 195.2, 0.0) | Dist: 0.08m | Reward: 0.011 | Collisions: 0 | Waypoints: 2/32
2026-05-04 20:04:12,313 - carla_training - INFO - Step 1100 | Speed: 0.0 km/h | Pos: (232.3, 195.2, 0.0) | Dist: 0.07m | Reward: 0.000 | Collisions: 0 | Waypoints: 2/32
2026-05-04 20:04:17,710 - carla_training - INFO - Step 1110 | Speed: 0.1 km/h | Pos: (232.3, 195.2, 0.0) | Dist: 0.07m | Reward: 0.003 | Collisions: 0 | Waypoints: 2/32
2026-05-04 20:04:23,124 - carla_training - INFO - Step 1120 | Speed: 0.3 km/h | Pos: (232.2, 195.2, 0.0) | Dist: 0.07m | Reward: 0.017 | Collisions: 0 | Waypoints: 2/32
2026-05-04 20:04:28,542 - carla_training - INFO - Step 1130 | Speed: 0.2 km/h | Pos: (232.2, 195.2, 0.0) | Dist: 0.07m | Reward: 0.001 | Collisions: 0 | Waypoints: 2/32
2026-05-04 20:04:33,879 - carla_training - INFO - Step 1140 | Speed: 0.0 km/h | Pos: (232.2, 195.2, 0.0) | Dist: 0.07m | Reward: 0.000 | Collisions: 0 | Waypoints: 2/32
2026-05-04 20:04:39,369 - carla_training - INFO - Step 1150 | Speed: 0.0 km/h | Pos: (232.2, 195.2, 0.0) | Dist: 0.07m | Reward: 0.000 | Collisions: 0 | Waypoints: 2/32
2026-05-04 20:04:44,675 - carla_training - INFO - Step 1160 | Speed: 0.0 km/h | Pos: (232.2, 195.2, 0.0) | Dist: 0.07m | Reward: 0.000 | Collisions: 0 | Waypoints: 2/32
2026-05-04 20:04:49,853 - carla_training - INFO - Step 1170 | Speed: 0.3 km/h | Pos: (232.2, 195.2, 0.0) | Dist: 0.07m | Reward: 0.010 | Collisions: 0 | Waypoints: 2/32
2026-05-04 20:04:55,249 - carla_training - INFO - Step 1180 | Speed: 0.0 km/h | Pos: (232.1, 195.2, 0.0) | Dist: 0.07m | Reward: 0.000 | Collisions: 0 | Waypoints: 2/32
2026-05-04 20:05:00,669 - carla_training - INFO - Step 1190 | Speed: 0.0 km/h | Pos: (232.0, 195.2, 0.0) | Dist: 0.05m | Reward: 0.000 | Collisions: 0 | Waypoints: 2/32
2026-05-04 20:05:06,646 - carla_training - INFO - Step 1200 | Speed: 0.0 km/h | Pos: (231.9, 195.2, 0.0) | Dist: 0.04m | Reward: 0.000 | Collisions: 0 | Waypoints: 2/32
2026-05-04 20:05:12,569 - carla_training - INFO - Step 1210 | Speed: 0.0 km/h | Pos: (231.9, 195.2, 0.0) | Dist: 0.04m | Reward: 0.000 | Collisions: 0 | Waypoints: 2/32
2026-05-04 20:05:17,973 - carla_training - INFO - Step 1220 | Speed: 0.1 km/h | Pos: (231.9, 195.2, 0.0) | Dist: 0.04m | Reward: 0.006 | Collisions: 0 | Waypoints: 2/32
2026-05-04 20:05:23,347 - carla_training - INFO - Step 1230 | Speed: 0.3 km/h | Pos: (231.9, 195.2, 0.0) | Dist: 0.04m | Reward: 0.011 | Collisions: 0 | Waypoints: 2/32
2026-05-04 20:05:28,753 - carla_training - INFO - Step 1240 | Speed: 0.0 km/h | Pos: (231.9, 195.2, 0.0) | Dist: 0.04m | Reward: 0.000 | Collisions: 0 | Waypoints: 2/32
2026-05-04 20:05:34,154 - carla_training - INFO - Step 1250 | Speed: 0.0 km/h | Pos: (231.9, 195.2, 0.0) | Dist: 0.04m | Reward: 0.000 | Collisions: 0 | Waypoints: 2/32
2026-05-04 20:05:35,228 - carla_training - INFO - 
Training speed: 1 fps | Total steps: 12000
2026-05-04 20:05:39,545 - carla_training - INFO - Step 1260 | Speed: 0.0 km/h | Pos: (231.9, 195.2, 0.0) | Dist: 0.04m | Reward: 0.000 | Collisions: 0 | Waypoints: 2/32
2026-05-04 20:05:44,963 - carla_training - INFO - Step 1270 | Speed: 0.1 km/h | Pos: (231.9, 195.2, 0.0) | Dist: 0.04m | Reward: 0.004 | Collisions: 0 | Waypoints: 2/32
2026-05-04 20:05:50,359 - carla_training - INFO - Step 1280 | Speed: 0.1 km/h | Pos: (231.9, 195.2, 0.0) | Dist: 0.03m | Reward: 0.002 | Collisions: 0 | Waypoints: 2/32
2026-05-04 20:05:55,758 - carla_training - INFO - Step 1290 | Speed: 0.3 km/h | Pos: (231.9, 195.2, 0.0) | Dist: 0.03m | Reward: 0.007 | Collisions: 0 | Waypoints: 2/32
2026-05-04 20:06:01,171 - carla_training - INFO - Step 1300 | Speed: 0.0 km/h | Pos: (231.9, 195.2, 0.0) | Dist: 0.03m | Reward: 0.000 | Collisions: 0 | Waypoints: 2/32
2026-05-04 20:06:06,557 - carla_training - INFO - Step 1310 | Speed: 0.0 km/h | Pos: (231.9, 195.2, 0.0) | Dist: 0.03m | Reward: 0.000 | Collisions: 0 | Waypoints: 2/32
2026-05-04 20:06:11,920 - carla_training - INFO - Step 1320 | Speed: 0.0 km/h | Pos: (231.8, 195.2, 0.0) | Dist: 0.03m | Reward: 0.000 | Collisions: 0 | Waypoints: 2/32
2026-05-04 20:06:17,267 - carla_training - INFO - Step 1330 | Speed: 0.3 km/h | Pos: (231.8, 195.2, 0.0) | Dist: 0.03m | Reward: 0.016 | Collisions: 0 | Waypoints: 2/32
2026-05-04 20:06:22,624 - carla_training - INFO - Step 1340 | Speed: 0.2 km/h | Pos: (231.8, 195.2, 0.0) | Dist: 0.03m | Reward: 0.004 | Collisions: 0 | Waypoints: 2/32
2026-05-04 20:06:28,008 - carla_training - INFO - Step 1350 | Speed: 0.0 km/h | Pos: (231.8, 195.2, 0.0) | Dist: 0.03m | Reward: 0.000 | Collisions: 0 | Waypoints: 2/32
2026-05-04 20:06:33,417 - carla_training - INFO - Step 1360 | Speed: 0.0 km/h | Pos: (231.8, 195.2, 0.0) | Dist: 0.03m | Reward: 0.000 | Collisions: 0 | Waypoints: 2/32
2026-05-04 20:06:38,828 - carla_training - INFO - Step 1370 | Speed: 0.0 km/h | Pos: (231.8, 195.2, 0.0) | Dist: 0.03m | Reward: 0.000 | Collisions: 0 | Waypoints: 2/32
2026-05-04 20:06:44,225 - carla_training - INFO - Step 1380 | Speed: 0.0 km/h | Pos: (231.8, 195.2, 0.0) | Dist: 0.03m | Reward: 0.000 | Collisions: 0 | Waypoints: 2/32
2026-05-04 20:06:49,635 - carla_training - INFO - Step 1390 | Speed: 0.0 km/h | Pos: (231.8, 195.2, 0.0) | Dist: 0.03m | Reward: 0.000 | Collisions: 0 | Waypoints: 2/32
2026-05-04 20:06:52,326 - carla_training - INFO - 
============================================================
2026-05-04 20:06:52,326 - carla_training - INFO - Episode 16 Summary:
2026-05-04 20:06:52,326 - carla_training - INFO -   Termination Reason: REWARD_BASED (Unknown)
2026-05-04 20:06:52,326 - carla_training - INFO -   Total Reward: 1.02
2026-05-04 20:06:52,326 - carla_training - INFO -   Steps: 1395
2026-05-04 20:06:52,327 - carla_training - INFO -   Duration: 751.69 seconds
2026-05-04 20:06:52,327 - carla_training - INFO -   Average Speed: 0.19 km/h
2026-05-04 20:06:52,327 - carla_training - INFO -   Max Speed: 2.76 km/h
2026-05-04 20:06:52,327 - carla_training - INFO -   Total Distance: 3.04 meters
2026-05-04 20:06:52,327 - carla_training - INFO -   Average Lane Deviation: 0.07 meters
2026-05-04 20:06:52,327 - carla_training - INFO -   Waypoints Reached: 2
2026-05-04 20:06:52,327 - carla_training - INFO - ============================================================

2026-05-04 20:06:52,389 - carla_training - INFO - 🚗 Vehicle spawned and stabilized!
2026-05-04 20:06:52,401 - carla_training - INFO - ✅ Generated 32 waypoints for navigation
2026-05-04 20:06:52,401 - carla_training - INFO -    Complexity: 0 junctions, 0 turns (0.0% turn rate)
2026-05-04 20:07:00,096 - carla_training - INFO - Step 10 | Speed: 0.0 km/h | Pos: (234.7, 195.3, 0.0) | Dist: 0.12m | Reward: 0.000 | Collisions: 0 | Waypoints: 1/32
2026-05-04 20:07:06,504 - carla_training - INFO - Step 20 | Speed: 9.0 km/h | Pos: (234.3, 195.3, 0.0) | Dist: 0.11m | Reward: 0.555 | Collisions: 0 | Waypoints: 1/32
2026-05-04 20:07:12,904 - carla_training - INFO - Step 30 | Speed: 9.3 km/h | Pos: (233.0, 195.2, 0.0) | Dist: 0.06m | Reward: 0.477 | Collisions: 0 | Waypoints: 2/32
2026-05-04 20:07:19,301 - carla_training - INFO - Step 40 | Speed: 8.8 km/h | Pos: (231.8, 195.1, 0.0) | Dist: 0.10m | Reward: 0.174 | Collisions: 0 | Waypoints: 2/32
2026-05-04 20:07:25,740 - carla_training - INFO - Step 50 | Speed: 10.6 km/h | Pos: (230.5, 194.7, 0.0) | Dist: 0.45m | Reward: 0.000 | Collisions: 0 | Waypoints: 3/32
2026-05-04 20:07:28,326 - carla_training - INFO - ⚠️ Collision #1 detected with static.pole!
2026-05-04 20:07:30,664 - carla_training - INFO - Step 60 | Speed: 0.1 km/h | Pos: (230.0, 194.4, 0.0) | Dist: 0.76m | Reward: -0.033 | Collisions: 1 | Waypoints: 3/32
2026-05-04 20:07:34,194 - carla_training - INFO - ⚠️ Collision #2 detected with static.pole!
2026-05-04 20:07:34,809 - carla_training - INFO - ⚠️ Collision #3 detected with static.pole!
2026-05-04 20:07:34,810 - carla_training - INFO - ⚠️ Collision #4 detected with static.pole!
2026-05-04 20:07:34,810 - carla_training - INFO - ⚠️ Collision #5 detected with static.pole!
2026-05-04 20:07:36,040 - carla_training - INFO - Step 70 | Speed: 0.0 km/h | Pos: (229.9, 194.4, 0.0) | Dist: 0.78m | Reward: -0.400 | Collisions: 12 | Waypoints: 3/32
2026-05-04 20:07:38,508 - carla_training - INFO - ⚠️ Collision #20 detected (continuing episode)
2026-05-04 20:07:40,953 - carla_training - INFO - 
============================================================
2026-05-04 20:07:40,954 - carla_training - INFO - Episode 17 Summary:
2026-05-04 20:07:40,954 - carla_training - INFO -   Termination Reason: REWARD_BASED (Unknown)
2026-05-04 20:07:40,954 - carla_training - INFO -   Total Reward: -5.21
2026-05-04 20:07:40,954 - carla_training - INFO -   Steps: 78
2026-05-04 20:07:40,954 - carla_training - INFO -   Duration: 48.63 seconds
2026-05-04 20:07:40,954 - carla_training - INFO -   Average Speed: 4.71 km/h
2026-05-04 20:07:40,954 - carla_training - INFO -   Max Speed: 11.54 km/h
2026-05-04 20:07:40,954 - carla_training - INFO -   Total Distance: 5.05 meters
2026-05-04 20:07:40,954 - carla_training - INFO -   Average Lane Deviation: 0.35 meters
2026-05-04 20:07:40,954 - carla_training - INFO -   Waypoints Reached: 3
2026-05-04 20:07:40,954 - carla_training - INFO - ============================================================

2026-05-04 20:07:41,010 - carla_training - INFO - 🚗 Vehicle spawned and stabilized!
2026-05-04 20:07:41,022 - carla_training - INFO - ✅ Generated 32 waypoints for navigation
2026-05-04 20:07:41,023 - carla_training - INFO -    Complexity: 0 junctions, 0 turns (0.0% turn rate)
2026-05-04 20:07:47,746 - carla_training - INFO - Step 10 | Speed: 0.0 km/h | Pos: (234.7, 195.3, 0.0) | Dist: 0.12m | Reward: 0.000 | Collisions: 0 | Waypoints: 1/32
2026-05-04 20:07:54,170 - carla_training - INFO - Step 20 | Speed: 0.0 km/h | Pos: (234.7, 195.3, 0.0) | Dist: 0.12m | Reward: 0.000 | Collisions: 0 | Waypoints: 1/32
2026-05-04 20:08:00,024 - carla_training - INFO - Step 30 | Speed: 0.0 km/h | Pos: (234.7, 195.3, 0.0) | Dist: 0.12m | Reward: 0.000 | Collisions: 0 | Waypoints: 1/32
2026-05-04 20:08:04,512 - carla_training - INFO - Step 40 | Speed: 0.0 km/h | Pos: (234.7, 195.3, 0.0) | Dist: 0.12m | Reward: 0.000 | Collisions: 0 | Waypoints: 1/32
2026-05-04 20:08:10,674 - carla_training - INFO - Step 50 | Speed: 0.0 km/h | Pos: (234.6, 195.3, 0.0) | Dist: 0.12m | Reward: 0.000 | Collisions: 0 | Waypoints: 1/32
2026-05-04 20:08:15,541 - carla_training - INFO - Step 60 | Speed: 0.2 km/h | Pos: (234.6, 195.3, 0.0) | Dist: 0.12m | Reward: 0.011 | Collisions: 0 | Waypoints: 1/32
2026-05-04 20:08:22,150 - carla_training - INFO - Step 70 | Speed: 0.0 km/h | Pos: (234.6, 195.3, 0.0) | Dist: 0.12m | Reward: 0.000 | Collisions: 0 | Waypoints: 1/32
2026-05-04 20:08:26,950 - carla_training - INFO - Step 80 | Speed: 0.0 km/h | Pos: (234.5, 195.3, 0.0) | Dist: 0.11m | Reward: 0.000 | Collisions: 0 | Waypoints: 1/32
2026-05-04 20:08:31,738 - carla_training - INFO - Step 90 | Speed: 0.0 km/h | Pos: (234.5, 195.3, 0.0) | Dist: 0.11m | Reward: 0.000 | Collisions: 0 | Waypoints: 1/32
2026-05-04 20:08:36,554 - carla_training - INFO - Step 100 | Speed: 0.0 km/h | Pos: (234.5, 195.3, 0.0) | Dist: 0.11m | Reward: 0.000 | Collisions: 0 | Waypoints: 1/32
2026-05-04 20:08:41,379 - carla_training - INFO - Step 110 | Speed: 0.9 km/h | Pos: (234.4, 195.3, 0.0) | Dist: 0.10m | Reward: 0.049 | Collisions: 0 | Waypoints: 1/32
2026-05-04 20:08:46,191 - carla_training - INFO - Step 120 | Speed: 0.0 km/h | Pos: (234.3, 195.3, 0.0) | Dist: 0.11m | Reward: 0.000 | Collisions: 0 | Waypoints: 1/32
2026-05-04 20:08:53,067 - carla_training - INFO - Step 130 | Speed: 0.5 km/h | Pos: (234.3, 195.3, 0.0) | Dist: 0.11m | Reward: 0.032 | Collisions: 0 | Waypoints: 1/32
2026-05-04 20:08:58,029 - carla_training - INFO - Step 140 | Speed: 0.0 km/h | Pos: (234.3, 195.3, 0.0) | Dist: 0.11m | Reward: 0.000 | Collisions: 0 | Waypoints: 1/32
2026-05-04 20:09:02,797 - carla_training - INFO - Step 150 | Speed: 0.0 km/h | Pos: (234.3, 195.3, 0.0) | Dist: 0.11m | Reward: 0.000 | Collisions: 0 | Waypoints: 1/32
2026-05-04 20:09:08,491 - carla_training - INFO - Step 160 | Speed: 0.2 km/h | Pos: (234.3, 195.3, 0.0) | Dist: 0.10m | Reward: 0.012 | Collisions: 0 | Waypoints: 1/32
2026-05-04 20:09:14,514 - carla_training - INFO - Step 170 | Speed: 0.0 km/h | Pos: (234.3, 195.3, 0.0) | Dist: 0.11m | Reward: 0.000 | Collisions: 0 | Waypoints: 1/32
2026-05-04 20:09:20,034 - carla_training - INFO - Step 180 | Speed: 0.4 km/h | Pos: (234.2, 195.3, 0.0) | Dist: 0.10m | Reward: 0.021 | Collisions: 0 | Waypoints: 1/32
2026-05-04 20:09:25,573 - carla_training - INFO - Step 190 | Speed: 0.1 km/h | Pos: (234.2, 195.3, 0.0) | Dist: 0.10m | Reward: 0.007 | Collisions: 0 | Waypoints: 1/32
2026-05-04 20:09:31,126 - carla_training - INFO - Step 200 | Speed: 0.0 km/h | Pos: (234.2, 195.3, 0.0) | Dist: 0.10m | Reward: 0.000 | Collisions: 0 | Waypoints: 1/32
2026-05-04 20:09:36,664 - carla_training - INFO - Step 210 | Speed: 0.0 km/h | Pos: (234.2, 195.3, 0.0) | Dist: 0.10m | Reward: 0.000 | Collisions: 0 | Waypoints: 1/32
2026-05-04 20:09:42,212 - carla_training - INFO - Step 220 | Speed: 0.0 km/h | Pos: (234.2, 195.3, 0.0) | Dist: 0.10m | Reward: 0.000 | Collisions: 0 | Waypoints: 1/32
2026-05-04 20:09:47,784 - carla_training - INFO - Step 230 | Speed: 0.0 km/h | Pos: (234.1, 195.2, 0.0) | Dist: 0.09m | Reward: 0.000 | Collisions: 0 | Waypoints: 1/32
2026-05-04 20:09:53,384 - carla_training - INFO - Step 240 | Speed: 0.0 km/h | Pos: (234.1, 195.2, 0.0) | Dist: 0.09m | Reward: 0.000 | Collisions: 0 | Waypoints: 1/32
2026-05-04 20:09:58,926 - carla_training - INFO - Step 250 | Speed: 0.0 km/h | Pos: (234.1, 195.2, 0.0) | Dist: 0.09m | Reward: 0.000 | Collisions: 0 | Waypoints: 1/32
2026-05-04 20:10:04,382 - carla_training - INFO - Step 260 | Speed: 0.6 km/h | Pos: (234.1, 195.2, 0.0) | Dist: 0.09m | Reward: 0.042 | Collisions: 0 | Waypoints: 1/32
2026-05-04 20:10:09,941 - carla_training - INFO - Step 270 | Speed: 0.0 km/h | Pos: (234.0, 195.2, 0.0) | Dist: 0.09m | Reward: 0.000 | Collisions: 0 | Waypoints: 1/32
2026-05-04 20:10:15,457 - carla_training - INFO - Step 280 | Speed: 0.0 km/h | Pos: (234.0, 195.2, 0.0) | Dist: 0.09m | Reward: 0.000 | Collisions: 0 | Waypoints: 1/32
2026-05-04 20:10:20,945 - carla_training - INFO - Step 290 | Speed: 0.0 km/h | Pos: (234.0, 195.2, 0.0) | Dist: 0.09m | Reward: 0.000 | Collisions: 0 | Waypoints: 1/32
2026-05-04 20:10:26,435 - carla_training - INFO - Step 300 | Speed: 0.4 km/h | Pos: (234.0, 195.2, 0.0) | Dist: 0.09m | Reward: 0.015 | Collisions: 0 | Waypoints: 1/32
2026-05-04 20:10:31,966 - carla_training - INFO - Step 310 | Speed: 0.0 km/h | Pos: (234.0, 195.2, 0.0) | Dist: 0.10m | Reward: 0.000 | Collisions: 0 | Waypoints: 1/32
2026-05-04 20:10:37,472 - carla_training - INFO - Step 320 | Speed: 0.1 km/h | Pos: (234.0, 195.2, 0.0) | Dist: 0.10m | Reward: 0.006 | Collisions: 0 | Waypoints: 1/32
2026-05-04 20:10:42,989 - carla_training - INFO - Step 330 | Speed: 0.0 km/h | Pos: (233.9, 195.2, 0.0) | Dist: 0.10m | Reward: 0.000 | Collisions: 0 | Waypoints: 1/32
2026-05-04 20:10:48,508 - carla_training - INFO - Step 340 | Speed: 0.0 km/h | Pos: (233.9, 195.2, 0.0) | Dist: 0.10m | Reward: 0.000 | Collisions: 0 | Waypoints: 1/32
2026-05-04 20:10:54,017 - carla_training - INFO - Step 350 | Speed: 0.0 km/h | Pos: (233.9, 195.3, 0.0) | Dist: 0.10m | Reward: 0.000 | Collisions: 0 | Waypoints: 1/32
2026-05-04 20:10:59,504 - carla_training - INFO - Step 360 | Speed: 0.0 km/h | Pos: (233.9, 195.3, 0.0) | Dist: 0.10m | Reward: 0.000 | Collisions: 0 | Waypoints: 1/32
2026-05-04 20:11:05,037 - carla_training - INFO - Step 370 | Speed: 0.0 km/h | Pos: (233.8, 195.3, 0.0) | Dist: 0.10m | Reward: 0.000 | Collisions: 0 | Waypoints: 1/32
2026-05-04 20:11:10,559 - carla_training - INFO - Step 380 | Speed: 0.0 km/h | Pos: (233.8, 195.3, 0.0) | Dist: 0.10m | Reward: 0.000 | Collisions: 0 | Waypoints: 1/32
2026-05-04 20:11:16,082 - carla_training - INFO - Step 390 | Speed: 0.0 km/h | Pos: (233.8, 195.3, 0.0) | Dist: 0.10m | Reward: 0.000 | Collisions: 0 | Waypoints: 1/32
2026-05-04 20:11:21,585 - carla_training - INFO - Step 400 | Speed: 0.0 km/h | Pos: (233.8, 195.3, 0.0) | Dist: 0.11m | Reward: 0.000 | Collisions: 0 | Waypoints: 1/32
2026-05-04 20:11:27,074 - carla_training - INFO - Step 410 | Speed: 3.3 km/h | Pos: (233.7, 195.3, 0.0) | Dist: 0.11m | Reward: 0.203 | Collisions: 0 | Waypoints: 2/32
2026-05-04 20:11:32,582 - carla_training - INFO - Step 420 | Speed: 0.0 km/h | Pos: (233.3, 195.2, 0.0) | Dist: 0.10m | Reward: 0.000 | Collisions: 0 | Waypoints: 2/32
2026-05-04 20:11:38,045 - carla_training - INFO - Step 430 | Speed: 0.0 km/h | Pos: (233.3, 195.2, 0.0) | Dist: 0.10m | Reward: 0.000 | Collisions: 0 | Waypoints: 2/32
2026-05-04 20:11:43,555 - carla_training - INFO - Step 440 | Speed: 0.3 km/h | Pos: (233.3, 195.2, 0.0) | Dist: 0.10m | Reward: 0.015 | Collisions: 0 | Waypoints: 2/32
2026-05-04 20:11:49,045 - carla_training - INFO - Step 450 | Speed: 0.4 km/h | Pos: (233.2, 195.2, 0.0) | Dist: 0.10m | Reward: 0.015 | Collisions: 0 | Waypoints: 2/32
2026-05-04 20:11:54,517 - carla_training - INFO - Step 460 | Speed: 0.4 km/h | Pos: (233.1, 195.2, 0.0) | Dist: 0.09m | Reward: 0.004 | Collisions: 0 | Waypoints: 2/32
2026-05-04 20:12:00,007 - carla_training - INFO - Step 470 | Speed: 0.0 km/h | Pos: (233.1, 195.2, 0.0) | Dist: 0.08m | Reward: 0.000 | Collisions: 0 | Waypoints: 2/32
2026-05-04 20:12:05,498 - carla_training - INFO - Step 480 | Speed: 1.6 km/h | Pos: (233.1, 195.2, 0.0) | Dist: 0.08m | Reward: 0.101 | Collisions: 0 | Waypoints: 2/32
2026-05-04 20:12:11,004 - carla_training - INFO - Step 490 | Speed: 0.0 km/h | Pos: (232.9, 195.2, 0.0) | Dist: 0.08m | Reward: 0.000 | Collisions: 0 | Waypoints: 2/32
2026-05-04 20:12:16,517 - carla_training - INFO - Step 500 | Speed: 0.3 km/h | Pos: (232.9, 195.2, 0.0) | Dist: 0.08m | Reward: 0.000 | Collisions: 0 | Waypoints: 2/32
2026-05-04 20:12:22,040 - carla_training - INFO - Step 510 | Speed: 1.2 km/h | Pos: (232.8, 195.2, 0.0) | Dist: 0.07m | Reward: 0.071 | Collisions: 0 | Waypoints: 2/32
2026-05-04 20:12:27,542 - carla_training - INFO - Step 520 | Speed: 0.0 km/h | Pos: (232.8, 195.2, 0.0) | Dist: 0.07m | Reward: 0.000 | Collisions: 0 | Waypoints: 2/32
2026-05-04 20:12:33,053 - carla_training - INFO - Step 530 | Speed: 0.3 km/h | Pos: (232.8, 195.2, 0.0) | Dist: 0.07m | Reward: 0.009 | Collisions: 0 | Waypoints: 2/32
2026-05-04 20:12:38,456 - carla_training - INFO - Step 540 | Speed: 0.0 km/h | Pos: (232.8, 195.2, 0.0) | Dist: 0.07m | Reward: 0.000 | Collisions: 0 | Waypoints: 2/32
2026-05-04 20:12:43,927 - carla_training - INFO - Step 550 | Speed: 0.0 km/h | Pos: (232.8, 195.2, 0.0) | Dist: 0.07m | Reward: 0.000 | Collisions: 0 | Waypoints: 2/32
2026-05-04 20:12:49,382 - carla_training - INFO - Step 560 | Speed: 0.0 km/h | Pos: (232.8, 195.2, 0.0) | Dist: 0.07m | Reward: 0.000 | Collisions: 0 | Waypoints: 2/32
2026-05-04 20:12:54,863 - carla_training - INFO - Step 570 | Speed: 0.3 km/h | Pos: (232.8, 195.2, 0.0) | Dist: 0.06m | Reward: 0.000 | Collisions: 0 | Waypoints: 2/32
2026-05-04 20:13:00,340 - carla_training - INFO - Step 580 | Speed: 0.3 km/h | Pos: (232.7, 195.2, 0.0) | Dist: 0.06m | Reward: 0.000 | Collisions: 0 | Waypoints: 2/32
2026-05-04 20:13:05,837 - carla_training - INFO - Step 590 | Speed: 0.0 km/h | Pos: (232.7, 195.2, 0.0) | Dist: 0.04m | Reward: 0.000 | Collisions: 0 | Waypoints: 2/32
2026-05-04 20:13:11,321 - carla_training - INFO - Step 600 | Speed: 0.3 km/h | Pos: (232.7, 195.2, 0.0) | Dist: 0.04m | Reward: 0.000 | Collisions: 0 | Waypoints: 2/32
2026-05-04 20:13:16,794 - carla_training - INFO - Step 610 | Speed: 0.0 km/h | Pos: (232.7, 195.2, 0.0) | Dist: 0.03m | Reward: 0.000 | Collisions: 0 | Waypoints: 2/32
2026-05-04 20:13:22,262 - carla_training - INFO - Step 620 | Speed: 0.0 km/h | Pos: (232.6, 195.2, 0.0) | Dist: 0.03m | Reward: 0.000 | Collisions: 0 | Waypoints: 2/32
2026-05-04 20:13:27,762 - carla_training - INFO - Step 630 | Speed: 0.0 km/h | Pos: (232.6, 195.2, 0.0) | Dist: 0.03m | Reward: 0.000 | Collisions: 0 | Waypoints: 2/32
2026-05-04 20:13:33,197 - carla_training - INFO - Step 640 | Speed: 0.3 km/h | Pos: (232.6, 195.2, 0.0) | Dist: 0.03m | Reward: 0.008 | Collisions: 0 | Waypoints: 2/32
2026-05-04 20:13:38,737 - carla_training - INFO - Step 650 | Speed: 0.0 km/h | Pos: (232.6, 195.2, 0.0) | Dist: 0.02m | Reward: 0.000 | Collisions: 0 | Waypoints: 2/32
2026-05-04 20:13:44,158 - carla_training - INFO - Step 660 | Speed: 0.0 km/h | Pos: (232.6, 195.2, 0.0) | Dist: 0.02m | Reward: 0.000 | Collisions: 0 | Waypoints: 2/32
2026-05-04 20:13:49,672 - carla_training - INFO - Step 670 | Speed: 0.2 km/h | Pos: (232.6, 195.2, 0.0) | Dist: 0.02m | Reward: 0.000 | Collisions: 0 | Waypoints: 2/32
2026-05-04 20:13:55,116 - carla_training - INFO - Step 680 | Speed: 0.0 km/h | Pos: (232.6, 195.2, 0.0) | Dist: 0.02m | Reward: 0.000 | Collisions: 0 | Waypoints: 2/32
2026-05-04 20:14:00,598 - carla_training - INFO - Step 690 | Speed: 0.0 km/h | Pos: (232.6, 195.2, 0.0) | Dist: 0.02m | Reward: 0.000 | Collisions: 0 | Waypoints: 2/32
2026-05-04 20:14:06,117 - carla_training - INFO - Step 700 | Speed: 0.0 km/h | Pos: (232.6, 195.2, 0.0) | Dist: 0.02m | Reward: 0.000 | Collisions: 0 | Waypoints: 2/32
2026-05-04 20:14:11,624 - carla_training - INFO - Step 710 | Speed: 0.4 km/h | Pos: (232.5, 195.2, 0.0) | Dist: 0.02m | Reward: 0.020 | Collisions: 0 | Waypoints: 2/32
2026-05-04 20:14:17,142 - carla_training - INFO - Step 720 | Speed: 0.4 km/h | Pos: (232.5, 195.2, 0.0) | Dist: 0.02m | Reward: 0.010 | Collisions: 0 | Waypoints: 2/32
2026-05-04 20:14:22,625 - carla_training - INFO - Step 730 | Speed: 0.4 km/h | Pos: (232.5, 195.2, 0.0) | Dist: 0.02m | Reward: 0.014 | Collisions: 0 | Waypoints: 2/32
2026-05-04 20:14:28,133 - carla_training - INFO - Step 740 | Speed: 0.0 km/h | Pos: (232.5, 195.2, 0.0) | Dist: 0.02m | Reward: 0.000 | Collisions: 0 | Waypoints: 2/32
2026-05-04 20:14:33,634 - carla_training - INFO - Step 750 | Speed: 0.0 km/h | Pos: (232.5, 195.2, 0.0) | Dist: 0.02m | Reward: 0.000 | Collisions: 0 | Waypoints: 2/32
2026-05-04 20:14:39,142 - carla_training - INFO - Step 760 | Speed: 0.0 km/h | Pos: (232.5, 195.2, 0.0) | Dist: 0.02m | Reward: 0.000 | Collisions: 0 | Waypoints: 2/32
2026-05-04 20:14:44,674 - carla_training - INFO - Step 770 | Speed: 0.1 km/h | Pos: (232.5, 195.2, 0.0) | Dist: 0.02m | Reward: 0.000 | Collisions: 0 | Waypoints: 2/32
2026-05-04 20:14:49,590 - carla_training - INFO - 
Training speed: 1 fps | Total steps: 13000
2026-05-04 20:14:50,137 - carla_training - INFO - Step 780 | Speed: 0.1 km/h | Pos: (232.5, 195.2, 0.0) | Dist: 0.02m | Reward: 0.003 | Collisions: 0 | Waypoints: 2/32
2026-05-04 20:14:55,650 - carla_training - INFO - Step 790 | Speed: 0.0 km/h | Pos: (232.5, 195.2, 0.0) | Dist: 0.02m | Reward: 0.000 | Collisions: 0 | Waypoints: 2/32
2026-05-04 20:15:01,172 - carla_training - INFO - Step 800 | Speed: 0.0 km/h | Pos: (232.4, 195.2, 0.0) | Dist: 0.02m | Reward: 0.000 | Collisions: 0 | Waypoints: 2/32
2026-05-04 20:15:06,700 - carla_training - INFO - Step 810 | Speed: 0.0 km/h | Pos: (232.4, 195.2, 0.0) | Dist: 0.02m | Reward: 0.000 | Collisions: 0 | Waypoints: 2/32
2026-05-04 20:15:12,126 - carla_training - INFO - Step 820 | Speed: 0.2 km/h | Pos: (232.4, 195.2, 0.0) | Dist: 0.01m | Reward: 0.011 | Collisions: 0 | Waypoints: 2/32
2026-05-04 20:15:17,602 - carla_training - INFO - Step 830 | Speed: 0.0 km/h | Pos: (232.4, 195.2, 0.0) | Dist: 0.01m | Reward: 0.000 | Collisions: 0 | Waypoints: 2/32
2026-05-04 20:15:23,062 - carla_training - INFO - Step 840 | Speed: 0.1 km/h | Pos: (232.4, 195.2, 0.0) | Dist: 0.01m | Reward: 0.005 | Collisions: 0 | Waypoints: 2/32
2026-05-04 20:15:28,613 - carla_training - INFO - Step 850 | Speed: 0.0 km/h | Pos: (232.4, 195.2, 0.0) | Dist: 0.01m | Reward: 0.000 | Collisions: 0 | Waypoints: 2/32
2026-05-04 20:15:34,011 - carla_training - INFO - Step 860 | Speed: 0.5 km/h | Pos: (232.4, 195.2, 0.0) | Dist: 0.01m | Reward: 0.031 | Collisions: 0 | Waypoints: 2/32
2026-05-04 20:15:39,536 - carla_training - INFO - Step 870 | Speed: 0.0 km/h | Pos: (232.4, 195.2, 0.0) | Dist: 0.01m | Reward: 0.000 | Collisions: 0 | Waypoints: 2/32
2026-05-04 20:15:45,073 - carla_training - INFO - Step 880 | Speed: 0.0 km/h | Pos: (232.4, 195.2, 0.0) | Dist: 0.01m | Reward: 0.000 | Collisions: 0 | Waypoints: 2/32
2026-05-04 20:15:50,546 - carla_training - INFO - Step 890 | Speed: 0.9 km/h | Pos: (232.3, 195.2, 0.0) | Dist: 0.01m | Reward: 0.006 | Collisions: 0 | Waypoints: 2/32
2026-05-04 20:15:56,082 - carla_training - INFO - Step 900 | Speed: 0.0 km/h | Pos: (232.2, 195.2, 0.0) | Dist: 0.00m | Reward: 0.000 | Collisions: 0 | Waypoints: 2/32
2026-05-04 20:16:01,632 - carla_training - INFO - Step 910 | Speed: 0.1 km/h | Pos: (232.2, 195.2, 0.0) | Dist: 0.00m | Reward: 0.001 | Collisions: 0 | Waypoints: 2/32
2026-05-04 20:16:07,167 - carla_training - INFO - Step 920 | Speed: 0.0 km/h | Pos: (232.2, 195.1, 0.0) | Dist: 0.00m | Reward: 0.000 | Collisions: 0 | Waypoints: 2/32
2026-05-04 20:16:12,690 - carla_training - INFO - Step 930 | Speed: 0.0 km/h | Pos: (232.2, 195.1, 0.0) | Dist: 0.00m | Reward: 0.000 | Collisions: 0 | Waypoints: 2/32
2026-05-04 20:16:18,207 - carla_training - INFO - Step 940 | Speed: 0.6 km/h | Pos: (232.2, 195.1, 0.0) | Dist: 0.01m | Reward: 0.000 | Collisions: 0 | Waypoints: 2/32
2026-05-04 20:16:23,673 - carla_training - INFO - Step 950 | Speed: 0.0 km/h | Pos: (232.2, 195.1, 0.0) | Dist: 0.01m | Reward: 0.000 | Collisions: 0 | Waypoints: 2/32
2026-05-04 20:16:29,203 - carla_training - INFO - Step 960 | Speed: 2.0 km/h | Pos: (232.1, 195.1, 0.0) | Dist: 0.02m | Reward: 0.065 | Collisions: 0 | Waypoints: 2/32
2026-05-04 20:16:34,723 - carla_training - INFO - Step 970 | Speed: 0.0 km/h | Pos: (232.0, 195.1, 0.0) | Dist: 0.04m | Reward: 0.000 | Collisions: 0 | Waypoints: 2/32
2026-05-04 20:16:40,243 - carla_training - INFO - Step 980 | Speed: 0.0 km/h | Pos: (232.0, 195.1, 0.0) | Dist: 0.04m | Reward: 0.000 | Collisions: 0 | Waypoints: 2/32
2026-05-04 20:16:45,707 - carla_training - INFO - Step 990 | Speed: 0.0 km/h | Pos: (232.0, 195.1, 0.0) | Dist: 0.04m | Reward: 0.000 | Collisions: 0 | Waypoints: 2/32
2026-05-04 20:16:51,180 - carla_training - INFO - Step 1000 | Speed: 0.0 km/h | Pos: (232.0, 195.1, 0.0) | Dist: 0.04m | Reward: 0.000 | Collisions: 0 | Waypoints: 2/32
2026-05-04 20:16:56,672 - carla_training - INFO - Step 1010 | Speed: 0.0 km/h | Pos: (232.0, 195.1, 0.0) | Dist: 0.04m | Reward: 0.000 | Collisions: 0 | Waypoints: 2/32
2026-05-04 20:17:02,186 - carla_training - INFO - Step 1020 | Speed: 0.0 km/h | Pos: (232.0, 195.1, 0.0) | Dist: 0.04m | Reward: 0.000 | Collisions: 0 | Waypoints: 2/32
2026-05-04 20:17:07,731 - carla_training - INFO - Step 1030 | Speed: 0.0 km/h | Pos: (232.0, 195.1, 0.0) | Dist: 0.04m | Reward: 0.000 | Collisions: 0 | Waypoints: 2/32
2026-05-04 20:17:13,268 - carla_training - INFO - Step 1040 | Speed: 0.0 km/h | Pos: (232.0, 195.1, 0.0) | Dist: 0.04m | Reward: 0.000 | Collisions: 0 | Waypoints: 2/32
2026-05-04 20:17:18,825 - carla_training - INFO - Step 1050 | Speed: 0.3 km/h | Pos: (231.9, 195.1, 0.0) | Dist: 0.05m | Reward: 0.010 | Collisions: 0 | Waypoints: 2/32
2026-05-04 20:17:24,375 - carla_training - INFO - Step 1060 | Speed: 0.0 km/h | Pos: (231.9, 195.1, 0.0) | Dist: 0.05m | Reward: 0.000 | Collisions: 0 | Waypoints: 2/32
2026-05-04 20:17:29,943 - carla_training - INFO - Step 1070 | Speed: 0.0 km/h | Pos: (231.9, 195.1, 0.0) | Dist: 0.05m | Reward: 0.000 | Collisions: 0 | Waypoints: 2/32
2026-05-04 20:17:35,525 - carla_training - INFO - Step 1080 | Speed: 0.2 km/h | Pos: (231.9, 195.1, 0.0) | Dist: 0.05m | Reward: 0.001 | Collisions: 0 | Waypoints: 2/32
2026-05-04 20:17:41,117 - carla_training - INFO - Step 1090 | Speed: 0.0 km/h | Pos: (231.9, 195.1, 0.0) | Dist: 0.05m | Reward: 0.000 | Collisions: 0 | Waypoints: 2/32
2026-05-04 20:17:46,756 - carla_training - INFO - Step 1100 | Speed: 0.0 km/h | Pos: (231.8, 195.1, 0.0) | Dist: 0.06m | Reward: 0.000 | Collisions: 0 | Waypoints: 2/32
2026-05-04 20:17:52,318 - carla_training - INFO - Step 1110 | Speed: 0.0 km/h | Pos: (231.8, 195.1, 0.0) | Dist: 0.06m | Reward: 0.000 | Collisions: 0 | Waypoints: 2/32
2026-05-04 20:17:57,837 - carla_training - INFO - Step 1120 | Speed: 0.5 km/h | Pos: (231.8, 195.1, 0.0) | Dist: 0.07m | Reward: 0.017 | Collisions: 0 | Waypoints: 2/32
2026-05-04 20:18:03,562 - carla_training - INFO - Step 1130 | Speed: 0.0 km/h | Pos: (231.7, 195.1, 0.0) | Dist: 0.07m | Reward: 0.000 | Collisions: 0 | Waypoints: 2/32
2026-05-04 20:18:09,001 - carla_training - INFO - Step 1140 | Speed: 0.4 km/h | Pos: (231.7, 195.1, 0.0) | Dist: 0.07m | Reward: 0.003 | Collisions: 0 | Waypoints: 2/32
2026-05-04 20:18:14,757 - carla_training - INFO - Step 1150 | Speed: 0.2 km/h | Pos: (231.7, 195.1, 0.0) | Dist: 0.08m | Reward: 0.000 | Collisions: 0 | Waypoints: 2/32
2026-05-04 20:18:20,481 - carla_training - INFO - Step 1160 | Speed: 0.3 km/h | Pos: (231.7, 195.1, 0.0) | Dist: 0.08m | Reward: 0.016 | Collisions: 0 | Waypoints: 3/32
2026-05-04 20:18:26,338 - carla_training - INFO - Step 1170 | Speed: 0.0 km/h | Pos: (231.7, 195.1, 0.0) | Dist: 0.08m | Reward: 0.000 | Collisions: 0 | Waypoints: 3/32
2026-05-10 22:41:43,795 - carla_training - INFO - Using device: cuda
2026-05-10 22:43:37,511 - carla_training - INFO - Using device: cuda
2026-05-10 22:43:38,232 - carla_training - INFO - Creating new log directory: ./tensorboard_logs/trained_ssl_rl\carla_ppo_20260510_224338
2026-05-10 22:43:38,236 - carla_training - INFO - ✅ TensorBoard writer initialized successfully
2026-05-10 22:43:38,236 - carla_training - INFO - 
==================================================
2026-05-10 22:43:38,236 - carla_training - INFO - CARLA RL Training Configuration:
2026-05-10 22:43:38,236 - carla_training - INFO - - Total Episodes Target: 10000
2026-05-10 22:43:38,236 - carla_training - INFO - - Current Episode: 0
2026-05-10 22:43:38,236 - carla_training - INFO - - Remaining Episodes: 10000
2026-05-10 22:43:38,237 - carla_training - INFO - - Town: Town01
2026-05-10 22:43:38,237 - carla_training - INFO - - Device: cuda
2026-05-10 22:43:38,237 - carla_training - INFO - - Learning Rate: 0.0003
2026-05-10 22:43:38,237 - carla_training - INFO - - Batch Size: 128
2026-05-10 22:43:38,237 - carla_training - INFO - - Debug Route: False
2026-05-10 22:43:38,237 - carla_training - INFO - - Log Directory: ./tensorboard_logs/trained_ssl_rl\carla_ppo_20260510_224338
2026-05-10 22:43:38,237 - carla_training - INFO - ==================================================

2026-05-10 22:43:38,237 - carla_training - INFO - Creating environment...
2026-05-10 22:43:39,014 - timm.models.helpers - INFO - Loading pretrained weights from url (https://dl.fbaipublicfiles.com/convnext/convnext_tiny_1k_224_ema.pth)
2026-05-10 22:43:39,159 - timm.models.helpers - INFO - Converted input conv stem.0 pretrained weights from 3 to 1 channel(s)
2026-05-10 22:43:40,011 - carla_training - WARNING - SSL checkpoint not found at checkpoints/ssl/pretrained_perception.pth
2026-05-10 22:43:40,012 - carla_training - INFO - ⚠️ Using default initialization for perception system
2026-05-10 22:43:50,726 - carla_training - INFO - Using device: cuda
2026-05-10 22:43:51,402 - carla_training - INFO - Creating new log directory: ./tensorboard_logs/trained_ssl_rl\carla_ppo_20260510_224351
2026-05-10 22:43:51,406 - carla_training - INFO - ✅ TensorBoard writer initialized successfully
2026-05-10 22:43:51,406 - carla_training - INFO - 
==================================================
2026-05-10 22:43:51,406 - carla_training - INFO - CARLA RL Training Configuration:
2026-05-10 22:43:51,406 - carla_training - INFO - - Total Episodes Target: 10000
2026-05-10 22:43:51,406 - carla_training - INFO - - Current Episode: 0
2026-05-10 22:43:51,406 - carla_training - INFO - - Remaining Episodes: 10000
2026-05-10 22:43:51,406 - carla_training - INFO - - Town: Town01
2026-05-10 22:43:51,406 - carla_training - INFO - - Device: cuda
2026-05-10 22:43:51,406 - carla_training - INFO - - Learning Rate: 0.0003
2026-05-10 22:43:51,406 - carla_training - INFO - - Batch Size: 128
2026-05-10 22:43:51,406 - carla_training - INFO - - Debug Route: False
2026-05-10 22:43:51,406 - carla_training - INFO - - Log Directory: ./tensorboard_logs/trained_ssl_rl\carla_ppo_20260510_224351
2026-05-10 22:43:51,407 - carla_training - INFO - ==================================================

2026-05-10 22:43:51,407 - carla_training - INFO - Creating environment...
2026-05-10 22:43:52,049 - timm.models.helpers - INFO - Loading pretrained weights from url (https://dl.fbaipublicfiles.com/convnext/convnext_tiny_1k_224_ema.pth)
2026-05-10 22:43:52,126 - timm.models.helpers - INFO - Converted input conv stem.0 pretrained weights from 3 to 1 channel(s)
2026-05-10 22:43:52,938 - carla_training - WARNING - SSL checkpoint not found at checkpoints/ssl/pretrained_perception.pth
2026-05-10 22:43:52,938 - carla_training - INFO - ⚠️ Using default initialization for perception system
2026-05-10 22:44:14,475 - carla_training - ERROR - ⚠️ CARLA connection attempt 1 failed: time-out of 20000ms while waiting for the simulator, make sure the simulator is ready and connected to localhost:2000
2026-05-10 22:44:39,495 - carla_training - ERROR - ⚠️ CARLA connection attempt 2 failed: time-out of 20000ms while waiting for the simulator, make sure the simulator is ready and connected to localhost:2000
2026-05-10 22:45:04,519 - carla_training - ERROR - ⚠️ CARLA connection attempt 3 failed: time-out of 20000ms while waiting for the simulator, make sure the simulator is ready and connected to localhost:2000
2026-05-10 22:45:39,854 - carla_training - INFO - Using device: cuda
2026-05-10 22:45:40,894 - carla_training - INFO - Creating new log directory: ./tensorboard_logs/trained_ssl_rl\carla_ppo_20260510_224540
2026-05-10 22:45:40,900 - carla_training - INFO - ✅ TensorBoard writer initialized successfully
2026-05-10 22:45:40,900 - carla_training - INFO - 
==================================================
2026-05-10 22:45:40,900 - carla_training - INFO - CARLA RL Training Configuration:
2026-05-10 22:45:40,900 - carla_training - INFO - - Total Episodes Target: 10000
2026-05-10 22:45:40,900 - carla_training - INFO - - Current Episode: 0
2026-05-10 22:45:40,900 - carla_training - INFO - - Remaining Episodes: 10000
2026-05-10 22:45:40,900 - carla_training - INFO - - Town: Town01
2026-05-10 22:45:40,900 - carla_training - INFO - - Device: cuda
2026-05-10 22:45:40,900 - carla_training - INFO - - Learning Rate: 0.0003
2026-05-10 22:45:40,900 - carla_training - INFO - - Batch Size: 128
2026-05-10 22:45:40,900 - carla_training - INFO - - Debug Route: False
2026-05-10 22:45:40,900 - carla_training - INFO - - Log Directory: ./tensorboard_logs/trained_ssl_rl\carla_ppo_20260510_224540
2026-05-10 22:45:40,900 - carla_training - INFO - ==================================================

2026-05-10 22:45:40,900 - carla_training - INFO - Creating environment...
2026-05-10 22:45:41,822 - timm.models.helpers - INFO - Loading pretrained weights from url (https://dl.fbaipublicfiles.com/convnext/convnext_tiny_1k_224_ema.pth)
2026-05-10 22:45:41,979 - timm.models.helpers - INFO - Converted input conv stem.0 pretrained weights from 3 to 1 channel(s)
2026-05-10 22:45:43,110 - carla_training - WARNING - SSL checkpoint not found at checkpoints/ssl/pretrained_perception.pth
2026-05-10 22:45:43,111 - carla_training - INFO - ⚠️ Using default initialization for perception system
2026-05-10 22:45:54,549 - carla_training - INFO - 🚗 Vehicle spawned and stabilized!
2026-05-10 22:45:54,603 - carla_training - INFO - ✅ Generated 30 waypoints for navigation
2026-05-10 22:45:54,603 - carla_training - INFO -    Complexity: 0 junctions, 0 turns (0.0% turn rate)
2026-05-10 22:45:54,603 - carla_training - INFO - ✅ Connected to CARLA and loaded Town01
2026-05-10 22:45:54,604 - carla_training - INFO - Creating new PPO model...
2026-05-10 22:45:54,647 - carla_training - INFO - 
Continuing training for 10000 more episodes...
2026-05-10 22:45:54,699 - carla_training - INFO - 🚗 Vehicle spawned and stabilized!
2026-05-10 22:45:54,710 - carla_training - INFO - ✅ Generated 30 waypoints for navigation
2026-05-10 22:45:54,710 - carla_training - INFO -    Complexity: 0 junctions, 0 turns (0.0% turn rate)
2026-05-10 22:46:01,452 - carla_training - INFO - Step 10 | Speed: 0.0 km/h | Pos: (234.7, 195.3, 0.0) | Dist: 0.12m | Reward: 0.000 | Collisions: 0 | Waypoints: 1/30
2026-05-10 22:46:04,601 - carla_training - INFO - Step 20 | Speed: 10.8 km/h | Pos: (233.9, 195.1, 0.0) | Dist: 0.03m | Reward: 0.333 | Collisions: 0 | Waypoints: 1/30
2026-05-10 22:46:07,781 - carla_training - INFO - Step 30 | Speed: 15.3 km/h | Pos: (232.1, 195.1, 0.0) | Dist: 0.01m | Reward: 0.268 | Collisions: 0 | Waypoints: 2/30
2026-05-10 22:46:11,001 - carla_training - INFO - Step 40 | Speed: 18.9 km/h | Pos: (229.7, 195.7, 0.0) | Dist: 0.58m | Reward: 0.134 | Collisions: 0 | Waypoints: 3/30
2026-05-10 22:46:14,217 - carla_training - INFO - Step 50 | Speed: 21.4 km/h | Pos: (227.0, 196.3, 0.0) | Dist: 1.17m | Reward: 0.000 | Collisions: 0 | Waypoints: 5/30
2026-05-10 22:46:17,378 - carla_training - INFO - Step 60 | Speed: 24.5 km/h | Pos: (223.9, 197.3, 0.0) | Dist: 1.82m | Reward: 0.000 | Collisions: 0 | Waypoints: 6/30
2026-05-10 22:46:20,790 - carla_training - INFO - Step 70 | Speed: 28.6 km/h | Pos: (220.7, 199.0, 0.0) | Dist: 0.11m | Reward: 0.000 | Collisions: 0 | Waypoints: 6/30
2026-05-10 22:46:23,978 - carla_training - INFO - Step 80 | Speed: 32.8 km/h | Pos: (216.6, 200.1, 0.0) | Dist: 0.93m | Reward: 0.000 | Collisions: 0 | Waypoints: 6/30
2026-05-10 22:46:26,542 - carla_training - INFO - ⚠️ Collision #1 detected with static.pole!
2026-05-10 22:46:27,178 - carla_training - INFO - Step 90 | Speed: 5.8 km/h | Pos: (212.8, 200.2, 0.0) | Dist: 1.10m | Reward: -0.033 | Collisions: 1 | Waypoints: 6/30
2026-05-10 22:46:29,090 - carla_training - INFO - ⚠️ Collision #2 detected with static.pole!
2026-05-10 22:46:29,090 - carla_training - INFO - ⚠️ Collision #3 detected with static.pole!
2026-05-10 22:46:29,090 - carla_training - INFO - ⚠️ Collision #4 detected with static.pole!
2026-05-10 22:46:29,091 - carla_training - INFO - ⚠️ Collision #5 detected with static.pole!
2026-05-10 22:46:30,118 - carla_training - INFO - ⚠️ Collision #20 detected (continuing episode)
2026-05-10 22:46:30,446 - carla_training - INFO - Step 100 | Speed: 0.1 km/h | Pos: (212.6, 200.2, 0.0) | Dist: 1.07m | Reward: -0.667 | Collisions: 20 | Waypoints: 6/30
2026-05-10 22:46:31,445 - carla_training - INFO - 
============================================================
2026-05-10 22:46:31,445 - carla_training - INFO - Episode 1 Summary:
2026-05-10 22:46:31,445 - carla_training - INFO -   Termination Reason: REWARD_BASED (Unknown)
2026-05-10 22:46:31,445 - carla_training - INFO -   Total Reward: -2.40
2026-05-10 22:46:31,445 - carla_training - INFO -   Steps: 103
2026-05-10 22:46:31,445 - carla_training - INFO -   Duration: 36.80 seconds
2026-05-10 22:46:31,445 - carla_training - INFO -   Average Speed: 16.51 km/h
2026-05-10 22:46:31,445 - carla_training - INFO -   Max Speed: 34.93 km/h
2026-05-10 22:46:31,445 - carla_training - INFO -   Total Distance: 23.42 meters
2026-05-10 22:46:31,445 - carla_training - INFO -   Average Lane Deviation: 0.68 meters
2026-05-10 22:46:31,446 - carla_training - INFO -   Waypoints Reached: 6
2026-05-10 22:46:31,446 - carla_training - INFO - ============================================================

2026-05-10 22:46:31,533 - carla_training - INFO - 🚗 Vehicle spawned and stabilized!
2026-05-10 22:46:31,545 - carla_training - INFO - ✅ Generated 30 waypoints for navigation
2026-05-10 22:46:31,545 - carla_training - INFO -    Complexity: 0 junctions, 0 turns (0.0% turn rate)
2026-05-10 22:46:35,942 - carla_training - INFO - Step 10 | Speed: 0.0 km/h | Pos: (234.7, 195.3, 0.0) | Dist: 0.12m | Reward: 0.000 | Collisions: 0 | Waypoints: 1/30
2026-05-10 22:46:39,237 - carla_training - INFO - Step 20 | Speed: 8.9 km/h | Pos: (234.3, 195.2, 0.0) | Dist: 0.03m | Reward: 0.232 | Collisions: 0 | Waypoints: 1/30
2026-05-10 22:46:42,510 - carla_training - INFO - Step 30 | Speed: 15.1 km/h | Pos: (232.6, 194.8, 0.0) | Dist: 0.40m | Reward: 0.528 | Collisions: 0 | Waypoints: 2/30
2026-05-10 22:46:45,786 - carla_training - INFO - Step 40 | Speed: 18.5 km/h | Pos: (230.3, 195.1, 0.0) | Dist: 0.06m | Reward: 0.496 | Collisions: 0 | Waypoints: 3/30
2026-05-10 22:46:49,218 - carla_training - INFO - Step 50 | Speed: 19.2 km/h | Pos: (227.7, 195.2, 0.0) | Dist: 0.01m | Reward: 0.520 | Collisions: 0 | Waypoints: 5/30
2026-05-10 22:46:52,491 - carla_training - INFO - Step 60 | Speed: 21.3 km/h | Pos: (224.8, 195.3, 0.0) | Dist: 0.15m | Reward: 0.298 | Collisions: 0 | Waypoints: 6/30
2026-05-10 22:46:55,816 - carla_training - INFO - Step 70 | Speed: 24.6 km/h | Pos: (221.7, 194.8, 0.0) | Dist: 0.34m | Reward: 0.062 | Collisions: 0 | Waypoints: 8/30
2026-05-10 22:46:59,168 - carla_training - INFO - Step 80 | Speed: 28.0 km/h | Pos: (218.0, 194.7, 0.0) | Dist: 0.43m | Reward: -0.501 | Collisions: 0 | Waypoints: 9/30
2026-05-10 22:47:02,396 - carla_training - INFO - Step 90 | Speed: 31.7 km/h | Pos: (213.9, 194.8, 0.0) | Dist: 0.37m | Reward: -1.153 | Collisions: 0 | Waypoints: 11/30
2026-05-10 22:47:05,696 - carla_training - INFO - Step 100 | Speed: 34.3 km/h | Pos: (209.3, 194.6, 0.0) | Dist: 0.58m | Reward: -1.378 | Collisions: 0 | Waypoints: 14/30
2026-05-10 22:47:09,123 - carla_training - INFO - Step 110 | Speed: 35.5 km/h | Pos: (204.6, 195.5, 0.0) | Dist: 0.34m | Reward: 0.000 | Collisions: 0 | Waypoints: 16/30
2026-05-10 22:47:12,428 - carla_training - INFO - Step 120 | Speed: 35.1 km/h | Pos: (201.0, 198.7, 0.0) | Dist: 0.44m | Reward: 0.000 | Collisions: 0 | Waypoints: 17/30
2026-05-10 22:47:15,664 - carla_training - INFO - Step 130 | Speed: 39.1 km/h | Pos: (198.7, 203.4, 0.1) | Dist: 4.22m | Reward: 0.000 | Collisions: 0 | Waypoints: 17/30
2026-05-10 22:47:17,312 - carla_training - INFO - ⚠️ Collision #1 detected with static.building!
2026-05-10 22:47:18,906 - carla_training - INFO - Step 140 | Speed: 0.9 km/h | Pos: (197.5, 205.8, 0.1) | Dist: 6.61m | Reward: -1.533 | Collisions: 1 | Waypoints: 17/30
2026-05-10 22:47:20,515 - carla_training - INFO - ⚠️ Collision #2 detected with static.building!
2026-05-10 22:47:20,516 - carla_training - INFO - ⚠️ Collision #3 detected with static.building!
2026-05-10 22:47:20,516 - carla_training - INFO - ⚠️ Collision #4 detected with static.building!
2026-05-10 22:47:20,516 - carla_training - INFO - ⚠️ Collision #5 detected with static.building!
2026-05-10 22:47:21,477 - carla_training - INFO - ⚠️ Collision #20 detected (continuing episode)
2026-05-10 22:47:22,108 - carla_training - INFO - Step 150 | Speed: 0.0 km/h | Pos: (197.5, 206.0, 0.1) | Dist: 6.87m | Reward: -2.333 | Collisions: 25 | Waypoints: 17/30
2026-05-10 22:47:22,750 - carla_training - INFO - 
============================================================
2026-05-10 22:47:22,750 - carla_training - INFO - Episode 2 Summary:
2026-05-10 22:47:22,750 - carla_training - INFO -   Termination Reason: REWARD_BASED (Unknown)
2026-05-10 22:47:22,750 - carla_training - INFO -   Total Reward: -50.90
2026-05-10 22:47:22,750 - carla_training - INFO -   Steps: 152
2026-05-10 22:47:22,750 - carla_training - INFO -   Duration: 51.30 seconds
2026-05-10 22:47:22,750 - carla_training - INFO -   Average Speed: 20.99 km/h
2026-05-10 22:47:22,750 - carla_training - INFO -   Max Speed: 41.07 km/h
2026-05-10 22:47:22,750 - carla_training - INFO -   Total Distance: 44.01 meters
2026-05-10 22:47:22,750 - carla_training - INFO -   Average Lane Deviation: 1.33 meters
2026-05-10 22:47:22,750 - carla_training - INFO -   Waypoints Reached: 17
2026-05-10 22:47:22,750 - carla_training - INFO - ============================================================

2026-05-10 22:47:22,816 - carla_training - INFO - 🚗 Vehicle spawned and stabilized!
2026-05-10 22:47:22,828 - carla_training - INFO - ✅ Generated 30 waypoints for navigation
2026-05-10 22:47:22,828 - carla_training - INFO -    Complexity: 0 junctions, 0 turns (0.0% turn rate)
2026-05-10 22:47:27,299 - carla_training - INFO - Step 10 | Speed: 0.0 km/h | Pos: (234.7, 195.3, 0.0) | Dist: 0.12m | Reward: 0.000 | Collisions: 0 | Waypoints: 1/30
2026-05-10 22:47:30,656 - carla_training - INFO - Step 20 | Speed: 10.2 km/h | Pos: (234.0, 195.3, 0.0) | Dist: 0.15m | Reward: 0.457 | Collisions: 0 | Waypoints: 1/30
2026-05-10 22:47:33,987 - carla_training - INFO - Step 30 | Speed: 16.4 km/h | Pos: (232.2, 195.3, 0.0) | Dist: 0.19m | Reward: 0.909 | Collisions: 0 | Waypoints: 2/30
2026-05-10 22:47:37,288 - carla_training - INFO - Step 40 | Speed: 19.5 km/h | Pos: (229.7, 195.3, 0.0) | Dist: 0.18m | Reward: 0.404 | Collisions: 0 | Waypoints: 4/30
2026-05-10 22:47:40,556 - carla_training - INFO - Step 50 | Speed: 23.6 km/h | Pos: (226.8, 195.7, 0.0) | Dist: 0.59m | Reward: 0.200 | Collisions: 0 | Waypoints: 5/30
2026-05-10 22:47:43,895 - carla_training - INFO - Step 60 | Speed: 29.3 km/h | Pos: (223.1, 196.2, 0.0) | Dist: 1.09m | Reward: -0.466 | Collisions: 0 | Waypoints: 7/30
2026-05-10 22:47:47,232 - carla_training - INFO - Step 70 | Speed: 29.7 km/h | Pos: (219.1, 195.5, 0.0) | Dist: 0.39m | Reward: 0.000 | Collisions: 0 | Waypoints: 9/30
2026-05-10 22:47:50,579 - carla_training - INFO - Step 80 | Speed: 31.7 km/h | Pos: (215.5, 193.2, 0.0) | Dist: 1.93m | Reward: 0.000 | Collisions: 0 | Waypoints: 10/30
2026-05-10 22:47:50,920 - carla_training - INFO - ⚠️ Collision #1 detected with static.static!
2026-05-10 22:47:53,211 - carla_training - INFO - ⚠️ Collision #2 detected with static.static!
2026-05-10 22:47:53,211 - carla_training - INFO - ⚠️ Collision #3 detected with static.static!
2026-05-10 22:47:53,552 - carla_training - INFO - ⚠️ Collision #4 detected with static.static!
2026-05-10 22:47:53,553 - carla_training - INFO - ⚠️ Collision #5 detected with static.static!
2026-05-10 22:47:53,888 - carla_training - INFO - Step 90 | Speed: 0.2 km/h | Pos: (214.8, 193.0, 0.0) | Dist: 2.19m | Reward: -0.267 | Collisions: 8 | Waypoints: 11/30
2026-05-10 22:47:54,552 - carla_training - INFO - ⚠️ Collision #20 detected (continuing episode)
2026-05-10 22:47:55,530 - carla_training - INFO - 
============================================================
2026-05-10 22:47:55,530 - carla_training - INFO - Episode 3 Summary:
2026-05-10 22:47:55,530 - carla_training - INFO -   Termination Reason: REWARD_BASED (Unknown)
2026-05-10 22:47:55,530 - carla_training - INFO -   Total Reward: 1.23
2026-05-10 22:47:55,530 - carla_training - INFO -   Steps: 95
2026-05-10 22:47:55,530 - carla_training - INFO -   Duration: 32.78 seconds
2026-05-10 22:47:55,530 - carla_training - INFO -   Average Speed: 16.12 km/h
2026-05-10 22:47:55,530 - carla_training - INFO -   Max Speed: 32.38 km/h
2026-05-10 22:47:55,530 - carla_training - INFO -   Total Distance: 21.25 meters
2026-05-10 22:47:55,531 - carla_training - INFO -   Average Lane Deviation: 0.72 meters
2026-05-10 22:47:55,531 - carla_training - INFO -   Waypoints Reached: 11
2026-05-10 22:47:55,531 - carla_training - INFO - ============================================================

2026-05-10 22:47:55,580 - carla_training - INFO - 🚗 Vehicle spawned and stabilized!
2026-05-10 22:47:55,590 - carla_training - INFO - ✅ Generated 30 waypoints for navigation
2026-05-10 22:47:55,590 - carla_training - INFO -    Complexity: 0 junctions, 0 turns (0.0% turn rate)
2026-05-10 22:48:00,106 - carla_training - INFO - Step 10 | Speed: 0.0 km/h | Pos: (234.7, 195.3, 0.0) | Dist: 0.12m | Reward: 0.000 | Collisions: 0 | Waypoints: 1/30
2026-05-10 22:48:03,397 - carla_training - INFO - Step 20 | Speed: 8.8 km/h | Pos: (234.2, 195.3, 0.0) | Dist: 0.10m | Reward: 0.419 | Collisions: 0 | Waypoints: 1/30
2026-05-10 22:48:06,730 - carla_training - INFO - Step 30 | Speed: 14.0 km/h | Pos: (232.6, 195.1, 0.0) | Dist: 0.07m | Reward: 0.755 | Collisions: 0 | Waypoints: 2/30
2026-05-10 22:48:11,154 - carla_training - INFO - Step 40 | Speed: 18.4 km/h | Pos: (230.3, 195.0, 0.0) | Dist: 0.16m | Reward: 0.713 | Collisions: 0 | Waypoints: 3/30
2026-05-10 22:48:15,092 - carla_training - INFO - Step 50 | Speed: 20.8 km/h | Pos: (227.7, 194.8, 0.0) | Dist: 0.33m | Reward: 0.718 | Collisions: 0 | Waypoints: 5/30
2026-05-10 22:48:18,903 - carla_training - INFO - Step 60 | Speed: 24.6 km/h | Pos: (224.6, 195.3, 0.0) | Dist: 0.20m | Reward: 0.000 | Collisions: 0 | Waypoints: 6/30
2026-05-10 22:48:22,710 - carla_training - INFO - Step 70 | Speed: 27.0 km/h | Pos: (221.2, 196.5, 0.0) | Dist: 1.33m | Reward: -0.104 | Collisions: 0 | Waypoints: 8/30
2026-05-10 22:48:26,544 - carla_training - INFO - Step 80 | Speed: 30.0 km/h | Pos: (217.3, 197.3, 0.0) | Dist: 1.84m | Reward: 0.000 | Collisions: 0 | Waypoints: 9/30
2026-05-10 22:48:30,446 - carla_training - INFO - Step 90 | Speed: 33.6 km/h | Pos: (212.9, 197.9, 0.0) | Dist: 1.24m | Reward: 0.000 | Collisions: 0 | Waypoints: 11/30
2026-05-10 22:48:34,496 - carla_training - INFO - Step 100 | Speed: 37.8 km/h | Pos: (208.1, 198.5, 0.0) | Dist: 0.60m | Reward: 0.000 | Collisions: 0 | Waypoints: 11/30
2026-05-10 22:48:38,442 - carla_training - INFO - Step 110 | Speed: 43.3 km/h | Pos: (202.6, 200.0, 0.0) | Dist: 0.81m | Reward: 0.000 | Collisions: 0 | Waypoints: 11/30
2026-05-10 22:48:42,352 - carla_training - INFO - Step 120 | Speed: 45.6 km/h | Pos: (196.9, 202.2, 0.1) | Dist: 3.03m | Reward: 0.000 | Collisions: 0 | Waypoints: 11/30
2026-05-10 22:48:46,146 - carla_training - INFO - Step 130 | Speed: 46.2 km/h | Pos: (191.7, 205.8, 0.1) | Dist: 6.69m | Reward: -1.500 | Collisions: 0 | Waypoints: 11/30
2026-05-10 22:48:46,534 - carla_training - INFO - ⚠️ Collision #1 detected with static.building!
2026-05-10 22:48:47,292 - carla_training - INFO - ⚠️ Collision #2 detected with static.building!
2026-05-10 22:48:47,292 - carla_training - INFO - ⚠️ Collision #3 detected with static.building!
2026-05-10 22:48:47,293 - carla_training - INFO - ⚠️ Collision #4 detected with static.building!
2026-05-10 22:48:47,293 - carla_training - INFO - ⚠️ Collision #5 detected with static.building!
2026-05-10 22:48:48,836 - carla_training - INFO - ⚠️ Collision #20 detected (continuing episode)
2026-05-10 22:48:49,996 - carla_training - INFO - 
============================================================
2026-05-10 22:48:49,996 - carla_training - INFO - Episode 4 Summary:
2026-05-10 22:48:49,996 - carla_training - INFO -   Termination Reason: REWARD_BASED (Unknown)
2026-05-10 22:48:49,996 - carla_training - INFO -   Total Reward: -11.12
2026-05-10 22:48:49,997 - carla_training - INFO -   Steps: 140
2026-05-10 22:48:49,997 - carla_training - INFO -   Duration: 54.47 seconds
2026-05-10 22:48:49,997 - carla_training - INFO -   Average Speed: 24.57 km/h
2026-05-10 22:48:49,997 - carla_training - INFO -   Max Speed: 46.34 km/h
2026-05-10 22:48:49,997 - carla_training - INFO -   Total Distance: 47.86 meters
2026-05-10 22:48:49,997 - carla_training - INFO -   Average Lane Deviation: 1.47 meters
2026-05-10 22:48:49,997 - carla_training - INFO -   Waypoints Reached: 11
2026-05-10 22:48:49,997 - carla_training - INFO - ============================================================

2026-05-10 22:48:50,063 - carla_training - INFO - 🚗 Vehicle spawned and stabilized!
2026-05-10 22:48:50,072 - carla_training - INFO - ✅ Generated 30 waypoints for navigation
2026-05-10 22:48:50,072 - carla_training - INFO -    Complexity: 0 junctions, 0 turns (0.0% turn rate)
2026-05-10 22:48:55,524 - carla_training - INFO - Step 10 | Speed: 0.0 km/h | Pos: (234.7, 195.3, 0.0) | Dist: 0.12m | Reward: 0.000 | Collisions: 0 | Waypoints: 1/30
2026-05-10 22:49:00,340 - carla_training - INFO - Step 20 | Speed: 9.1 km/h | Pos: (234.1, 195.3, 0.0) | Dist: 0.14m | Reward: 0.419 | Collisions: 0 | Waypoints: 1/30
2026-05-10 22:49:04,457 - carla_training - INFO - Step 30 | Speed: 15.7 km/h | Pos: (232.4, 195.3, 0.0) | Dist: 0.17m | Reward: 0.900 | Collisions: 0 | Waypoints: 2/30
2026-05-10 22:49:08,145 - carla_training - INFO - Step 40 | Speed: 18.4 km/h | Pos: (229.9, 195.3, 0.0) | Dist: 0.11m | Reward: 0.884 | Collisions: 0 | Waypoints: 3/30
2026-05-10 22:49:12,412 - carla_training - INFO - Step 50 | Speed: 21.4 km/h | Pos: (227.2, 195.0, 0.0) | Dist: 0.11m | Reward: 0.387 | Collisions: 0 | Waypoints: 5/30
2026-05-10 22:49:16,702 - carla_training - INFO - Step 60 | Speed: 24.2 km/h | Pos: (224.1, 195.0, 0.0) | Dist: 0.16m | Reward: 0.147 | Collisions: 0 | Waypoints: 6/30
2026-05-10 22:49:20,950 - carla_training - INFO - Step 70 | Speed: 27.0 km/h | Pos: (220.5, 194.9, 0.0) | Dist: 0.27m | Reward: -0.317 | Collisions: 0 | Waypoints: 8/30
2026-05-10 22:49:25,291 - carla_training - INFO - Step 80 | Speed: 28.6 km/h | Pos: (216.9, 196.0, 0.0) | Dist: 0.83m | Reward: 0.000 | Collisions: 0 | Waypoints: 10/30
2026-05-10 22:49:29,624 - carla_training - INFO - Step 90 | Speed: 32.2 km/h | Pos: (213.5, 198.5, 0.0) | Dist: 0.70m | Reward: 0.000 | Collisions: 0 | Waypoints: 10/30
2026-05-10 22:49:31,361 - carla_training - INFO - ⚠️ Collision #1 detected with static.pole!
2026-05-10 22:49:33,924 - carla_training - INFO - Step 100 | Speed: 3.5 km/h | Pos: (212.1, 199.3, 0.0) | Dist: 0.15m | Reward: -0.033 | Collisions: 1 | Waypoints: 10/30
2026-05-10 22:49:34,781 - carla_training - INFO - ⚠️ Collision #2 detected with static.pole!
2026-05-10 22:49:34,781 - carla_training - INFO - ⚠️ Collision #3 detected with static.pole!
2026-05-10 22:49:35,196 - carla_training - INFO - ⚠️ Collision #4 detected with static.pole!
2026-05-10 22:49:35,196 - carla_training - INFO - ⚠️ Collision #5 detected with static.pole!
2026-05-10 22:49:36,472 - carla_training - INFO - ⚠️ Collision #20 detected (continuing episode)
2026-05-10 22:49:37,742 - carla_training - INFO - 
============================================================
2026-05-10 22:49:37,742 - carla_training - INFO - Episode 5 Summary:
2026-05-10 22:49:37,743 - carla_training - INFO -   Termination Reason: REWARD_BASED (Unknown)
2026-05-10 22:49:37,743 - carla_training - INFO -   Total Reward: 12.19
2026-05-10 22:49:37,743 - carla_training - INFO -   Steps: 109
2026-05-10 22:49:37,743 - carla_training - INFO -   Duration: 47.75 seconds
2026-05-10 22:49:37,743 - carla_training - INFO -   Average Speed: 16.36 km/h
2026-05-10 22:49:37,744 - carla_training - INFO -   Max Speed: 33.15 km/h
2026-05-10 22:49:37,744 - carla_training - INFO -   Total Distance: 24.68 meters
2026-05-10 22:49:37,744 - carla_training - INFO -   Average Lane Deviation: 0.29 meters
2026-05-10 22:49:37,744 - carla_training - INFO -   Waypoints Reached: 10
2026-05-10 22:49:37,744 - carla_training - INFO - ============================================================

2026-05-10 22:49:37,812 - carla_training - INFO - 🚗 Vehicle spawned and stabilized!
2026-05-10 22:49:37,825 - carla_training - INFO - ✅ Generated 30 waypoints for navigation
2026-05-10 22:49:37,825 - carla_training - INFO -    Complexity: 0 junctions, 0 turns (0.0% turn rate)
2026-05-10 22:49:42,675 - carla_training - INFO - Step 10 | Speed: 0.0 km/h | Pos: (234.7, 195.3, 0.0) | Dist: 0.12m | Reward: 0.000 | Collisions: 0 | Waypoints: 1/30
2026-05-10 22:49:46,961 - carla_training - INFO - Step 20 | Speed: 8.6 km/h | Pos: (234.3, 195.3, 0.0) | Dist: 0.16m | Reward: 0.319 | Collisions: 0 | Waypoints: 1/30
2026-05-10 22:49:51,262 - carla_training - INFO - Step 30 | Speed: 14.5 km/h | Pos: (232.7, 195.4, 0.0) | Dist: 0.29m | Reward: 0.228 | Collisions: 0 | Waypoints: 2/30
2026-05-10 22:49:55,502 - carla_training - INFO - Step 40 | Speed: 18.2 km/h | Pos: (230.4, 195.6, 0.0) | Dist: 0.42m | Reward: 0.318 | Collisions: 0 | Waypoints: 3/30
2026-05-10 22:49:59,646 - carla_training - INFO - Step 50 | Speed: 19.6 km/h | Pos: (227.9, 196.3, 0.0) | Dist: 1.14m | Reward: 0.049 | Collisions: 0 | Waypoints: 4/30
2026-05-10 22:50:03,811 - carla_training - INFO - Step 60 | Speed: 24.7 km/h | Pos: (225.0, 197.4, 0.0) | Dist: 1.79m | Reward: 0.000 | Collisions: 0 | Waypoints: 5/30
2026-05-10 22:50:08,124 - carla_training - INFO - Step 70 | Speed: 28.0 km/h | Pos: (221.7, 198.9, 0.0) | Dist: 0.28m | Reward: 0.000 | Collisions: 0 | Waypoints: 6/30
2026-05-10 22:50:12,463 - carla_training - INFO - ⚠️ Collision #1 detected with static.prop.mesh!
2026-05-10 22:50:12,463 - carla_training - INFO - ⚠️ Collision #2 detected with static.prop.mesh!
2026-05-10 22:50:12,463 - carla_training - INFO - ⚠️ Collision #3 detected with static.prop.mesh!
2026-05-10 22:50:12,463 - carla_training - INFO - ⚠️ Collision #4 detected with static.prop.mesh!
2026-05-10 22:50:12,464 - carla_training - INFO - ⚠️ Collision #5 detected with static.prop.mesh!
2026-05-10 22:50:13,190 - carla_training - INFO - Step 80 | Speed: 29.9 km/h | Pos: (218.3, 201.1, 0.0) | Dist: 1.96m | Reward: -0.167 | Collisions: 5 | Waypoints: 6/30
2026-05-10 22:50:16,560 - carla_training - INFO - ⚠️ Collision #20 detected (continuing episode)
2026-05-10 22:50:18,668 - carla_training - INFO - Step 90 | Speed: 1.0 km/h | Pos: (216.3, 202.3, 0.1) | Dist: 3.10m | Reward: -0.800 | Collisions: 24 | Waypoints: 6/30
2026-05-10 22:50:20,784 - carla_training - INFO - 
============================================================
2026-05-10 22:50:20,785 - carla_training - INFO - Episode 6 Summary:
2026-05-10 22:50:20,785 - carla_training - INFO -   Termination Reason: REWARD_BASED (Unknown)
2026-05-10 22:50:20,785 - carla_training - INFO -   Total Reward: -5.88
2026-05-10 22:50:20,785 - carla_training - INFO -   Steps: 95
2026-05-10 22:50:20,785 - carla_training - INFO -   Duration: 43.04 seconds
2026-05-10 22:50:20,785 - carla_training - INFO -   Average Speed: 15.73 km/h
2026-05-10 22:50:20,785 - carla_training - INFO -   Max Speed: 30.86 km/h
2026-05-10 22:50:20,785 - carla_training - INFO -   Total Distance: 20.65 meters
2026-05-10 22:50:20,785 - carla_training - INFO -   Average Lane Deviation: 1.01 meters
2026-05-10 22:50:20,785 - carla_training - INFO -   Waypoints Reached: 6
2026-05-10 22:50:20,785 - carla_training - INFO - ============================================================

2026-05-10 22:50:20,844 - carla_training - INFO - 🚗 Vehicle spawned and stabilized!
2026-05-10 22:50:20,855 - carla_training - INFO - ✅ Generated 30 waypoints for navigation
2026-05-10 22:50:20,855 - carla_training - INFO -    Complexity: 0 junctions, 0 turns (0.0% turn rate)
2026-05-10 22:50:27,293 - carla_training - INFO - Step 10 | Speed: 0.0 km/h | Pos: (234.7, 195.3, 0.0) | Dist: 0.12m | Reward: 0.000 | Collisions: 0 | Waypoints: 1/30
2026-05-10 22:50:32,632 - carla_training - INFO - Step 20 | Speed: 8.8 km/h | Pos: (234.1, 195.3, 0.0) | Dist: 0.13m | Reward: 0.378 | Collisions: 0 | Waypoints: 1/30
2026-05-10 22:50:37,966 - carla_training - INFO - Step 30 | Speed: 14.0 km/h | Pos: (232.5, 195.5, 0.0) | Dist: 0.36m | Reward: 0.129 | Collisions: 0 | Waypoints: 2/30
2026-05-10 22:50:43,352 - carla_training - INFO - Step 40 | Speed: 17.6 km/h | Pos: (230.3, 196.0, 0.0) | Dist: 0.83m | Reward: 0.000 | Collisions: 0 | Waypoints: 3/30
2026-05-10 22:50:48,676 - carla_training - INFO - Step 50 | Speed: 18.5 km/h | Pos: (227.9, 196.5, 0.0) | Dist: 1.38m | Reward: 0.524 | Collisions: 0 | Waypoints: 4/30
2026-05-10 22:50:53,947 - carla_training - INFO - Step 60 | Speed: 22.2 km/h | Pos: (225.0, 196.5, 0.0) | Dist: 1.38m | Reward: 0.259 | Collisions: 0 | Waypoints: 6/30
2026-05-10 22:50:59,145 - carla_training - INFO - Step 70 | Speed: 23.9 km/h | Pos: (221.8, 196.3, 0.0) | Dist: 1.18m | Reward: 0.060 | Collisions: 0 | Waypoints: 7/30
2026-05-10 22:51:04,334 - carla_training - INFO - Step 80 | Speed: 26.6 km/h | Pos: (218.5, 197.3, 0.0) | Dist: 1.85m | Reward: 0.000 | Collisions: 0 | Waypoints: 9/30
2026-05-10 22:51:09,696 - carla_training - INFO - Step 90 | Speed: 30.8 km/h | Pos: (214.6, 198.1, 0.0) | Dist: 1.05m | Reward: 0.000 | Collisions: 0 | Waypoints: 10/30
2026-05-10 22:51:15,241 - carla_training - INFO - Step 100 | Speed: 34.6 km/h | Pos: (210.0, 198.3, 0.0) | Dist: 0.80m | Reward: 0.000 | Collisions: 0 | Waypoints: 10/30
2026-05-10 22:51:20,706 - carla_training - INFO - Step 110 | Speed: 36.4 km/h | Pos: (205.1, 198.7, 0.0) | Dist: 0.46m | Reward: 0.000 | Collisions: 0 | Waypoints: 10/30
2026-05-10 22:51:20,715 - carla_training - INFO - ⚠️ Collision #1 detected with static.prop.mesh!
2026-05-10 22:51:26,125 - carla_training - INFO - Step 120 | Speed: 39.1 km/h | Pos: (199.9, 199.3, 0.0) | Dist: 0.19m | Reward: -0.033 | Collisions: 1 | Waypoints: 10/30
2026-05-10 22:51:31,529 - carla_training - INFO - Step 130 | Speed: 41.5 km/h | Pos: (194.2, 199.9, 0.0) | Dist: 0.72m | Reward: -0.033 | Collisions: 1 | Waypoints: 10/30
2026-05-10 22:51:36,905 - carla_training - INFO - Step 140 | Speed: 42.2 km/h | Pos: (188.6, 201.3, 0.1) | Dist: 2.19m | Reward: -0.033 | Collisions: 1 | Waypoints: 10/30
2026-05-10 22:51:42,283 - carla_training - INFO - Step 150 | Speed: 43.4 km/h | Pos: (183.1, 203.5, 0.1) | Dist: 4.33m | Reward: -0.033 | Collisions: 1 | Waypoints: 10/30
2026-05-10 22:51:45,530 - carla_training - INFO - ⚠️ Collision #2 detected with static.vegetation!
2026-05-10 22:51:47,687 - carla_training - INFO - Step 160 | Speed: 2.0 km/h | Pos: (179.5, 204.2, 0.1) | Dist: 5.04m | Reward: -1.567 | Collisions: 2 | Waypoints: 10/30
2026-05-10 22:51:49,306 - carla_training - INFO - ⚠️ Collision #3 detected with static.vegetation!
2026-05-10 22:51:49,306 - carla_training - INFO - ⚠️ Collision #4 detected with static.vegetation!
2026-05-10 22:51:49,306 - carla_training - INFO - ⚠️ Collision #5 detected with static.vegetation!
2026-05-10 22:51:50,911 - carla_training - INFO - ⚠️ Collision #20 detected (continuing episode)
2026-05-10 22:51:52,495 - carla_training - INFO - 
============================================================
2026-05-10 22:51:52,495 - carla_training - INFO - Episode 7 Summary:
2026-05-10 22:51:52,495 - carla_training - INFO -   Termination Reason: REWARD_BASED (Unknown)
2026-05-10 22:51:52,495 - carla_training - INFO -   Total Reward: -14.48
2026-05-10 22:51:52,496 - carla_training - INFO -   Steps: 169
2026-05-10 22:51:52,496 - carla_training - INFO -   Duration: 91.71 seconds
2026-05-10 22:51:52,496 - carla_training - INFO -   Average Speed: 24.36 km/h
2026-05-10 22:51:52,496 - carla_training - INFO -   Max Speed: 43.35 km/h
2026-05-10 22:51:52,496 - carla_training - INFO -   Total Distance: 56.95 meters
2026-05-10 22:51:52,496 - carla_training - INFO -   Average Lane Deviation: 1.43 meters
2026-05-10 22:51:52,496 - carla_training - INFO -   Waypoints Reached: 10
2026-05-10 22:51:52,496 - carla_training - INFO - ============================================================

2026-05-10 22:51:52,568 - carla_training - INFO - 🚗 Vehicle spawned and stabilized!
2026-05-10 22:51:52,579 - carla_training - INFO - ✅ Generated 31 waypoints for navigation
2026-05-10 22:51:52,579 - carla_training - INFO -    Complexity: 0 junctions, 0 turns (0.0% turn rate)
2026-05-10 22:51:58,979 - carla_training - INFO - Step 10 | Speed: 0.0 km/h | Pos: (234.7, 195.3, 0.0) | Dist: 0.12m | Reward: 0.000 | Collisions: 0 | Waypoints: 1/31
2026-05-10 22:52:04,819 - carla_training - INFO - Step 20 | Speed: 10.6 km/h | Pos: (234.0, 195.3, 0.0) | Dist: 0.11m | Reward: 0.468 | Collisions: 0 | Waypoints: 1/31
2026-05-10 22:52:10,605 - carla_training - INFO - Step 30 | Speed: 15.7 km/h | Pos: (232.2, 195.5, 0.0) | Dist: 0.38m | Reward: 0.591 | Collisions: 0 | Waypoints: 2/31
2026-05-10 22:52:16,455 - carla_training - INFO - Step 40 | Speed: 19.4 km/h | Pos: (230.0, 196.4, 0.0) | Dist: 1.26m | Reward: 0.000 | Collisions: 0 | Waypoints: 3/31
2026-05-10 22:52:22,329 - carla_training - INFO - Step 50 | Speed: 22.1 km/h | Pos: (227.5, 197.6, 0.0) | Dist: 1.56m | Reward: 0.000 | Collisions: 0 | Waypoints: 4/31
2026-05-10 22:52:28,196 - carla_training - INFO - Step 60 | Speed: 25.4 km/h | Pos: (224.7, 199.4, 0.0) | Dist: 0.22m | Reward: 0.000 | Collisions: 0 | Waypoints: 4/31
2026-05-10 22:52:29,387 - carla_training - INFO - ⚠️ Collision #1 detected with static.prop.mesh!
2026-05-10 22:52:29,960 - carla_training - INFO - ⚠️ Collision #2 detected with static.prop.mesh!
2026-05-10 22:52:30,562 - carla_training - INFO - ⚠️ Collision #3 detected with static.prop.mesh!
2026-05-10 22:52:30,562 - carla_training - INFO - ⚠️ Collision #4 detected with static.prop.mesh!
2026-05-10 22:52:30,563 - carla_training - INFO - ⚠️ Collision #5 detected with static.prop.mesh!
2026-05-10 22:52:34,037 - carla_training - INFO - Step 70 | Speed: 28.6 km/h | Pos: (221.4, 201.1, 0.0) | Dist: 1.95m | Reward: -0.567 | Collisions: 17 | Waypoints: 4/31
2026-05-10 22:52:38,653 - carla_training - INFO - ⚠️ Collision #20 detected (continuing episode)
2026-05-10 22:52:39,791 - carla_training - INFO - Step 80 | Speed: 31.0 km/h | Pos: (217.6, 202.8, 0.1) | Dist: 3.66m | Reward: -0.733 | Collisions: 22 | Waypoints: 4/31
2026-05-10 22:52:45,606 - carla_training - INFO - Step 90 | Speed: 33.7 km/h | Pos: (213.9, 205.3, 0.1) | Dist: 6.16m | Reward: -2.367 | Collisions: 26 | Waypoints: 4/31
2026-05-10 22:52:50,172 - carla_training - INFO - 
============================================================
2026-05-10 22:52:50,172 - carla_training - INFO - Episode 8 Summary:
2026-05-10 22:52:50,172 - carla_training - INFO -   Termination Reason: REWARD_BASED (Unknown)
2026-05-10 22:52:50,172 - carla_training - INFO -   Total Reward: -44.48
2026-05-10 22:52:50,172 - carla_training - INFO -   Steps: 98
2026-05-10 22:52:50,172 - carla_training - INFO -   Duration: 57.67 seconds
2026-05-10 22:52:50,172 - carla_training - INFO -   Average Speed: 19.02 km/h
2026-05-10 22:52:50,172 - carla_training - INFO -   Max Speed: 34.33 km/h
2026-05-10 22:52:50,172 - carla_training - INFO -   Total Distance: 25.89 meters
2026-05-10 22:52:50,172 - carla_training - INFO -   Average Lane Deviation: 1.87 meters
2026-05-10 22:52:50,172 - carla_training - INFO -   Waypoints Reached: 4
2026-05-10 22:52:50,172 - carla_training - INFO - ============================================================

2026-05-10 22:52:50,232 - carla_training - INFO - 🚗 Vehicle spawned and stabilized!
2026-05-10 22:52:50,242 - carla_training - INFO - ✅ Generated 31 waypoints for navigation
2026-05-10 22:52:50,243 - carla_training - INFO -    Complexity: 0 junctions, 0 turns (0.0% turn rate)
2026-05-10 22:52:55,650 - carla_training - INFO - Step 10 | Speed: 0.0 km/h | Pos: (234.7, 195.3, 0.0) | Dist: 0.12m | Reward: 0.000 | Collisions: 0 | Waypoints: 1/31
2026-05-10 22:53:00,164 - carla_training - INFO - Step 20 | Speed: 11.7 km/h | Pos: (233.8, 195.3, 0.0) | Dist: 0.10m | Reward: 0.637 | Collisions: 0 | Waypoints: 1/31
2026-05-10 22:53:04,701 - carla_training - INFO - Step 30 | Speed: 17.9 km/h | Pos: (231.7, 195.2, 0.0) | Dist: 0.07m | Reward: 0.971 | Collisions: 0 | Waypoints: 3/31
2026-05-10 22:53:08,815 - carla_training - INFO - 
Training speed: 2 fps | Total steps: 1000
2026-05-10 22:53:09,265 - carla_training - INFO - Step 40 | Speed: 19.1 km/h | Pos: (229.1, 195.0, 0.0) | Dist: 0.11m | Reward: 0.655 | Collisions: 0 | Waypoints: 4/31
2026-05-10 22:53:13,832 - carla_training - INFO - Step 50 | Speed: 21.1 km/h | Pos: (226.4, 195.0, 0.0) | Dist: 0.15m | Reward: 0.404 | Collisions: 0 | Waypoints: 5/31
2026-05-10 22:53:18,365 - carla_training - INFO - Step 60 | Speed: 23.7 km/h | Pos: (223.4, 195.7, 0.0) | Dist: 0.57m | Reward: 0.129 | Collisions: 0 | Waypoints: 7/31
2026-05-10 22:53:23,218 - carla_training - INFO - Step 70 | Speed: 27.2 km/h | Pos: (220.0, 196.4, 0.0) | Dist: 1.29m | Reward: -0.044 | Collisions: 0 | Waypoints: 8/31
2026-05-10 22:53:29,311 - carla_training - INFO - Step 80 | Speed: 30.1 km/h | Pos: (216.0, 197.4, 0.0) | Dist: 1.74m | Reward: 0.000 | Collisions: 0 | Waypoints: 10/31
2026-05-10 22:53:35,357 - carla_training - INFO - Step 90 | Speed: 32.8 km/h | Pos: (212.0, 199.1, 0.0) | Dist: 0.04m | Reward: 0.000 | Collisions: 0 | Waypoints: 10/31
2026-05-10 22:53:37,728 - carla_training - INFO - ⚠️ Collision #1 detected with static.pole!
2026-05-10 22:53:38,306 - carla_training - INFO - ⚠️ Collision #2 detected with static.pole!
2026-05-10 22:53:38,306 - carla_training - INFO - ⚠️ Collision #3 detected with static.prop.mesh!
2026-05-10 22:53:38,307 - carla_training - INFO - ⚠️ Collision #4 detected with static.pole!
2026-05-10 22:53:38,307 - carla_training - INFO - ⚠️ Collision #5 detected with static.prop.mesh!
2026-05-10 22:53:40,642 - carla_training - INFO - ⚠️ Collision #20 detected (continuing episode)
2026-05-10 22:53:41,231 - carla_training - INFO - Step 100 | Speed: 30.2 km/h | Pos: (208.5, 201.6, 0.1) | Dist: 2.48m | Reward: -0.767 | Collisions: 23 | Waypoints: 10/31
2026-05-10 22:53:42,447 - carla_training - INFO - 
============================================================
2026-05-10 22:53:42,448 - carla_training - INFO - Episode 9 Summary:
2026-05-10 22:53:42,448 - carla_training - INFO -   Termination Reason: REWARD_BASED (Unknown)
2026-05-10 22:53:42,448 - carla_training - INFO -   Total Reward: 11.88
2026-05-10 22:53:42,448 - carla_training - INFO -   Steps: 102
2026-05-10 22:53:42,448 - carla_training - INFO -   Duration: 52.27 seconds
2026-05-10 22:53:42,448 - carla_training - INFO -   Average Speed: 20.34 km/h
2026-05-10 22:53:42,448 - carla_training - INFO -   Max Speed: 32.97 km/h
2026-05-10 22:53:42,448 - carla_training - INFO -   Total Distance: 28.64 meters
2026-05-10 22:53:42,448 - carla_training - INFO -   Average Lane Deviation: 0.60 meters
2026-05-10 22:53:42,448 - carla_training - INFO -   Waypoints Reached: 10
2026-05-10 22:53:42,448 - carla_training - INFO - ============================================================

2026-05-10 22:53:42,516 - carla_training - INFO - 🚗 Vehicle spawned and stabilized!
2026-05-10 22:53:42,528 - carla_training - INFO - ✅ Generated 31 waypoints for navigation
2026-05-10 22:53:42,529 - carla_training - INFO -    Complexity: 0 junctions, 0 turns (0.0% turn rate)
2026-05-10 22:53:48,950 - carla_training - INFO - Step 10 | Speed: 0.0 km/h | Pos: (234.7, 195.3, 0.0) | Dist: 0.12m | Reward: 0.000 | Collisions: 0 | Waypoints: 1/31
2026-05-10 22:53:54,776 - carla_training - INFO - Step 20 | Speed: 0.0 km/h | Pos: (234.7, 195.3, 0.0) | Dist: 0.12m | Reward: 0.000 | Collisions: 0 | Waypoints: 1/31
2026-05-10 22:54:00,604 - carla_training - INFO - Step 30 | Speed: 0.0 km/h | Pos: (234.7, 195.3, 0.0) | Dist: 0.12m | Reward: 0.000 | Collisions: 0 | Waypoints: 1/31
2026-05-10 22:54:06,425 - carla_training - INFO - Step 40 | Speed: 0.0 km/h | Pos: (234.7, 195.3, 0.0) | Dist: 0.12m | Reward: 0.000 | Collisions: 0 | Waypoints: 1/31
2026-05-10 22:54:12,180 - carla_training - INFO - Step 50 | Speed: 0.0 km/h | Pos: (234.5, 195.2, 0.0) | Dist: 0.08m | Reward: 0.000 | Collisions: 0 | Waypoints: 1/31
2026-05-10 22:54:18,186 - carla_training - INFO - Step 60 | Speed: 0.0 km/h | Pos: (234.5, 195.2, 0.0) | Dist: 0.08m | Reward: 0.000 | Collisions: 0 | Waypoints: 1/31
2026-05-10 22:54:23,972 - carla_training - INFO - Step 70 | Speed: 0.4 km/h | Pos: (234.5, 195.2, 0.0) | Dist: 0.08m | Reward: 0.012 | Collisions: 0 | Waypoints: 1/31
2026-05-10 22:54:29,780 - carla_training - INFO - Step 80 | Speed: 0.1 km/h | Pos: (234.5, 195.2, 0.0) | Dist: 0.08m | Reward: 0.001 | Collisions: 0 | Waypoints: 1/31
2026-05-10 22:54:35,574 - carla_training - INFO - Step 90 | Speed: 0.0 km/h | Pos: (234.4, 195.2, 0.0) | Dist: 0.09m | Reward: 0.000 | Collisions: 0 | Waypoints: 1/31
2026-05-10 22:54:41,415 - carla_training - INFO - Step 100 | Speed: 0.0 km/h | Pos: (234.4, 195.2, 0.0) | Dist: 0.08m | Reward: 0.000 | Collisions: 0 | Waypoints: 1/31
2026-05-10 22:54:47,252 - carla_training - INFO - Step 110 | Speed: 0.3 km/h | Pos: (234.4, 195.2, 0.0) | Dist: 0.08m | Reward: 0.011 | Collisions: 0 | Waypoints: 1/31
2026-05-10 22:54:53,107 - carla_training - INFO - Step 120 | Speed: 0.0 km/h | Pos: (234.4, 195.2, 0.0) | Dist: 0.08m | Reward: 0.000 | Collisions: 0 | Waypoints: 1/31
2026-05-10 22:54:58,967 - carla_training - INFO - Step 130 | Speed: 0.0 km/h | Pos: (234.4, 195.2, 0.0) | Dist: 0.07m | Reward: 0.000 | Collisions: 0 | Waypoints: 1/31
2026-05-10 22:55:04,839 - carla_training - INFO - Step 140 | Speed: 0.0 km/h | Pos: (234.3, 195.2, 0.0) | Dist: 0.08m | Reward: 0.000 | Collisions: 0 | Waypoints: 1/31
2026-05-10 22:55:10,744 - carla_training - INFO - Step 150 | Speed: 0.3 km/h | Pos: (234.3, 195.2, 0.0) | Dist: 0.08m | Reward: 0.017 | Collisions: 0 | Waypoints: 1/31
2026-05-10 22:55:16,606 - carla_training - INFO - Step 160 | Speed: 1.0 km/h | Pos: (234.2, 195.2, 0.0) | Dist: 0.07m | Reward: 0.050 | Collisions: 0 | Waypoints: 1/31
2026-05-10 22:55:22,478 - carla_training - INFO - Step 170 | Speed: 0.3 km/h | Pos: (234.2, 195.2, 0.0) | Dist: 0.07m | Reward: 0.010 | Collisions: 0 | Waypoints: 1/31
2026-05-10 22:55:28,294 - carla_training - INFO - Step 180 | Speed: 0.0 km/h | Pos: (234.2, 195.2, 0.0) | Dist: 0.07m | Reward: 0.000 | Collisions: 0 | Waypoints: 1/31
2026-05-10 22:55:34,096 - carla_training - INFO - Step 190 | Speed: 2.2 km/h | Pos: (234.1, 195.2, 0.0) | Dist: 0.07m | Reward: 0.110 | Collisions: 0 | Waypoints: 1/31
2026-05-10 22:55:39,876 - carla_training - INFO - Step 200 | Speed: 0.0 km/h | Pos: (234.1, 195.2, 0.0) | Dist: 0.07m | Reward: 0.000 | Collisions: 0 | Waypoints: 1/31
2026-05-10 22:55:45,866 - carla_training - INFO - Step 210 | Speed: 0.1 km/h | Pos: (234.1, 195.2, 0.0) | Dist: 0.07m | Reward: 0.000 | Collisions: 0 | Waypoints: 1/31
2026-05-10 22:55:51,336 - carla_training - INFO - Step 220 | Speed: 0.3 km/h | Pos: (234.1, 195.2, 0.0) | Dist: 0.07m | Reward: 0.008 | Collisions: 0 | Waypoints: 1/31
2026-05-10 22:55:56,699 - carla_training - INFO - Step 230 | Speed: 0.6 km/h | Pos: (234.1, 195.2, 0.0) | Dist: 0.07m | Reward: 0.039 | Collisions: 0 | Waypoints: 1/31
2026-05-10 22:56:01,951 - carla_training - INFO - Step 240 | Speed: 0.0 km/h | Pos: (234.1, 195.2, 0.0) | Dist: 0.07m | Reward: 0.000 | Collisions: 0 | Waypoints: 1/31
2026-05-10 22:56:07,169 - carla_training - INFO - Step 250 | Speed: 0.1 km/h | Pos: (234.1, 195.2, 0.0) | Dist: 0.07m | Reward: 0.005 | Collisions: 0 | Waypoints: 1/31
2026-05-10 22:56:11,890 - carla_training - INFO - Step 260 | Speed: 1.2 km/h | Pos: (234.0, 195.2, 0.0) | Dist: 0.07m | Reward: 0.053 | Collisions: 0 | Waypoints: 1/31
2026-05-10 22:56:15,621 - carla_training - INFO - Step 270 | Speed: 0.0 km/h | Pos: (234.0, 195.2, 0.0) | Dist: 0.06m | Reward: 0.000 | Collisions: 0 | Waypoints: 1/31
2026-05-10 22:56:19,742 - carla_training - INFO - Step 280 | Speed: 0.1 km/h | Pos: (234.0, 195.2, 0.0) | Dist: 0.06m | Reward: 0.009 | Collisions: 0 | Waypoints: 1/31
2026-05-10 22:56:23,992 - carla_training - INFO - Step 290 | Speed: 0.5 km/h | Pos: (233.9, 195.2, 0.0) | Dist: 0.06m | Reward: 0.027 | Collisions: 0 | Waypoints: 1/31
2026-05-10 22:56:28,177 - carla_training - INFO - Step 300 | Speed: 0.3 km/h | Pos: (233.9, 195.2, 0.0) | Dist: 0.06m | Reward: 0.022 | Collisions: 0 | Waypoints: 1/31
2026-05-10 22:56:33,080 - carla_training - INFO - Step 310 | Speed: 0.0 km/h | Pos: (233.9, 195.2, 0.0) | Dist: 0.06m | Reward: 0.000 | Collisions: 0 | Waypoints: 1/31
2026-05-10 22:56:39,122 - carla_training - INFO - Step 320 | Speed: 0.0 km/h | Pos: (233.9, 195.2, 0.0) | Dist: 0.06m | Reward: 0.000 | Collisions: 0 | Waypoints: 1/31
2026-05-10 22:56:43,823 - carla_training - INFO - Step 330 | Speed: 0.3 km/h | Pos: (233.9, 195.2, 0.0) | Dist: 0.06m | Reward: 0.015 | Collisions: 0 | Waypoints: 1/31
2026-05-10 22:56:49,397 - carla_training - INFO - Step 340 | Speed: 0.2 km/h | Pos: (233.9, 195.2, 0.0) | Dist: 0.06m | Reward: 0.010 | Collisions: 0 | Waypoints: 1/31
2026-05-10 22:56:53,859 - carla_training - INFO - Step 350 | Speed: 0.1 km/h | Pos: (233.9, 195.2, 0.0) | Dist: 0.06m | Reward: 0.002 | Collisions: 0 | Waypoints: 1/31
2026-05-10 22:56:58,481 - carla_training - INFO - Step 360 | Speed: 0.0 km/h | Pos: (233.9, 195.2, 0.0) | Dist: 0.06m | Reward: 0.000 | Collisions: 0 | Waypoints: 1/31
2026-05-10 22:57:03,762 - carla_training - INFO - Step 370 | Speed: 0.0 km/h | Pos: (233.8, 195.2, 0.0) | Dist: 0.06m | Reward: 0.000 | Collisions: 0 | Waypoints: 1/31
2026-05-10 22:57:07,667 - carla_training - INFO - Step 380 | Speed: 0.3 km/h | Pos: (233.8, 195.2, 0.0) | Dist: 0.06m | Reward: 0.015 | Collisions: 0 | Waypoints: 1/31
2026-05-10 22:57:12,665 - carla_training - INFO - Step 390 | Speed: 0.1 km/h | Pos: (233.8, 195.2, 0.0) | Dist: 0.06m | Reward: 0.003 | Collisions: 0 | Waypoints: 1/31
2026-05-10 22:57:17,465 - carla_training - INFO - Step 400 | Speed: 0.3 km/h | Pos: (233.8, 195.2, 0.0) | Dist: 0.06m | Reward: 0.014 | Collisions: 0 | Waypoints: 1/31
2026-05-10 22:57:22,264 - carla_training - INFO - Step 410 | Speed: 1.2 km/h | Pos: (233.8, 195.2, 0.0) | Dist: 0.05m | Reward: 0.064 | Collisions: 0 | Waypoints: 1/31
2026-05-10 22:57:27,080 - carla_training - INFO - Step 420 | Speed: 0.0 km/h | Pos: (233.8, 195.2, 0.0) | Dist: 0.05m | Reward: 0.000 | Collisions: 0 | Waypoints: 1/31
2026-05-10 22:57:31,937 - carla_training - INFO - Step 430 | Speed: 0.0 km/h | Pos: (233.8, 195.2, 0.0) | Dist: 0.05m | Reward: 0.000 | Collisions: 0 | Waypoints: 1/31
2026-05-10 22:57:36,776 - carla_training - INFO - Step 440 | Speed: 0.2 km/h | Pos: (233.8, 195.2, 0.0) | Dist: 0.05m | Reward: 0.008 | Collisions: 0 | Waypoints: 1/31
2026-05-10 22:57:41,704 - carla_training - INFO - Step 450 | Speed: 0.1 km/h | Pos: (233.8, 195.2, 0.0) | Dist: 0.05m | Reward: 0.005 | Collisions: 0 | Waypoints: 1/31
2026-05-10 22:57:46,709 - carla_training - INFO - Step 460 | Speed: 0.0 km/h | Pos: (233.8, 195.2, 0.0) | Dist: 0.05m | Reward: 0.000 | Collisions: 0 | Waypoints: 1/31
2026-05-10 22:57:51,658 - carla_training - INFO - Step 470 | Speed: 0.0 km/h | Pos: (233.7, 195.2, 0.0) | Dist: 0.05m | Reward: 0.000 | Collisions: 0 | Waypoints: 1/31
2026-05-10 22:57:56,560 - carla_training - INFO - Step 480 | Speed: 0.0 km/h | Pos: (233.7, 195.2, 0.0) | Dist: 0.05m | Reward: 0.000 | Collisions: 0 | Waypoints: 1/31
2026-05-10 22:58:01,504 - carla_training - INFO - Step 490 | Speed: 0.0 km/h | Pos: (233.7, 195.2, 0.0) | Dist: 0.05m | Reward: 0.000 | Collisions: 0 | Waypoints: 1/31
2026-05-10 22:58:06,467 - carla_training - INFO - Step 500 | Speed: 0.0 km/h | Pos: (233.7, 195.2, 0.0) | Dist: 0.05m | Reward: 0.000 | Collisions: 0 | Waypoints: 1/31
2026-05-10 22:58:11,674 - carla_training - INFO - Step 510 | Speed: 0.0 km/h | Pos: (233.7, 195.2, 0.0) | Dist: 0.05m | Reward: 0.000 | Collisions: 0 | Waypoints: 1/31
2026-05-10 22:58:16,725 - carla_training - INFO - Step 520 | Speed: 0.4 km/h | Pos: (233.7, 195.2, 0.0) | Dist: 0.05m | Reward: 0.016 | Collisions: 0 | Waypoints: 1/31
2026-05-10 22:58:22,140 - carla_training - INFO - Step 530 | Speed: 0.0 km/h | Pos: (233.7, 195.2, 0.0) | Dist: 0.05m | Reward: 0.000 | Collisions: 0 | Waypoints: 2/31
2026-05-10 22:58:27,480 - carla_training - INFO - Step 540 | Speed: 0.0 km/h | Pos: (233.6, 195.2, 0.0) | Dist: 0.04m | Reward: 0.000 | Collisions: 0 | Waypoints: 2/31
2026-05-10 22:58:32,895 - carla_training - INFO - Step 550 | Speed: 0.0 km/h | Pos: (233.6, 195.2, 0.0) | Dist: 0.04m | Reward: 0.000 | Collisions: 0 | Waypoints: 2/31
2026-05-10 22:58:38,303 - carla_training - INFO - Step 560 | Speed: 0.5 km/h | Pos: (233.6, 195.2, 0.0) | Dist: 0.04m | Reward: 0.014 | Collisions: 0 | Waypoints: 2/31
2026-05-10 22:58:43,717 - carla_training - INFO - Step 570 | Speed: 0.9 km/h | Pos: (233.6, 195.2, 0.0) | Dist: 0.04m | Reward: 0.035 | Collisions: 0 | Waypoints: 2/31
2026-05-10 22:58:49,163 - carla_training - INFO - Step 580 | Speed: 0.0 km/h | Pos: (233.5, 195.2, 0.0) | Dist: 0.04m | Reward: 0.000 | Collisions: 0 | Waypoints: 2/31
2026-05-10 22:58:54,550 - carla_training - INFO - Step 590 | Speed: 0.0 km/h | Pos: (233.5, 195.2, 0.0) | Dist: 0.04m | Reward: 0.000 | Collisions: 0 | Waypoints: 2/31
2026-05-10 22:58:59,930 - carla_training - INFO - Step 600 | Speed: 0.0 km/h | Pos: (233.5, 195.2, 0.0) | Dist: 0.04m | Reward: 0.000 | Collisions: 0 | Waypoints: 2/31
2026-05-10 22:59:05,186 - carla_training - INFO - Step 610 | Speed: 0.1 km/h | Pos: (233.5, 195.2, 0.0) | Dist: 0.03m | Reward: 0.001 | Collisions: 0 | Waypoints: 2/31
2026-05-10 22:59:10,466 - carla_training - INFO - Step 620 | Speed: 1.2 km/h | Pos: (233.4, 195.2, 0.0) | Dist: 0.03m | Reward: 0.044 | Collisions: 0 | Waypoints: 2/31
2026-05-10 22:59:15,801 - carla_training - INFO - Step 630 | Speed: 0.0 km/h | Pos: (233.4, 195.2, 0.0) | Dist: 0.03m | Reward: 0.000 | Collisions: 0 | Waypoints: 2/31
2026-05-10 22:59:21,196 - carla_training - INFO - Step 640 | Speed: 0.0 km/h | Pos: (233.4, 195.2, 0.0) | Dist: 0.03m | Reward: 0.000 | Collisions: 0 | Waypoints: 2/31
2026-05-10 22:59:26,550 - carla_training - INFO - Step 650 | Speed: 0.1 km/h | Pos: (233.4, 195.2, 0.0) | Dist: 0.03m | Reward: 0.000 | Collisions: 0 | Waypoints: 2/31
2026-05-10 22:59:31,796 - carla_training - INFO - Step 660 | Speed: 0.0 km/h | Pos: (233.4, 195.2, 0.0) | Dist: 0.03m | Reward: 0.000 | Collisions: 0 | Waypoints: 2/31
2026-05-10 22:59:37,078 - carla_training - INFO - Step 670 | Speed: 0.0 km/h | Pos: (233.4, 195.2, 0.0) | Dist: 0.03m | Reward: 0.000 | Collisions: 0 | Waypoints: 2/31
2026-05-10 22:59:42,497 - carla_training - INFO - Step 680 | Speed: 0.0 km/h | Pos: (233.4, 195.2, 0.0) | Dist: 0.03m | Reward: 0.000 | Collisions: 0 | Waypoints: 2/31
2026-05-10 22:59:47,850 - carla_training - INFO - Step 690 | Speed: 0.0 km/h | Pos: (233.4, 195.2, 0.0) | Dist: 0.03m | Reward: 0.000 | Collisions: 0 | Waypoints: 2/31
2026-05-10 22:59:53,194 - carla_training - INFO - Step 700 | Speed: 0.0 km/h | Pos: (233.4, 195.2, 0.0) | Dist: 0.03m | Reward: 0.000 | Collisions: 0 | Waypoints: 2/31
2026-05-10 22:59:58,553 - carla_training - INFO - Step 710 | Speed: 0.0 km/h | Pos: (233.4, 195.2, 0.0) | Dist: 0.03m | Reward: 0.000 | Collisions: 0 | Waypoints: 2/31
2026-05-10 23:00:03,774 - carla_training - INFO - Step 720 | Speed: 0.3 km/h | Pos: (233.4, 195.2, 0.0) | Dist: 0.03m | Reward: 0.016 | Collisions: 0 | Waypoints: 2/31
2026-05-10 23:00:09,116 - carla_training - INFO - Step 730 | Speed: 0.0 km/h | Pos: (233.3, 195.2, 0.0) | Dist: 0.03m | Reward: 0.000 | Collisions: 0 | Waypoints: 2/31
2026-05-10 23:00:14,535 - carla_training - INFO - Step 740 | Speed: 0.0 km/h | Pos: (233.3, 195.2, 0.0) | Dist: 0.03m | Reward: 0.000 | Collisions: 0 | Waypoints: 2/31
2026-05-10 23:00:19,921 - carla_training - INFO - Step 750 | Speed: 0.2 km/h | Pos: (233.3, 195.2, 0.0) | Dist: 0.03m | Reward: 0.013 | Collisions: 0 | Waypoints: 2/31
2026-05-10 23:00:25,297 - carla_training - INFO - Step 760 | Speed: 0.0 km/h | Pos: (233.2, 195.2, 0.0) | Dist: 0.03m | Reward: 0.000 | Collisions: 0 | Waypoints: 2/31
2026-05-10 23:00:30,647 - carla_training - INFO - Step 770 | Speed: 0.0 km/h | Pos: (233.2, 195.2, 0.0) | Dist: 0.03m | Reward: 0.000 | Collisions: 0 | Waypoints: 2/31
2026-05-10 23:00:36,015 - carla_training - INFO - Step 780 | Speed: 0.3 km/h | Pos: (233.2, 195.2, 0.0) | Dist: 0.03m | Reward: 0.018 | Collisions: 0 | Waypoints: 2/31
2026-05-10 23:00:41,346 - carla_training - INFO - Step 790 | Speed: 0.0 km/h | Pos: (233.2, 195.2, 0.0) | Dist: 0.03m | Reward: 0.000 | Collisions: 0 | Waypoints: 2/31
2026-05-10 23:00:46,685 - carla_training - INFO - Step 800 | Speed: 0.1 km/h | Pos: (233.2, 195.2, 0.0) | Dist: 0.03m | Reward: 0.004 | Collisions: 0 | Waypoints: 2/31
2026-05-10 23:00:52,023 - carla_training - INFO - Step 810 | Speed: 0.0 km/h | Pos: (233.2, 195.2, 0.0) | Dist: 0.03m | Reward: 0.000 | Collisions: 0 | Waypoints: 2/31
2026-05-10 23:00:57,320 - carla_training - INFO - Step 820 | Speed: 0.0 km/h | Pos: (233.2, 195.2, 0.0) | Dist: 0.03m | Reward: 0.000 | Collisions: 0 | Waypoints: 2/31
2026-05-10 23:01:02,599 - carla_training - INFO - Step 830 | Speed: 0.0 km/h | Pos: (233.2, 195.2, 0.0) | Dist: 0.03m | Reward: 0.000 | Collisions: 0 | Waypoints: 2/31
2026-05-10 23:01:07,838 - carla_training - INFO - Step 840 | Speed: 0.0 km/h | Pos: (233.1, 195.2, 0.0) | Dist: 0.03m | Reward: 0.000 | Collisions: 0 | Waypoints: 2/31
2026-05-10 23:01:13,022 - carla_training - INFO - Step 850 | Speed: 0.0 km/h | Pos: (233.1, 195.2, 0.0) | Dist: 0.03m | Reward: 0.000 | Collisions: 0 | Waypoints: 2/31
2026-05-10 23:01:18,128 - carla_training - INFO - Step 860 | Speed: 0.0 km/h | Pos: (233.1, 195.2, 0.0) | Dist: 0.03m | Reward: 0.000 | Collisions: 0 | Waypoints: 2/31
2026-05-10 23:01:23,260 - carla_training - INFO - Step 870 | Speed: 0.2 km/h | Pos: (233.1, 195.2, 0.0) | Dist: 0.03m | Reward: 0.009 | Collisions: 0 | Waypoints: 2/31
2026-05-10 23:01:28,524 - carla_training - INFO - Step 880 | Speed: 0.2 km/h | Pos: (233.1, 195.2, 0.0) | Dist: 0.03m | Reward: 0.016 | Collisions: 0 | Waypoints: 2/31
2026-05-10 23:01:33,749 - carla_training - INFO - Step 890 | Speed: 0.0 km/h | Pos: (233.1, 195.2, 0.0) | Dist: 0.03m | Reward: 0.000 | Collisions: 0 | Waypoints: 2/31
2026-05-10 23:01:39,066 - carla_training - INFO - Step 900 | Speed: 0.0 km/h | Pos: (233.1, 195.2, 0.0) | Dist: 0.03m | Reward: 0.000 | Collisions: 0 | Waypoints: 2/31
2026-05-10 23:01:44,323 - carla_training - INFO - Step 910 | Speed: 0.0 km/h | Pos: (233.0, 195.2, 0.0) | Dist: 0.03m | Reward: 0.000 | Collisions: 0 | Waypoints: 2/31
2026-05-10 23:01:49,529 - carla_training - INFO - Step 920 | Speed: 0.2 km/h | Pos: (233.0, 195.2, 0.0) | Dist: 0.03m | Reward: 0.011 | Collisions: 0 | Waypoints: 2/31
2026-05-10 23:01:54,753 - carla_training - INFO - Step 930 | Speed: 0.0 km/h | Pos: (233.0, 195.2, 0.0) | Dist: 0.03m | Reward: 0.000 | Collisions: 0 | Waypoints: 2/31
2026-05-10 23:01:58,485 - carla_training - INFO - 
Training speed: 1 fps | Total steps: 2000
2026-05-10 23:02:00,092 - carla_training - INFO - Step 940 | Speed: 0.0 km/h | Pos: (233.0, 195.2, 0.0) | Dist: 0.03m | Reward: 0.000 | Collisions: 0 | Waypoints: 2/31
2026-05-10 23:02:05,443 - carla_training - INFO - Step 950 | Speed: 0.2 km/h | Pos: (233.0, 195.2, 0.0) | Dist: 0.02m | Reward: 0.008 | Collisions: 0 | Waypoints: 2/31
2026-05-10 23:02:10,826 - carla_training - INFO - Step 960 | Speed: 0.0 km/h | Pos: (233.0, 195.2, 0.0) | Dist: 0.02m | Reward: 0.000 | Collisions: 0 | Waypoints: 2/31
2026-05-10 23:02:16,150 - carla_training - INFO - Step 970 | Speed: 0.0 km/h | Pos: (233.0, 195.2, 0.0) | Dist: 0.02m | Reward: 0.000 | Collisions: 0 | Waypoints: 2/31
2026-05-10 23:02:21,501 - carla_training - INFO - Step 980 | Speed: 0.3 km/h | Pos: (233.0, 195.2, 0.0) | Dist: 0.02m | Reward: 0.006 | Collisions: 0 | Waypoints: 2/31
2026-05-10 23:02:27,494 - carla_training - INFO - Step 990 | Speed: 0.0 km/h | Pos: (233.0, 195.2, 0.0) | Dist: 0.02m | Reward: 0.000 | Collisions: 0 | Waypoints: 2/31
2026-05-10 23:02:32,128 - carla_training - INFO - Step 1000 | Speed: 0.0 km/h | Pos: (233.0, 195.2, 0.0) | Dist: 0.02m | Reward: 0.000 | Collisions: 0 | Waypoints: 2/31
2026-05-10 23:02:36,737 - carla_training - INFO - Step 1010 | Speed: 0.3 km/h | Pos: (233.0, 195.2, 0.0) | Dist: 0.02m | Reward: 0.018 | Collisions: 0 | Waypoints: 2/31
2026-05-10 23:02:41,511 - carla_training - INFO - Step 1020 | Speed: 0.0 km/h | Pos: (232.9, 195.2, 0.0) | Dist: 0.02m | Reward: 0.000 | Collisions: 0 | Waypoints: 2/31
2026-05-10 23:02:46,505 - carla_training - INFO - Step 1030 | Speed: 0.0 km/h | Pos: (232.9, 195.2, 0.0) | Dist: 0.02m | Reward: 0.000 | Collisions: 0 | Waypoints: 2/31
2026-05-10 23:02:51,628 - carla_training - INFO - Step 1040 | Speed: 0.0 km/h | Pos: (232.9, 195.2, 0.0) | Dist: 0.02m | Reward: 0.000 | Collisions: 0 | Waypoints: 2/31
2026-05-10 23:02:56,766 - carla_training - INFO - Step 1050 | Speed: 0.1 km/h | Pos: (232.9, 195.2, 0.0) | Dist: 0.02m | Reward: 0.006 | Collisions: 0 | Waypoints: 2/31
2026-05-10 23:03:01,965 - carla_training - INFO - Step 1060 | Speed: 0.4 km/h | Pos: (232.9, 195.2, 0.0) | Dist: 0.02m | Reward: 0.007 | Collisions: 0 | Waypoints: 2/31
2026-05-10 23:03:07,187 - carla_training - INFO - Step 1070 | Speed: 0.0 km/h | Pos: (232.9, 195.2, 0.0) | Dist: 0.02m | Reward: 0.000 | Collisions: 0 | Waypoints: 2/31
2026-05-10 23:03:12,438 - carla_training - INFO - Step 1080 | Speed: 0.2 km/h | Pos: (232.9, 195.2, 0.0) | Dist: 0.02m | Reward: 0.010 | Collisions: 0 | Waypoints: 2/31
2026-05-10 23:03:17,656 - carla_training - INFO - Step 1090 | Speed: 0.0 km/h | Pos: (232.9, 195.2, 0.0) | Dist: 0.02m | Reward: 0.000 | Collisions: 0 | Waypoints: 2/31
2026-05-10 23:03:19,737 - carla_training - INFO - 
============================================================
2026-05-10 23:03:19,738 - carla_training - INFO - Episode 10 Summary:
2026-05-10 23:03:19,738 - carla_training - INFO -   Termination Reason: REWARD_BASED (Unknown)
2026-05-10 23:03:19,738 - carla_training - INFO -   Total Reward: -2.50
2026-05-10 23:03:19,738 - carla_training - INFO -   Steps: 1094
2026-05-10 23:03:19,738 - carla_training - INFO -   Duration: 577.29 seconds
2026-05-10 23:03:19,738 - carla_training - INFO -   Average Speed: 0.16 km/h
2026-05-10 23:03:19,738 - carla_training - INFO -   Max Speed: 3.79 km/h
2026-05-10 23:03:19,738 - carla_training - INFO -   Total Distance: 1.93 meters
2026-05-10 23:03:19,738 - carla_training - INFO -   Average Lane Deviation: 0.05 meters
2026-05-10 23:03:19,738 - carla_training - INFO -   Waypoints Reached: 2
2026-05-10 23:03:19,738 - carla_training - INFO - ============================================================

2026-05-10 23:03:19,795 - carla_training - INFO - 🚗 Vehicle spawned and stabilized!
2026-05-10 23:03:19,806 - carla_training - INFO - ✅ Generated 31 waypoints for navigation
2026-05-10 23:03:19,806 - carla_training - INFO -    Complexity: 0 junctions, 0 turns (0.0% turn rate)
2026-05-10 23:03:21,003 - carla_training - INFO - ✅ Metrics backup saved: Episode 10
2026-05-10 23:03:21,025 - carla_training - INFO - 💾 Saving checkpoint at episode 10...
2026-05-10 23:03:21,070 - carla_training - INFO - ✅ Model saved: ./checkpoints/trained_ssl_rl\model_ep10
2026-05-10 23:03:21,071 - carla_training - INFO - ✅ Env stats saved: ./checkpoints/trained_ssl_rl\env_ep10.pkl
2026-05-10 23:03:26,961 - carla_training - INFO - Step 10 | Speed: 0.0 km/h | Pos: (234.7, 195.3, 0.0) | Dist: 0.12m | Reward: 0.000 | Collisions: 0 | Waypoints: 1/31
2026-05-10 23:03:33,171 - carla_training - INFO - Step 20 | Speed: 0.0 km/h | Pos: (234.7, 195.3, 0.0) | Dist: 0.12m | Reward: 0.000 | Collisions: 0 | Waypoints: 1/31
2026-05-10 23:03:39,586 - carla_training - INFO - Step 30 | Speed: 0.0 km/h | Pos: (234.7, 195.3, 0.0) | Dist: 0.12m | Reward: 0.000 | Collisions: 0 | Waypoints: 1/31
2026-05-10 23:03:45,960 - carla_training - INFO - Step 40 | Speed: 0.0 km/h | Pos: (234.7, 195.3, 0.0) | Dist: 0.12m | Reward: 0.000 | Collisions: 0 | Waypoints: 1/31
2026-05-10 23:03:52,211 - carla_training - INFO - Step 50 | Speed: 0.0 km/h | Pos: (234.7, 195.3, 0.0) | Dist: 0.12m | Reward: 0.000 | Collisions: 0 | Waypoints: 1/31
2026-05-10 23:03:56,341 - carla_training - INFO - Step 60 | Speed: 0.0 km/h | Pos: (234.7, 195.3, 0.0) | Dist: 0.12m | Reward: 0.001 | Collisions: 0 | Waypoints: 1/31
2026-05-10 23:04:01,669 - carla_training - INFO - Step 70 | Speed: 0.0 km/h | Pos: (234.6, 195.3, 0.0) | Dist: 0.11m | Reward: 0.000 | Collisions: 0 | Waypoints: 1/31
2026-05-10 23:04:06,149 - carla_training - INFO - Step 80 | Speed: 0.4 km/h | Pos: (234.6, 195.3, 0.0) | Dist: 0.11m | Reward: 0.011 | Collisions: 0 | Waypoints: 1/31
2026-05-10 23:04:11,264 - carla_training - INFO - Step 90 | Speed: 0.0 km/h | Pos: (234.5, 195.3, 0.0) | Dist: 0.11m | Reward: 0.000 | Collisions: 0 | Waypoints: 1/31
2026-05-10 23:04:16,704 - carla_training - INFO - Step 100 | Speed: 0.0 km/h | Pos: (234.5, 195.3, 0.0) | Dist: 0.11m | Reward: 0.000 | Collisions: 0 | Waypoints: 1/31
2026-05-10 23:04:22,147 - carla_training - INFO - Step 110 | Speed: 0.4 km/h | Pos: (234.5, 195.3, 0.0) | Dist: 0.11m | Reward: 0.018 | Collisions: 0 | Waypoints: 1/31
2026-05-10 23:04:27,568 - carla_training - INFO - Step 120 | Speed: 0.1 km/h | Pos: (234.5, 195.3, 0.0) | Dist: 0.11m | Reward: 0.008 | Collisions: 0 | Waypoints: 1/31
2026-05-10 23:04:32,978 - carla_training - INFO - Step 130 | Speed: 0.0 km/h | Pos: (234.5, 195.3, 0.0) | Dist: 0.11m | Reward: 0.000 | Collisions: 0 | Waypoints: 1/31
2026-05-10 23:04:38,416 - carla_training - INFO - Step 140 | Speed: 0.0 km/h | Pos: (234.5, 195.3, 0.0) | Dist: 0.11m | Reward: 0.000 | Collisions: 0 | Waypoints: 1/31
2026-05-10 23:04:43,857 - carla_training - INFO - Step 150 | Speed: 0.6 km/h | Pos: (234.4, 195.3, 0.0) | Dist: 0.11m | Reward: 0.038 | Collisions: 0 | Waypoints: 1/31
2026-05-10 23:04:49,282 - carla_training - INFO - Step 160 | Speed: 0.7 km/h | Pos: (234.4, 195.3, 0.0) | Dist: 0.11m | Reward: 0.035 | Collisions: 0 | Waypoints: 1/31
2026-05-10 23:04:54,733 - carla_training - INFO - Step 170 | Speed: 0.0 km/h | Pos: (234.4, 195.3, 0.0) | Dist: 0.11m | Reward: 0.000 | Collisions: 0 | Waypoints: 1/31
2026-05-10 23:05:00,205 - carla_training - INFO - Step 180 | Speed: 0.0 km/h | Pos: (234.4, 195.3, 0.0) | Dist: 0.11m | Reward: 0.000 | Collisions: 0 | Waypoints: 1/31
2026-05-10 23:05:05,656 - carla_training - INFO - Step 190 | Speed: 0.0 km/h | Pos: (234.3, 195.3, 0.0) | Dist: 0.11m | Reward: 0.000 | Collisions: 0 | Waypoints: 1/31
2026-05-10 23:05:11,131 - carla_training - INFO - Step 200 | Speed: 0.3 km/h | Pos: (234.3, 195.3, 0.0) | Dist: 0.11m | Reward: 0.021 | Collisions: 0 | Waypoints: 1/31
2026-05-10 23:05:16,547 - carla_training - INFO - Step 210 | Speed: 0.0 km/h | Pos: (234.3, 195.3, 0.0) | Dist: 0.11m | Reward: 0.000 | Collisions: 0 | Waypoints: 1/31
2026-05-10 23:05:21,952 - carla_training - INFO - Step 220 | Speed: 0.4 km/h | Pos: (234.3, 195.3, 0.0) | Dist: 0.11m | Reward: 0.023 | Collisions: 0 | Waypoints: 1/31
2026-05-10 23:05:27,349 - carla_training - INFO - Step 230 | Speed: 0.9 km/h | Pos: (234.2, 195.3, 0.0) | Dist: 0.11m | Reward: 0.017 | Collisions: 0 | Waypoints: 1/31
2026-05-10 23:05:32,615 - carla_training - INFO - Step 240 | Speed: 0.0 km/h | Pos: (234.1, 195.3, 0.0) | Dist: 0.11m | Reward: 0.000 | Collisions: 0 | Waypoints: 1/31
2026-05-10 23:05:37,809 - carla_training - INFO - Step 250 | Speed: 0.0 km/h | Pos: (234.1, 195.3, 0.0) | Dist: 0.11m | Reward: 0.000 | Collisions: 0 | Waypoints: 1/31
2026-05-10 23:05:43,215 - carla_training - INFO - Step 260 | Speed: 0.0 km/h | Pos: (234.1, 195.3, 0.0) | Dist: 0.12m | Reward: 0.000 | Collisions: 0 | Waypoints: 1/31
2026-05-10 23:05:48,656 - carla_training - INFO - Step 270 | Speed: 0.4 km/h | Pos: (234.0, 195.3, 0.0) | Dist: 0.13m | Reward: 0.002 | Collisions: 0 | Waypoints: 1/31
2026-05-10 23:05:53,976 - carla_training - INFO - Step 280 | Speed: 0.0 km/h | Pos: (234.0, 195.3, 0.0) | Dist: 0.13m | Reward: 0.000 | Collisions: 0 | Waypoints: 1/31
2026-05-10 23:05:59,176 - carla_training - INFO - Step 290 | Speed: 0.0 km/h | Pos: (234.0, 195.3, 0.0) | Dist: 0.13m | Reward: 0.000 | Collisions: 0 | Waypoints: 1/31
2026-05-10 23:06:04,367 - carla_training - INFO - Step 300 | Speed: 0.6 km/h | Pos: (234.0, 195.3, 0.0) | Dist: 0.13m | Reward: 0.030 | Collisions: 0 | Waypoints: 1/31
2026-05-10 23:06:09,613 - carla_training - INFO - Step 310 | Speed: 0.0 km/h | Pos: (234.0, 195.3, 0.0) | Dist: 0.13m | Reward: 0.000 | Collisions: 0 | Waypoints: 1/31
2026-05-10 23:06:15,022 - carla_training - INFO - Step 320 | Speed: 0.0 km/h | Pos: (233.9, 195.3, 0.0) | Dist: 0.13m | Reward: 0.000 | Collisions: 0 | Waypoints: 1/31
2026-05-10 23:06:20,433 - carla_training - INFO - Step 330 | Speed: 0.0 km/h | Pos: (233.9, 195.3, 0.0) | Dist: 0.13m | Reward: 0.000 | Collisions: 0 | Waypoints: 1/31
2026-05-10 23:06:25,800 - carla_training - INFO - Step 340 | Speed: 0.1 km/h | Pos: (233.9, 195.3, 0.0) | Dist: 0.14m | Reward: 0.008 | Collisions: 0 | Waypoints: 1/31
2026-05-10 23:06:31,043 - carla_training - INFO - Step 350 | Speed: 0.0 km/h | Pos: (233.8, 195.3, 0.0) | Dist: 0.13m | Reward: 0.000 | Collisions: 0 | Waypoints: 1/31
2026-05-10 23:06:36,387 - carla_training - INFO - Step 360 | Speed: 0.8 km/h | Pos: (233.8, 195.3, 0.0) | Dist: 0.14m | Reward: 0.030 | Collisions: 0 | Waypoints: 1/31
2026-05-10 23:06:41,798 - carla_training - INFO - Step 370 | Speed: 0.3 km/h | Pos: (233.8, 195.3, 0.0) | Dist: 0.14m | Reward: 0.018 | Collisions: 0 | Waypoints: 1/31
2026-05-10 23:06:47,298 - carla_training - INFO - Step 380 | Speed: 0.0 km/h | Pos: (233.8, 195.3, 0.0) | Dist: 0.14m | Reward: 0.000 | Collisions: 0 | Waypoints: 1/31
2026-05-10 23:06:52,802 - carla_training - INFO - Step 390 | Speed: 0.0 km/h | Pos: (233.8, 195.3, 0.0) | Dist: 0.13m | Reward: 0.000 | Collisions: 0 | Waypoints: 1/31
2026-05-10 23:06:58,245 - carla_training - INFO - Step 400 | Speed: 0.3 km/h | Pos: (233.8, 195.3, 0.0) | Dist: 0.13m | Reward: 0.000 | Collisions: 0 | Waypoints: 1/31
2026-05-10 23:07:03,711 - carla_training - INFO - Step 410 | Speed: 0.2 km/h | Pos: (233.8, 195.3, 0.0) | Dist: 0.13m | Reward: 0.010 | Collisions: 0 | Waypoints: 1/31
2026-05-10 23:07:09,218 - carla_training - INFO - Step 420 | Speed: 0.0 km/h | Pos: (233.8, 195.3, 0.0) | Dist: 0.13m | Reward: 0.000 | Collisions: 0 | Waypoints: 1/31
2026-05-10 23:07:14,787 - carla_training - INFO - Step 430 | Speed: 0.0 km/h | Pos: (233.8, 195.3, 0.0) | Dist: 0.13m | Reward: 0.000 | Collisions: 0 | Waypoints: 1/31
2026-05-10 23:07:20,283 - carla_training - INFO - Step 440 | Speed: 0.4 km/h | Pos: (233.8, 195.3, 0.0) | Dist: 0.13m | Reward: 0.023 | Collisions: 0 | Waypoints: 1/31
2026-05-10 23:07:25,685 - carla_training - INFO - Step 450 | Speed: 0.0 km/h | Pos: (233.7, 195.3, 0.0) | Dist: 0.14m | Reward: 0.000 | Collisions: 0 | Waypoints: 1/31
2026-05-10 23:07:31,148 - carla_training - INFO - Step 460 | Speed: 0.0 km/h | Pos: (233.7, 195.3, 0.0) | Dist: 0.14m | Reward: 0.000 | Collisions: 0 | Waypoints: 1/31
2026-05-10 23:07:36,619 - carla_training - INFO - Step 470 | Speed: 0.0 km/h | Pos: (233.7, 195.3, 0.0) | Dist: 0.14m | Reward: 0.000 | Collisions: 0 | Waypoints: 1/31
2026-05-10 23:07:42,058 - carla_training - INFO - Step 480 | Speed: 0.4 km/h | Pos: (233.7, 195.3, 0.0) | Dist: 0.14m | Reward: 0.013 | Collisions: 0 | Waypoints: 1/31
2026-05-10 23:07:47,495 - carla_training - INFO - Step 490 | Speed: 0.0 km/h | Pos: (233.7, 195.3, 0.0) | Dist: 0.14m | Reward: 0.000 | Collisions: 0 | Waypoints: 2/31
2026-05-10 23:07:52,951 - carla_training - INFO - Step 500 | Speed: 0.0 km/h | Pos: (233.7, 195.3, 0.0) | Dist: 0.14m | Reward: 0.000 | Collisions: 0 | Waypoints: 2/31
2026-05-10 23:07:58,421 - carla_training - INFO - Step 510 | Speed: 0.3 km/h | Pos: (233.7, 195.3, 0.0) | Dist: 0.14m | Reward: 0.014 | Collisions: 0 | Waypoints: 2/31
2026-05-10 23:08:03,898 - carla_training - INFO - 
============================================================
2026-05-10 23:08:03,898 - carla_training - INFO - Episode 11 Summary:
2026-05-10 23:08:03,899 - carla_training - INFO -   Termination Reason: REWARD_BASED (Unknown)
2026-05-10 23:08:03,899 - carla_training - INFO -   Total Reward: -5.62
2026-05-10 23:08:03,899 - carla_training - INFO -   Steps: 520
2026-05-10 23:08:03,899 - carla_training - INFO -   Duration: 284.16 seconds
2026-05-10 23:08:03,899 - carla_training - INFO -   Average Speed: 0.19 km/h
2026-05-10 23:08:03,899 - carla_training - INFO -   Max Speed: 2.74 km/h
2026-05-10 23:08:03,899 - carla_training - INFO -   Total Distance: 1.13 meters
2026-05-10 23:08:03,899 - carla_training - INFO -   Average Lane Deviation: 0.12 meters
2026-05-10 23:08:03,899 - carla_training - INFO -   Waypoints Reached: 2
2026-05-10 23:08:03,899 - carla_training - INFO - ============================================================

2026-05-10 23:08:03,952 - carla_training - INFO - 🚗 Vehicle spawned and stabilized!
2026-05-10 23:08:03,962 - carla_training - INFO - ✅ Generated 31 waypoints for navigation
2026-05-10 23:08:03,962 - carla_training - INFO -    Complexity: 0 junctions, 0 turns (0.0% turn rate)
2026-05-10 23:08:10,906 - carla_training - INFO - Step 10 | Speed: 0.0 km/h | Pos: (234.7, 195.3, 0.0) | Dist: 0.12m | Reward: 0.000 | Collisions: 0 | Waypoints: 1/31
2026-05-10 23:08:15,090 - carla_training - INFO - Step 20 | Speed: 0.0 km/h | Pos: (234.7, 195.3, 0.0) | Dist: 0.12m | Reward: 0.000 | Collisions: 0 | Waypoints: 1/31
2026-05-10 23:08:20,532 - carla_training - INFO - Step 30 | Speed: 0.0 km/h | Pos: (234.7, 195.3, 0.0) | Dist: 0.12m | Reward: 0.000 | Collisions: 0 | Waypoints: 1/31
2026-05-10 23:08:25,588 - carla_training - INFO - Step 40 | Speed: 7.2 km/h | Pos: (234.3, 195.3, 0.0) | Dist: 0.15m | Reward: 0.440 | Collisions: 0 | Waypoints: 1/31
2026-05-10 23:08:30,644 - carla_training - INFO - Step 50 | Speed: 7.2 km/h | Pos: (233.3, 195.2, 0.0) | Dist: 0.01m | Reward: 0.428 | Collisions: 0 | Waypoints: 2/31
2026-05-10 23:08:35,752 - carla_training - INFO - Step 60 | Speed: 0.0 km/h | Pos: (233.0, 195.2, 0.0) | Dist: 0.01m | Reward: 0.000 | Collisions: 0 | Waypoints: 2/31
2026-05-10 23:08:40,905 - carla_training - INFO - Step 70 | Speed: 0.0 km/h | Pos: (233.0, 195.2, 0.0) | Dist: 0.01m | Reward: 0.001 | Collisions: 0 | Waypoints: 2/31
2026-05-10 23:08:46,117 - carla_training - INFO - Step 80 | Speed: 0.6 km/h | Pos: (233.0, 195.2, 0.0) | Dist: 0.00m | Reward: 0.014 | Collisions: 0 | Waypoints: 2/31
2026-05-10 23:08:51,330 - carla_training - INFO - Step 90 | Speed: 0.0 km/h | Pos: (232.9, 195.2, 0.0) | Dist: 0.00m | Reward: 0.000 | Collisions: 0 | Waypoints: 2/31
2026-05-10 23:08:56,552 - carla_training - INFO - Step 100 | Speed: 0.6 km/h | Pos: (232.9, 195.2, 0.0) | Dist: 0.00m | Reward: 0.033 | Collisions: 0 | Waypoints: 2/31
2026-05-10 23:09:01,751 - carla_training - INFO - Step 110 | Speed: 0.0 km/h | Pos: (232.8, 195.1, 0.0) | Dist: 0.01m | Reward: 0.000 | Collisions: 0 | Waypoints: 2/31
2026-05-10 23:09:06,892 - carla_training - INFO - Step 120 | Speed: 1.6 km/h | Pos: (232.8, 195.1, 0.0) | Dist: 0.01m | Reward: 0.090 | Collisions: 0 | Waypoints: 2/31
2026-05-10 23:09:12,035 - carla_training - INFO - Step 130 | Speed: 0.0 km/h | Pos: (232.7, 195.1, 0.0) | Dist: 0.02m | Reward: 0.000 | Collisions: 0 | Waypoints: 2/31
2026-05-10 23:09:17,169 - carla_training - INFO - Step 140 | Speed: 0.0 km/h | Pos: (232.7, 195.1, 0.0) | Dist: 0.02m | Reward: 0.000 | Collisions: 0 | Waypoints: 2/31
2026-05-10 23:09:22,375 - carla_training - INFO - Step 150 | Speed: 0.3 km/h | Pos: (232.7, 195.1, 0.0) | Dist: 0.02m | Reward: 0.014 | Collisions: 0 | Waypoints: 2/31
2026-05-10 23:09:27,550 - carla_training - INFO - Step 160 | Speed: 0.0 km/h | Pos: (232.5, 195.1, 0.0) | Dist: 0.04m | Reward: 0.000 | Collisions: 0 | Waypoints: 2/31
2026-05-10 23:09:32,848 - carla_training - INFO - Step 170 | Speed: 0.0 km/h | Pos: (232.5, 195.1, 0.0) | Dist: 0.05m | Reward: 0.000 | Collisions: 0 | Waypoints: 2/31
2026-05-10 23:09:38,092 - carla_training - INFO - Step 180 | Speed: 0.4 km/h | Pos: (232.5, 195.1, 0.0) | Dist: 0.05m | Reward: 0.023 | Collisions: 0 | Waypoints: 2/31
2026-05-10 23:09:43,233 - carla_training - INFO - Step 190 | Speed: 0.0 km/h | Pos: (232.3, 195.1, 0.0) | Dist: 0.05m | Reward: 0.000 | Collisions: 0 | Waypoints: 2/31
2026-05-10 23:09:48,257 - carla_training - INFO - Step 200 | Speed: 0.2 km/h | Pos: (232.3, 195.1, 0.0) | Dist: 0.05m | Reward: 0.011 | Collisions: 0 | Waypoints: 2/31
2026-05-10 23:09:53,273 - carla_training - INFO - Step 210 | Speed: 0.0 km/h | Pos: (232.3, 195.1, 0.0) | Dist: 0.05m | Reward: 0.000 | Collisions: 0 | Waypoints: 2/31
2026-05-10 23:09:58,267 - carla_training - INFO - Step 220 | Speed: 0.0 km/h | Pos: (232.3, 195.1, 0.0) | Dist: 0.05m | Reward: 0.000 | Collisions: 0 | Waypoints: 2/31
2026-05-10 23:10:03,275 - carla_training - INFO - Step 230 | Speed: 0.0 km/h | Pos: (232.3, 195.1, 0.0) | Dist: 0.05m | Reward: 0.000 | Collisions: 0 | Waypoints: 2/31
2026-05-10 23:10:08,292 - carla_training - INFO - Step 240 | Speed: 0.0 km/h | Pos: (232.3, 195.1, 0.0) | Dist: 0.05m | Reward: 0.000 | Collisions: 0 | Waypoints: 2/31
2026-05-10 23:10:13,387 - carla_training - INFO - Step 250 | Speed: 0.0 km/h | Pos: (232.3, 195.1, 0.0) | Dist: 0.05m | Reward: 0.000 | Collisions: 0 | Waypoints: 2/31
2026-05-10 23:10:18,483 - carla_training - INFO - Step 260 | Speed: 0.0 km/h | Pos: (232.3, 195.1, 0.0) | Dist: 0.06m | Reward: 0.000 | Collisions: 0 | Waypoints: 2/31
2026-05-10 23:10:23,601 - carla_training - INFO - Step 270 | Speed: 0.0 km/h | Pos: (232.3, 195.1, 0.0) | Dist: 0.06m | Reward: 0.000 | Collisions: 0 | Waypoints: 2/31
2026-05-10 23:10:28,744 - carla_training - INFO - Step 280 | Speed: 0.0 km/h | Pos: (232.3, 195.1, 0.0) | Dist: 0.06m | Reward: 0.000 | Collisions: 0 | Waypoints: 2/31
2026-05-10 23:10:33,972 - carla_training - INFO - Step 290 | Speed: 0.0 km/h | Pos: (232.3, 195.1, 0.0) | Dist: 0.06m | Reward: 0.000 | Collisions: 0 | Waypoints: 2/31
2026-05-10 23:10:39,221 - carla_training - INFO - Step 300 | Speed: 0.0 km/h | Pos: (232.3, 195.1, 0.0) | Dist: 0.06m | Reward: 0.000 | Collisions: 0 | Waypoints: 2/31
2026-05-10 23:10:44,444 - carla_training - INFO - Step 310 | Speed: 0.0 km/h | Pos: (232.3, 195.1, 0.0) | Dist: 0.06m | Reward: 0.000 | Collisions: 0 | Waypoints: 2/31
2026-05-10 23:10:49,472 - carla_training - INFO - Step 320 | Speed: 0.3 km/h | Pos: (232.2, 195.1, 0.0) | Dist: 0.07m | Reward: 0.014 | Collisions: 0 | Waypoints: 2/31
2026-05-10 23:10:50,988 - carla_training - INFO - 
Training speed: 1 fps | Total steps: 3000
2026-05-10 23:10:54,555 - carla_training - INFO - Step 330 | Speed: 0.2 km/h | Pos: (232.2, 195.1, 0.0) | Dist: 0.07m | Reward: 0.010 | Collisions: 0 | Waypoints: 2/31
2026-05-10 23:10:59,972 - carla_training - INFO - Step 340 | Speed: 0.0 km/h | Pos: (232.2, 195.1, 0.0) | Dist: 0.07m | Reward: 0.000 | Collisions: 0 | Waypoints: 2/31
2026-05-10 23:11:05,371 - carla_training - INFO - Step 350 | Speed: 0.0 km/h | Pos: (232.2, 195.1, 0.0) | Dist: 0.07m | Reward: 0.000 | Collisions: 0 | Waypoints: 2/31
2026-05-10 23:11:10,770 - carla_training - INFO - Step 360 | Speed: 0.1 km/h | Pos: (232.2, 195.1, 0.0) | Dist: 0.07m | Reward: 0.003 | Collisions: 0 | Waypoints: 2/31
2026-05-10 23:11:15,984 - carla_training - INFO - Step 370 | Speed: 0.3 km/h | Pos: (232.2, 195.1, 0.0) | Dist: 0.07m | Reward: 0.008 | Collisions: 0 | Waypoints: 2/31
2026-05-10 23:11:21,141 - carla_training - INFO - Step 380 | Speed: 1.1 km/h | Pos: (232.1, 195.1, 0.0) | Dist: 0.08m | Reward: 0.027 | Collisions: 0 | Waypoints: 2/31
2026-05-10 23:11:26,333 - carla_training - INFO - Step 390 | Speed: 0.0 km/h | Pos: (232.1, 195.1, 0.0) | Dist: 0.08m | Reward: 0.000 | Collisions: 0 | Waypoints: 2/31
2026-05-10 23:11:31,654 - carla_training - INFO - Step 400 | Speed: 0.0 km/h | Pos: (232.1, 195.1, 0.0) | Dist: 0.08m | Reward: 0.000 | Collisions: 0 | Waypoints: 2/31
2026-05-10 23:11:36,991 - carla_training - INFO - Step 410 | Speed: 0.0 km/h | Pos: (232.1, 195.1, 0.0) | Dist: 0.08m | Reward: 0.000 | Collisions: 0 | Waypoints: 2/31
2026-05-10 23:11:42,384 - carla_training - INFO - Step 420 | Speed: 0.0 km/h | Pos: (232.1, 195.1, 0.0) | Dist: 0.08m | Reward: 0.000 | Collisions: 0 | Waypoints: 2/31
2026-05-10 23:11:47,627 - carla_training - INFO - Step 430 | Speed: 0.0 km/h | Pos: (232.1, 195.1, 0.0) | Dist: 0.08m | Reward: 0.000 | Collisions: 0 | Waypoints: 2/31
2026-05-10 23:11:52,841 - carla_training - INFO - Step 440 | Speed: 0.0 km/h | Pos: (232.1, 195.1, 0.0) | Dist: 0.08m | Reward: 0.000 | Collisions: 0 | Waypoints: 2/31
2026-05-10 23:11:58,168 - carla_training - INFO - Step 450 | Speed: 0.0 km/h | Pos: (232.1, 195.1, 0.0) | Dist: 0.08m | Reward: 0.000 | Collisions: 0 | Waypoints: 2/31
2026-05-10 23:12:03,518 - carla_training - INFO - Step 460 | Speed: 0.0 km/h | Pos: (232.1, 195.1, 0.0) | Dist: 0.08m | Reward: 0.000 | Collisions: 0 | Waypoints: 2/31
2026-05-10 23:12:08,911 - carla_training - INFO - Step 470 | Speed: 0.0 km/h | Pos: (232.1, 195.1, 0.0) | Dist: 0.08m | Reward: 0.000 | Collisions: 0 | Waypoints: 2/31
2026-05-10 23:12:14,195 - carla_training - INFO - Step 480 | Speed: 0.0 km/h | Pos: (232.0, 195.1, 0.0) | Dist: 0.09m | Reward: 0.000 | Collisions: 0 | Waypoints: 2/31
2026-05-10 23:12:19,503 - carla_training - INFO - Step 490 | Speed: 0.0 km/h | Pos: (232.0, 195.1, 0.0) | Dist: 0.09m | Reward: 0.000 | Collisions: 0 | Waypoints: 2/31
2026-05-10 23:12:24,859 - carla_training - INFO - Step 500 | Speed: 0.0 km/h | Pos: (232.0, 195.1, 0.0) | Dist: 0.09m | Reward: 0.000 | Collisions: 0 | Waypoints: 2/31
2026-05-10 23:12:30,154 - carla_training - INFO - Step 510 | Speed: 0.0 km/h | Pos: (232.0, 195.1, 0.0) | Dist: 0.09m | Reward: 0.000 | Collisions: 0 | Waypoints: 2/31
2026-05-10 23:12:35,421 - carla_training - INFO - Step 520 | Speed: 0.0 km/h | Pos: (232.0, 195.1, 0.0) | Dist: 0.09m | Reward: 0.001 | Collisions: 0 | Waypoints: 2/31
2026-05-10 23:12:40,740 - carla_training - INFO - Step 530 | Speed: 0.1 km/h | Pos: (232.0, 195.1, 0.0) | Dist: 0.09m | Reward: 0.008 | Collisions: 0 | Waypoints: 2/31
2026-05-10 23:12:47,274 - carla_training - INFO - Step 540 | Speed: 0.3 km/h | Pos: (232.0, 195.1, 0.0) | Dist: 0.09m | Reward: 0.002 | Collisions: 0 | Waypoints: 2/31
2026-05-10 23:12:54,889 - carla_training - INFO - Step 550 | Speed: 1.8 km/h | Pos: (231.9, 195.1, 0.0) | Dist: 0.09m | Reward: 0.089 | Collisions: 0 | Waypoints: 2/31
2026-05-10 23:13:02,427 - carla_training - INFO - Step 560 | Speed: 0.0 km/h | Pos: (231.8, 195.1, 0.0) | Dist: 0.09m | Reward: 0.000 | Collisions: 0 | Waypoints: 2/31
2026-05-10 23:13:10,001 - carla_training - INFO - Step 570 | Speed: 0.3 km/h | Pos: (231.8, 195.1, 0.0) | Dist: 0.09m | Reward: 0.013 | Collisions: 0 | Waypoints: 2/31
2026-05-10 23:13:15,002 - carla_training - INFO - Step 580 | Speed: 0.6 km/h | Pos: (231.8, 195.1, 0.0) | Dist: 0.10m | Reward: 0.032 | Collisions: 0 | Waypoints: 2/31
2026-05-10 23:13:20,523 - carla_training - INFO - Step 590 | Speed: 0.3 km/h | Pos: (231.7, 195.1, 0.0) | Dist: 0.10m | Reward: 0.014 | Collisions: 0 | Waypoints: 2/31
2026-05-10 23:13:26,962 - carla_training - INFO - Step 600 | Speed: 0.1 km/h | Pos: (231.7, 195.1, 0.0) | Dist: 0.10m | Reward: 0.001 | Collisions: 0 | Waypoints: 2/31
2026-05-10 23:13:31,541 - carla_training - INFO - Step 610 | Speed: 0.3 km/h | Pos: (231.7, 195.1, 0.0) | Dist: 0.10m | Reward: 0.013 | Collisions: 0 | Waypoints: 2/31
2026-05-13 22:42:42,728 - carla_training - INFO - Using device: cuda
2026-05-13 22:42:44,087 - carla_training - INFO - Creating new log directory: ./tensorboard_logs/trained_ssl_rl\carla_ppo_20260513_224244
2026-05-13 22:42:44,091 - carla_training - INFO - ✅ TensorBoard writer initialized successfully
2026-05-13 22:42:44,091 - carla_training - INFO - 
==================================================
2026-05-13 22:42:44,091 - carla_training - INFO - CARLA RL Training Configuration:
2026-05-13 22:42:44,091 - carla_training - INFO - - Total Episodes Target: 10000
2026-05-13 22:42:44,091 - carla_training - INFO - - Current Episode: 0
2026-05-13 22:42:44,091 - carla_training - INFO - - Remaining Episodes: 10000
2026-05-13 22:42:44,091 - carla_training - INFO - - Town: Town01
2026-05-13 22:42:44,091 - carla_training - INFO - - Device: cuda
2026-05-13 22:42:44,091 - carla_training - INFO - - Learning Rate: 0.0003
2026-05-13 22:42:44,093 - carla_training - INFO - - Batch Size: 128
2026-05-13 22:42:44,093 - carla_training - INFO - - Debug Route: False
2026-05-13 22:42:44,093 - carla_training - INFO - - Log Directory: ./tensorboard_logs/trained_ssl_rl\carla_ppo_20260513_224244
2026-05-13 22:42:44,093 - carla_training - INFO - ==================================================

2026-05-13 22:42:44,093 - carla_training - INFO - Creating environment...
2026-05-13 22:42:44,932 - timm.models.helpers - INFO - Loading pretrained weights from url (https://dl.fbaipublicfiles.com/convnext/convnext_tiny_1k_224_ema.pth)
2026-05-13 22:42:45,118 - timm.models.helpers - INFO - Converted input conv stem.0 pretrained weights from 3 to 1 channel(s)
2026-05-13 22:42:46,089 - carla_training - WARNING - SSL checkpoint not found at checkpoints/ssl/pretrained_perception.pth
2026-05-13 22:42:46,089 - carla_training - INFO - ⚠️ Using default initialization for perception system
2026-05-13 22:43:10,581 - carla_training - ERROR - ⚠️ CARLA connection attempt 1 failed: time-out of 20000ms while waiting for the simulator, make sure the simulator is ready and connected to localhost:2000
2026-05-13 22:43:35,590 - carla_training - ERROR - ⚠️ CARLA connection attempt 2 failed: time-out of 20000ms while waiting for the simulator, make sure the simulator is ready and connected to localhost:2000
2026-05-13 22:44:00,599 - carla_training - ERROR - ⚠️ CARLA connection attempt 3 failed: time-out of 20000ms while waiting for the simulator, make sure the simulator is ready and connected to localhost:2000
2026-05-13 22:44:33,409 - carla_training - INFO - Using device: cuda
2026-05-13 22:44:34,332 - carla_training - INFO - Creating new log directory: ./tensorboard_logs/trained_ssl_rl\carla_ppo_20260513_224434
2026-05-13 22:44:34,336 - carla_training - INFO - ✅ TensorBoard writer initialized successfully
2026-05-13 22:44:34,336 - carla_training - INFO - 
==================================================
2026-05-13 22:44:34,337 - carla_training - INFO - CARLA RL Training Configuration:
2026-05-13 22:44:34,337 - carla_training - INFO - - Total Episodes Target: 10000
2026-05-13 22:44:34,337 - carla_training - INFO - - Current Episode: 0
2026-05-13 22:44:34,337 - carla_training - INFO - - Remaining Episodes: 10000
2026-05-13 22:44:34,337 - carla_training - INFO - - Town: Town01
2026-05-13 22:44:34,337 - carla_training - INFO - - Device: cuda
2026-05-13 22:44:34,337 - carla_training - INFO - - Learning Rate: 0.0003
2026-05-13 22:44:34,337 - carla_training - INFO - - Batch Size: 128
2026-05-13 22:44:34,337 - carla_training - INFO - - Debug Route: False
2026-05-13 22:44:34,337 - carla_training - INFO - - Log Directory: ./tensorboard_logs/trained_ssl_rl\carla_ppo_20260513_224434
2026-05-13 22:44:34,337 - carla_training - INFO - ==================================================

2026-05-13 22:44:34,337 - carla_training - INFO - Creating environment...
2026-05-13 22:44:35,370 - timm.models.helpers - INFO - Loading pretrained weights from url (https://dl.fbaipublicfiles.com/convnext/convnext_tiny_1k_224_ema.pth)
2026-05-13 22:44:35,648 - timm.models.helpers - INFO - Converted input conv stem.0 pretrained weights from 3 to 1 channel(s)
2026-05-13 22:44:36,922 - carla_training - WARNING - SSL checkpoint not found at checkpoints/ssl/pretrained_perception.pth
2026-05-13 22:44:36,922 - carla_training - INFO - ⚠️ Using default initialization for perception system
2026-05-13 22:44:49,856 - carla_training - INFO - 🚗 Vehicle spawned and stabilized!
2026-05-13 22:44:49,921 - carla_training - INFO - ✅ Generated 30 waypoints for navigation
2026-05-13 22:44:49,922 - carla_training - INFO -    Complexity: 0 junctions, 0 turns (0.0% turn rate)
2026-05-13 22:44:49,922 - carla_training - INFO - ✅ Connected to CARLA and loaded Town01
2026-05-13 22:44:49,935 - carla_training - INFO - Creating new PPO model...
2026-05-13 22:44:50,007 - carla_training - INFO - 
Continuing training for 10000 more episodes...
2026-05-13 22:44:50,067 - carla_training - INFO - 🚗 Vehicle spawned and stabilized!
2026-05-13 22:44:50,079 - carla_training - INFO - ✅ Generated 30 waypoints for navigation
2026-05-13 22:44:50,079 - carla_training - INFO -    Complexity: 0 junctions, 0 turns (0.0% turn rate)
2026-05-13 22:44:56,924 - carla_training - INFO - Step 10 | Speed: 0.0 km/h | Pos: (234.7, 195.3, 0.0) | Dist: 0.12m | Reward: 0.000 | Collisions: 0 | Waypoints: 1/30
2026-05-13 22:45:00,704 - carla_training - INFO - Step 20 | Speed: 10.8 km/h | Pos: (233.9, 195.1, 0.0) | Dist: 0.03m | Reward: 0.334 | Collisions: 0 | Waypoints: 1/30
2026-05-13 22:45:04,515 - carla_training - INFO - Step 30 | Speed: 15.4 km/h | Pos: (232.1, 195.1, 0.0) | Dist: 0.02m | Reward: 0.276 | Collisions: 0 | Waypoints: 2/30
2026-05-13 22:45:08,328 - carla_training - INFO - Step 40 | Speed: 18.7 km/h | Pos: (229.7, 195.7, 0.0) | Dist: 0.58m | Reward: 0.115 | Collisions: 0 | Waypoints: 3/30
2026-05-13 22:45:12,158 - carla_training - INFO - Step 50 | Speed: 21.1 km/h | Pos: (227.1, 196.3, 0.0) | Dist: 1.17m | Reward: 0.000 | Collisions: 0 | Waypoints: 5/30
2026-05-13 22:45:15,937 - carla_training - INFO - Step 60 | Speed: 24.5 km/h | Pos: (224.0, 197.4, 0.0) | Dist: 1.79m | Reward: 0.000 | Collisions: 0 | Waypoints: 6/30
2026-05-13 22:45:19,670 - carla_training - INFO - Step 70 | Speed: 27.5 km/h | Pos: (221.1, 199.4, 0.0) | Dist: 0.25m | Reward: 0.000 | Collisions: 0 | Waypoints: 6/30
2026-05-13 22:45:22,289 - carla_training - INFO - ⚠️ Collision #1 detected with static.prop.mesh!
2026-05-13 22:45:22,290 - carla_training - INFO - ⚠️ Collision #2 detected with static.prop.mesh!
2026-05-13 22:45:22,290 - carla_training - INFO - ⚠️ Collision #3 detected with static.prop.mesh!
2026-05-13 22:45:22,290 - carla_training - INFO - ⚠️ Collision #4 detected with static.prop.mesh!
2026-05-13 22:45:22,290 - carla_training - INFO - ⚠️ Collision #5 detected with static.prop.mesh!
2026-05-13 22:45:23,414 - carla_training - INFO - Step 80 | Speed: 31.7 km/h | Pos: (217.6, 201.6, 0.1) | Dist: 2.44m | Reward: -0.333 | Collisions: 10 | Waypoints: 6/30
2026-05-13 22:45:27,261 - carla_training - INFO - Step 90 | Speed: 3.8 km/h | Pos: (216.2, 202.3, 0.1) | Dist: 3.19m | Reward: -0.600 | Collisions: 18 | Waypoints: 6/30
2026-05-13 22:45:27,660 - carla_training - INFO - ⚠️ Collision #20 detected (continuing episode)
2026-05-13 22:45:28,812 - carla_training - INFO - 
============================================================
2026-05-13 22:45:28,812 - carla_training - INFO - Episode 1 Summary:
2026-05-13 22:45:28,813 - carla_training - INFO -   Termination Reason: REWARD_BASED (Unknown)
2026-05-13 22:45:28,813 - carla_training - INFO -   Total Reward: -6.90
2026-05-13 22:45:28,813 - carla_training - INFO -   Steps: 94
2026-05-13 22:45:28,813 - carla_training - INFO -   Duration: 38.80 seconds
2026-05-13 22:45:28,813 - carla_training - INFO -   Average Speed: 15.86 km/h
2026-05-13 22:45:28,813 - carla_training - INFO -   Max Speed: 32.63 km/h
2026-05-13 22:45:28,813 - carla_training - INFO -   Total Distance: 20.78 meters
2026-05-13 22:45:28,813 - carla_training - INFO -   Average Lane Deviation: 1.03 meters
2026-05-13 22:45:28,813 - carla_training - INFO -   Waypoints Reached: 6
2026-05-13 22:45:28,813 - carla_training - INFO - ============================================================

2026-05-13 22:45:28,871 - carla_training - INFO - 🚗 Vehicle spawned and stabilized!
2026-05-13 22:45:28,884 - carla_training - INFO - ✅ Generated 30 waypoints for navigation
2026-05-13 22:45:28,884 - carla_training - INFO -    Complexity: 0 junctions, 0 turns (0.0% turn rate)
2026-05-13 22:45:34,104 - carla_training - INFO - Step 10 | Speed: 0.0 km/h | Pos: (234.7, 195.3, 0.0) | Dist: 0.12m | Reward: 0.000 | Collisions: 0 | Waypoints: 1/30
2026-05-13 22:45:38,139 - carla_training - INFO - Step 20 | Speed: 9.3 km/h | Pos: (234.1, 195.2, 0.0) | Dist: 0.02m | Reward: 0.000 | Collisions: 0 | Waypoints: 1/30
2026-05-13 22:45:42,148 - carla_training - INFO - Step 30 | Speed: 14.8 km/h | Pos: (232.6, 194.5, 0.0) | Dist: 0.61m | Reward: 0.000 | Collisions: 0 | Waypoints: 2/30
2026-05-13 22:45:46,157 - carla_training - INFO - Step 40 | Speed: 18.4 km/h | Pos: (230.5, 193.4, 0.0) | Dist: 1.75m | Reward: 0.000 | Collisions: 0 | Waypoints: 3/30
2026-05-13 22:45:46,567 - carla_training - INFO - ⚠️ Collision #1 detected with static.pole!
2026-05-13 22:45:48,555 - carla_training - INFO - ⚠️ Collision #2 detected with static.pole!
2026-05-13 22:45:48,556 - carla_training - INFO - ⚠️ Collision #3 detected with static.pole!
2026-05-13 22:45:48,556 - carla_training - INFO - ⚠️ Collision #4 detected with static.pole!
2026-05-13 22:45:48,954 - carla_training - INFO - ⚠️ Collision #5 detected with static.pole!
2026-05-13 22:45:50,139 - carla_training - INFO - Step 50 | Speed: 0.1 km/h | Pos: (230.3, 193.2, 0.1) | Dist: 1.98m | Reward: -0.633 | Collisions: 19 | Waypoints: 3/30
2026-05-13 22:45:50,147 - carla_training - INFO - ⚠️ Collision #20 detected (continuing episode)
2026-05-13 22:45:51,324 - carla_training - INFO - 
============================================================
2026-05-13 22:45:51,324 - carla_training - INFO - Episode 2 Summary:
2026-05-13 22:45:51,324 - carla_training - INFO -   Termination Reason: REWARD_BASED (Unknown)
2026-05-13 22:45:51,324 - carla_training - INFO -   Total Reward: -13.40
2026-05-13 22:45:51,325 - carla_training - INFO -   Steps: 53
2026-05-13 22:45:51,325 - carla_training - INFO -   Duration: 22.51 seconds
2026-05-13 22:45:51,325 - carla_training - INFO -   Average Speed: 7.13 km/h
2026-05-13 22:45:51,325 - carla_training - INFO -   Max Speed: 18.63 km/h
2026-05-13 22:45:51,325 - carla_training - INFO -   Total Distance: 5.18 meters
2026-05-13 22:45:51,325 - carla_training - INFO -   Average Lane Deviation: 0.81 meters
2026-05-13 22:45:51,325 - carla_training - INFO -   Waypoints Reached: 3
2026-05-13 22:45:51,325 - carla_training - INFO - ============================================================

2026-05-13 22:45:51,372 - carla_training - INFO - 🚗 Vehicle spawned and stabilized!
2026-05-13 22:45:51,382 - carla_training - INFO - ✅ Generated 30 waypoints for navigation
2026-05-13 22:45:51,382 - carla_training - INFO -    Complexity: 0 junctions, 0 turns (0.0% turn rate)
2026-05-13 22:45:56,626 - carla_training - INFO - Step 10 | Speed: 0.0 km/h | Pos: (234.7, 195.3, 0.0) | Dist: 0.12m | Reward: 0.000 | Collisions: 0 | Waypoints: 1/30
2026-05-13 22:46:00,573 - carla_training - INFO - Step 20 | Speed: 9.4 km/h | Pos: (234.2, 195.2, 0.0) | Dist: 0.08m | Reward: 0.512 | Collisions: 0 | Waypoints: 1/30
2026-05-13 22:46:04,513 - carla_training - INFO - Step 30 | Speed: 15.5 km/h | Pos: (232.5, 195.4, 0.0) | Dist: 0.21m | Reward: 0.848 | Collisions: 0 | Waypoints: 2/30
2026-05-13 22:46:08,418 - carla_training - INFO - Step 40 | Speed: 18.2 km/h | Pos: (230.1, 195.5, 0.0) | Dist: 0.40m | Reward: 0.765 | Collisions: 0 | Waypoints: 3/30
2026-05-13 22:46:12,290 - carla_training - INFO - Step 50 | Speed: 22.2 km/h | Pos: (227.3, 195.6, 0.0) | Dist: 0.45m | Reward: 0.456 | Collisions: 0 | Waypoints: 5/30
2026-05-13 22:46:16,167 - carla_training - INFO - Step 60 | Speed: 25.1 km/h | Pos: (224.1, 196.2, 0.0) | Dist: 1.08m | Reward: 0.000 | Collisions: 0 | Waypoints: 6/30
2026-05-13 22:46:20,084 - carla_training - INFO - Step 70 | Speed: 26.9 km/h | Pos: (221.1, 198.3, 0.0) | Dist: 0.90m | Reward: 0.000 | Collisions: 0 | Waypoints: 7/30
2026-05-13 22:46:23,900 - carla_training - INFO - Step 80 | Speed: 31.5 km/h | Pos: (218.8, 201.5, 0.1) | Dist: 2.37m | Reward: 0.000 | Collisions: 0 | Waypoints: 7/30
2026-05-13 22:46:24,671 - carla_training - INFO - ⚠️ Collision #1 detected with static.prop.mesh!
2026-05-13 22:46:25,803 - carla_training - INFO - ⚠️ Collision #2 detected with static.prop.mesh!
2026-05-13 22:46:26,560 - carla_training - INFO - ⚠️ Collision #3 detected with static.prop.mesh!
2026-05-13 22:46:26,560 - carla_training - INFO - ⚠️ Collision #4 detected with static.prop.mesh!
2026-05-13 22:46:26,561 - carla_training - INFO - ⚠️ Collision #5 detected with static.prop.mesh!
2026-05-13 22:46:27,684 - carla_training - INFO - Step 90 | Speed: 34.2 km/h | Pos: (216.6, 205.5, 0.1) | Dist: 6.38m | Reward: -2.000 | Collisions: 15 | Waypoints: 7/30
2026-05-13 22:46:28,072 - carla_training - INFO - ⚠️ Collision #20 detected (continuing episode)
2026-05-13 22:46:29,582 - carla_training - INFO - 
============================================================
2026-05-13 22:46:29,582 - carla_training - INFO - Episode 3 Summary:
2026-05-13 22:46:29,582 - carla_training - INFO -   Termination Reason: REWARD_BASED (Unknown)
2026-05-13 22:46:29,582 - carla_training - INFO -   Total Reward: -4.66
2026-05-13 22:46:29,583 - carla_training - INFO -   Steps: 95
2026-05-13 22:46:29,583 - carla_training - INFO -   Duration: 38.26 seconds
2026-05-13 22:46:29,583 - carla_training - INFO -   Average Speed: 19.38 km/h
2026-05-13 22:46:29,583 - carla_training - INFO -   Max Speed: 34.60 km/h
2026-05-13 22:46:29,583 - carla_training - INFO -   Total Distance: 25.35 meters
2026-05-13 22:46:29,583 - carla_training - INFO -   Average Lane Deviation: 1.34 meters
2026-05-13 22:46:29,583 - carla_training - INFO -   Waypoints Reached: 7
2026-05-13 22:46:29,583 - carla_training - INFO - ============================================================

2026-05-13 22:46:29,634 - carla_training - INFO - 🚗 Vehicle spawned and stabilized!
2026-05-13 22:46:29,643 - carla_training - INFO - ✅ Generated 30 waypoints for navigation
2026-05-13 22:46:29,644 - carla_training - INFO -    Complexity: 0 junctions, 0 turns (0.0% turn rate)
2026-05-13 22:46:34,836 - carla_training - INFO - Step 10 | Speed: 0.0 km/h | Pos: (234.7, 195.3, 0.0) | Dist: 0.12m | Reward: 0.000 | Collisions: 0 | Waypoints: 1/30
2026-05-13 22:46:38,803 - carla_training - INFO - Step 20 | Speed: 9.7 km/h | Pos: (234.1, 195.3, 0.0) | Dist: 0.13m | Reward: 0.560 | Collisions: 0 | Waypoints: 1/30
2026-05-13 22:46:42,801 - carla_training - INFO - Step 30 | Speed: 16.2 km/h | Pos: (232.3, 195.4, 0.0) | Dist: 0.26m | Reward: 0.749 | Collisions: 0 | Waypoints: 2/30
2026-05-13 22:46:46,797 - carla_training - INFO - Step 40 | Speed: 19.0 km/h | Pos: (229.8, 195.6, 0.0) | Dist: 0.44m | Reward: 0.657 | Collisions: 0 | Waypoints: 3/30
2026-05-13 22:46:50,799 - carla_training - INFO - Step 50 | Speed: 22.4 km/h | Pos: (227.0, 195.9, 0.0) | Dist: 0.75m | Reward: 0.045 | Collisions: 0 | Waypoints: 5/30
2026-05-13 22:46:54,769 - carla_training - INFO - Step 60 | Speed: 26.9 km/h | Pos: (223.7, 196.7, 0.0) | Dist: 1.57m | Reward: -0.080 | Collisions: 0 | Waypoints: 6/30
2026-05-13 22:46:58,772 - carla_training - INFO - Step 70 | Speed: 32.5 km/h | Pos: (219.6, 197.7, 0.0) | Dist: 1.46m | Reward: 0.000 | Collisions: 0 | Waypoints: 8/30
2026-05-13 22:47:02,936 - carla_training - INFO - Step 80 | Speed: 32.2 km/h | Pos: (215.2, 197.1, 0.0) | Dist: 1.99m | Reward: 0.000 | Collisions: 0 | Waypoints: 10/30
2026-05-13 22:47:07,030 - carla_training - INFO - Step 90 | Speed: 34.7 km/h | Pos: (211.3, 194.8, 0.0) | Dist: 0.39m | Reward: 0.000 | Collisions: 0 | Waypoints: 13/30
2026-05-13 22:47:10,608 - carla_training - INFO - ⚠️ Collision #1 detected with static.static!
2026-05-13 22:47:10,609 - carla_training - INFO - ⚠️ Collision #2 detected with static.static!
2026-05-13 22:47:10,959 - carla_training - INFO - Step 100 | Speed: 29.4 km/h | Pos: (207.9, 191.2, 0.1) | Dist: 3.93m | Reward: -0.067 | Collisions: 2 | Waypoints: 13/30
2026-05-13 22:47:13,379 - carla_training - INFO - ⚠️ Collision #3 detected with static.fence!
2026-05-13 22:47:13,379 - carla_training - INFO - ⚠️ Collision #4 detected with static.fence!
2026-05-13 22:47:14,379 - carla_training - INFO - Step 110 | Speed: 0.2 km/h | Pos: (206.5, 188.6, 0.1) | Dist: 6.59m | Reward: -1.633 | Collisions: 4 | Waypoints: 13/30
2026-05-13 22:47:15,487 - carla_training - INFO - ⚠️ Collision #5 detected with static.fence!
2026-05-13 22:47:16,519 - carla_training - INFO - ⚠️ Collision #20 detected (continuing episode)
2026-05-13 22:47:17,532 - carla_training - INFO - 
============================================================
2026-05-13 22:47:17,533 - carla_training - INFO - Episode 4 Summary:
2026-05-13 22:47:17,533 - carla_training - INFO -   Termination Reason: REWARD_BASED (Unknown)
2026-05-13 22:47:17,533 - carla_training - INFO -   Total Reward: -18.77
2026-05-13 22:47:17,533 - carla_training - INFO -   Steps: 119
2026-05-13 22:47:17,533 - carla_training - INFO -   Duration: 47.95 seconds
2026-05-13 22:47:17,533 - carla_training - INFO -   Average Speed: 19.90 km/h
2026-05-13 22:47:17,533 - carla_training - INFO -   Max Speed: 36.07 km/h
2026-05-13 22:47:17,533 - carla_training - INFO -   Total Distance: 32.75 meters
2026-05-13 22:47:17,533 - carla_training - INFO -   Average Lane Deviation: 1.74 meters
2026-05-13 22:47:17,533 - carla_training - INFO -   Waypoints Reached: 13
2026-05-13 22:47:17,533 - carla_training - INFO - ============================================================

2026-05-13 22:47:17,579 - carla_training - INFO - 🚗 Vehicle spawned and stabilized!
2026-05-13 22:47:17,590 - carla_training - INFO - ✅ Generated 30 waypoints for navigation
2026-05-13 22:47:17,590 - carla_training - INFO -    Complexity: 0 junctions, 0 turns (0.0% turn rate)
2026-05-13 22:47:22,178 - carla_training - INFO - Step 10 | Speed: 0.0 km/h | Pos: (234.7, 195.3, 0.0) | Dist: 0.12m | Reward: 0.000 | Collisions: 0 | Waypoints: 1/30
2026-05-13 22:47:25,612 - carla_training - INFO - Step 20 | Speed: 9.0 km/h | Pos: (234.2, 195.3, 0.0) | Dist: 0.13m | Reward: 0.567 | Collisions: 0 | Waypoints: 1/30
2026-05-13 22:47:29,057 - carla_training - INFO - Step 30 | Speed: 15.2 km/h | Pos: (232.5, 195.3, 0.0) | Dist: 0.12m | Reward: 0.788 | Collisions: 0 | Waypoints: 2/30
2026-05-13 22:47:32,487 - carla_training - INFO - Step 40 | Speed: 19.0 km/h | Pos: (230.1, 195.4, 0.0) | Dist: 0.30m | Reward: 0.158 | Collisions: 0 | Waypoints: 3/30
2026-05-13 22:47:36,349 - carla_training - INFO - Step 50 | Speed: 21.3 km/h | Pos: (227.5, 196.4, 0.0) | Dist: 1.26m | Reward: 0.000 | Collisions: 0 | Waypoints: 4/30
2026-05-13 22:47:41,176 - carla_training - INFO - Step 60 | Speed: 24.9 km/h | Pos: (224.4, 197.2, 0.0) | Dist: 1.93m | Reward: 0.000 | Collisions: 0 | Waypoints: 6/30
2026-05-13 22:47:44,728 - carla_training - INFO - Step 70 | Speed: 28.6 km/h | Pos: (220.8, 197.8, 0.0) | Dist: 1.32m | Reward: 0.000 | Collisions: 0 | Waypoints: 7/30
2026-05-13 22:47:48,464 - carla_training - INFO - Step 80 | Speed: 31.2 km/h | Pos: (216.7, 198.5, 0.0) | Dist: 0.61m | Reward: 0.000 | Collisions: 0 | Waypoints: 8/30
2026-05-13 22:47:52,081 - carla_training - INFO - Step 90 | Speed: 37.9 km/h | Pos: (212.0, 199.3, 0.0) | Dist: 0.16m | Reward: 0.000 | Collisions: 0 | Waypoints: 8/30
2026-05-13 22:47:55,912 - carla_training - INFO - Step 100 | Speed: 41.6 km/h | Pos: (206.6, 200.9, 0.0) | Dist: 1.77m | Reward: 0.000 | Collisions: 0 | Waypoints: 8/30
